name,provider,rocket,status,launch_time,pad,mission_type,year,month,day,day_of_week,hour,provider_id,rocket_id,mission_type_id,pad_id
Sputnik 8K71PS | Sputnik-1,RVSN USSR,Sputnik 8K71PS,Launch Successful,1957-10-04 19:28:00+00:00,"Site 1/5, Baikonur Cosmodrome, Kazakhstan",Unknown,1957,10,4,Friday,19,40,282,7,83
Sputnik 8K71PS | Sputnik-2,RVSN USSR,Sputnik 8K71PS,Launch Successful,1957-11-03 02:30:00+00:00,"Site 1/5, Baikonur Cosmodrome, Kazakhstan",Unknown,1957,11,3,Sunday,2,40,282,7,83
Vanguard | Vanguard TV3,US Navy,Vanguard,Launch Failure,1957-12-06 16:44:00+00:00,"LC-18A, Cape Canaveral AFS, Florida, USA",Unknown,1957,12,6,Friday,16,49,327,7,26
Juno I | Explorer 1,AMBA,Juno I,Launch Successful,1958-02-01 03:48:00+00:00,"LC-26A, Cape Canaveral AFS, Florida, USA",Unknown,1958,2,1,Saturday,3,1,152,7,31
Vanguard | Vanguard TV3BU,US Navy,Vanguard,Launch Failure,1958-02-05 07:33:00+00:00,"LC-18A, Cape Canaveral AFS, Florida, USA",Unknown,1958,2,5,Wednesday,7,49,327,7,26
Juno I | Explorer 2,AMBA,Juno I,Launch Failure,1958-03-05 18:27:00+00:00,"LC-26A, Cape Canaveral AFS, Florida, USA",Unknown,1958,3,5,Wednesday,18,1,152,7,31
Vanguard | Vanguard 1,US Navy,Vanguard,Launch Successful,1958-03-17 12:15:00+00:00,"LC-18A, Cape Canaveral AFS, Florida, USA",Unknown,1958,3,17,Monday,12,49,327,7,26
Juno I | Explorer 3,AMBA,Juno I,Launch Successful,1958-03-26 17:38:00+00:00,"LC-5, Cape Canaveral AFS, Florida, USA",Unknown,1958,3,26,Wednesday,17,1,152,7,36
Sputnik 8A91 | Sputnik-3 #1,RVSN USSR,Sputnik 8A91,Launch Failure,1958-04-27 09:01:00+00:00,"Site 1/5, Baikonur Cosmodrome, Kazakhstan",Unknown,1958,4,27,Sunday,9,40,281,7,83
Vanguard | Vanguard TV5,US Navy,Vanguard,Launch Failure,1958-04-28 02:53:00+00:00,"LC-18A, Cape Canaveral AFS, Florida, USA",Unknown,1958,4,28,Monday,2,49,327,7,26
Sputnik 8A91 | Sputnik-3 #2,RVSN USSR,Sputnik 8A91,Launch Successful,1958-05-15 07:12:00+00:00,"Site 1/5, Baikonur Cosmodrome, Kazakhstan",Unknown,1958,5,15,Thursday,7,40,281,7,83
Vanguard | Vanguard SLV-1,US Navy,Vanguard,Launch Failure,1958-05-28 03:46:00+00:00,"LC-18A, Cape Canaveral AFS, Florida, USA",Unknown,1958,5,28,Wednesday,3,49,327,7,26
Vanguard | Vanguard SLV-2,US Navy,Vanguard,Launch Failure,1958-06-26 05:00:00+00:00,"LC-18A, Cape Canaveral AFS, Florida, USA",Unknown,1958,6,26,Thursday,5,49,327,7,26
Juno I | Explorer 4,AMBA,Juno I,Launch Successful,1958-07-26 15:00:00+00:00,"LC-5, Cape Canaveral AFS, Florida, USA",Unknown,1958,7,26,Saturday,15,1,152,7,36
Thor-DM 18 Able I | Pioneer 0,US Air Force,Thor-DM 18 Able I,Launch Failure,1958-08-17 12:18:00+00:00,"SLC-17A, Cape Canaveral AFS, Florida, USA",Unknown,1958,8,17,Sunday,12,48,294,7,57
Juno I | Explorer 5,AMBA,Juno I,Launch Failure,1958-08-24 06:17:00+00:00,"LC-5, Cape Canaveral AFS, Florida, USA",Unknown,1958,8,24,Sunday,6,1,152,7,36
Vostok | E-1 n†­1 (Luna-1),RVSN USSR,Vostok,Launch Failure,1958-09-23 07:40:00+00:00,"Site 1/5, Baikonur Cosmodrome, Kazakhstan",Unknown,1958,9,23,Tuesday,7,40,331,7,83
Vanguard | Vanguard SLV-3,US Navy,Vanguard,Launch Failure,1958-09-26 15:38:00+00:00,"LC-18A, Cape Canaveral AFS, Florida, USA",Unknown,1958,9,26,Friday,15,49,327,7,26
Thor-DM 18 Able I | Pioneer 1,NASA,Thor-DM 18 Able I,Partial Failure,1958-10-11 08:42:00+00:00,"SLC-17A, Cape Canaveral AFS, Florida, USA",Unknown,1958,10,11,Saturday,8,35,294,7,57
Vostok | E-1 n†­2 (Luna-1),RVSN USSR,Vostok,Launch Failure,1958-10-11 21:41:00+00:00,"Site 1/5, Baikonur Cosmodrome, Kazakhstan",Unknown,1958,10,11,Saturday,21,40,331,7,83
Juno I | Beacon 1,AMBA,Juno I,Launch Failure,1958-10-23 03:21:00+00:00,"LC-5, Cape Canaveral AFS, Florida, USA",Unknown,1958,10,23,Thursday,3,1,152,7,36
Thor-DM 18 Able I | Pioneer 2,NASA,Thor-DM 18 Able I,Launch Failure,1958-11-08 07:30:00+00:00,"SLC-17A, Cape Canaveral AFS, Florida, USA",Unknown,1958,11,8,Saturday,7,35,294,7,57
Vostok | E-1 n†­3 (Luna-1),RVSN USSR,Vostok,Launch Failure,1958-12-04 18:18:00+00:00,"Site 1/5, Baikonur Cosmodrome, Kazakhstan",Unknown,1958,12,4,Thursday,18,40,331,7,83
Juno II | Pioneer 3,AMBA,Juno II,Partial Failure,1958-12-06 05:44:00+00:00,"LC-5, Cape Canaveral AFS, Florida, USA",Unknown,1958,12,6,Saturday,5,1,153,7,36
SM-65B Atlas | SCORE,US Air Force,SM-65B Atlas,Launch Successful,1958-12-18 23:02:00+00:00,"LC-11, Cape Canaveral AFS, Florida, USA",Unknown,1958,12,18,Thursday,23,48,237,7,21
Vostok | Luna-1,RVSN USSR,Vostok,Partial Failure,1959-01-02 16:41:00+00:00,"Site 1/5, Baikonur Cosmodrome, Kazakhstan",Unknown,1959,1,2,Friday,16,40,331,7,83
Vanguard | Vanguard 2,US Navy,Vanguard,Launch Successful,1959-02-17 15:55:00+00:00,"LC-18A, Cape Canaveral AFS, Florida, USA",Unknown,1959,2,17,Tuesday,15,49,327,7,26
Thor-DM18 Agena-A | Discoverer 1,US Air Force,Thor-DM18 Agena-A,Launch Failure,1959-02-28 21:49:00+00:00,"SLC-1W (75-3-4), Vandenberg AFB, California, USA",Unknown,1959,2,28,Saturday,21,48,295,7,60
Thor-DM18 Agena-A | Discoverer 2,US Air Force,Thor-DM18 Agena-A,Launch Successful,1959-04-13 21:18:00+00:00,"SLC-1W (75-3-4), Vandenberg AFB, California, USA",Unknown,1959,4,13,Monday,21,48,295,7,60
Vanguard | Vanguard SLV-5,US Navy,Vanguard,Launch Failure,1959-04-14 02:49:00+00:00,"LC-18A, Cape Canaveral AFS, Florida, USA",Unknown,1959,4,14,Tuesday,2,49,327,7,26
Thor-DM18 Agena-A | Discoverer 3,US Air Force,Thor-DM18 Agena-A,Launch Failure,1959-06-03 20:09:00+00:00,"SLC-1W (75-3-4), Vandenberg AFB, California, USA",Unknown,1959,6,3,Wednesday,20,48,295,7,60
Vostok | E-1A n†­1 (Luna-2),RVSN USSR,Vostok,Launch Failure,1959-06-18 08:08:00+00:00,"Site 1/5, Baikonur Cosmodrome, Kazakhstan",Unknown,1959,6,18,Thursday,8,40,331,7,83
Vanguard | Vanguard SLV-6,US Navy,Vanguard,Launch Failure,1959-06-22 20:16:00+00:00,"LC-18A, Cape Canaveral AFS, Florida, USA",Unknown,1959,6,22,Monday,20,49,327,7,26
Thor-DM18 Agena-A | Discoverer 4,US Air Force,Thor-DM18 Agena-A,Launch Failure,1959-06-25 22:47:00+00:00,"SLC-1E (75-3-5), Vandenberg AFB, California, USA",Unknown,1959,6,25,Thursday,22,48,295,7,59
Thor DM-18 Able-III | Explorer 6,US Air Force,Thor DM-18 Able-III,Launch Successful,1959-08-07 14:24:00+00:00,"SLC-17A, Cape Canaveral AFS, Florida, USA",Unknown,1959,8,7,Friday,14,48,289,7,57
Thor-DM18 Agena-A | Discoverer 5,US Air Force,Thor-DM18 Agena-A,Launch Successful,1959-08-13 19:00:00+00:00,"SLC-1W (75-3-4), Vandenberg AFB, California, USA",Unknown,1959,8,13,Thursday,19,48,295,7,60
Thor-DM18 Agena-A | Discoverer 6,US Air Force,Thor-DM18 Agena-A,Launch Successful,1959-08-19 19:24:00+00:00,"SLC-1E (75-3-5), Vandenberg AFB, California, USA",Unknown,1959,8,19,Wednesday,19,48,295,7,59
Atlas-D Mercury | Big Joe 1,NASA,Atlas-D Mercury,Partial Failure,1959-09-09 08:19:00+00:00,"LC-14, Cape Canaveral AFS, Florida, USA",Unknown,1959,9,9,Wednesday,8,35,43,7,24
Vostok | Luna-2,RVSN USSR,Vostok,Launch Successful,1959-09-12 06:39:00+00:00,"Site 1/5, Baikonur Cosmodrome, Kazakhstan",Unknown,1959,9,12,Saturday,6,40,331,7,83
Thor DM-18 Able-II | Transit 1A,US Air Force,Thor DM-18 Able-II,Launch Failure,1959-09-17 14:34:00+00:00,"SLC-17A, Cape Canaveral AFS, Florida, USA",Unknown,1959,9,17,Thursday,14,48,288,7,57
Vanguard | Vanguard 3,US Navy,Vanguard,Partial Failure,1959-09-18 05:20:00+00:00,"LC-18A, Cape Canaveral AFS, Florida, USA",Unknown,1959,9,18,Friday,5,49,327,7,26
Vostok | Luna-3,RVSN USSR,Vostok,Launch Successful,1959-10-04 00:43:00+00:00,"Site 1/5, Baikonur Cosmodrome, Kazakhstan",Unknown,1959,10,4,Sunday,0,40,331,7,83
Thor-DM18 Agena-A | Discoverer 7,US Air Force,Thor-DM18 Agena-A,Launch Successful,1959-11-07 20:28:00+00:00,"SLC-1W (75-3-4), Vandenberg AFB, California, USA",Unknown,1959,11,7,Saturday,20,48,295,7,60
Thor-DM18 Agena-A | Discoverer 8,US Air Force,Thor-DM18 Agena-A,Launch Failure,1959-11-20 19:25:00+00:00,"SLC-1E (75-3-5), Vandenberg AFB, California, USA",Unknown,1959,11,20,Friday,19,48,295,7,59
Atlas-D Able | Pioneer P-3,General Dynamics,Atlas-D Able,Launch Failure,1959-11-26 07:26:00+00:00,"LC-14, Cape Canaveral AFS, Florida, USA",Unknown,1959,11,26,Thursday,7,17,42,7,24
Thor-DM18 Agena-A | Discoverer 9,US Air Force,Thor-DM18 Agena-A,Launch Failure,1960-02-04 18:51:00+00:00,"SLC-1W (75-3-4), Vandenberg AFB, California, USA",Unknown,1960,2,4,Thursday,18,48,295,7,60
Thor-DM18 Agena-A | Discoverer 10,US Air Force,Thor-DM18 Agena-A,Launch Failure,1960-02-19 20:15:00+00:00,"SLC-1E (75-3-5), Vandenberg AFB, California, USA",Unknown,1960,2,19,Friday,20,48,295,7,59
Atlas-LV3 Agena-A | Midas 1,General Dynamics,Atlas-LV3 Agena-A,Launch Failure,1960-02-26 17:25:00+00:00,"LC-14, Cape Canaveral AFS, Florida, USA",Unknown,1960,2,26,Friday,17,17,58,7,24
Thor DM-18 Able-IV | Pioneer 5,US Air Force,Thor DM-18 Able-IV,Launch Successful,1960-03-11 13:00:00+00:00,"SLC-17A, Cape Canaveral AFS, Florida, USA",Unknown,1960,3,11,Friday,13,48,290,7,57
Thor DM-18 Able-II | TIROS-1,US Air Force,Thor DM-18 Able-II,Launch Successful,1960-04-01 11:40:00+00:00,"SLC-17A, Cape Canaveral AFS, Florida, USA",Unknown,1960,4,1,Friday,11,48,288,7,57
Thor-DM21 Ablestar | Transit 1B,US Air Force,Thor-DM21 Ablestar,Launch Successful,1960-04-13 12:02:00+00:00,"SLC-17B, Cape Canaveral AFS, Florida, USA",Unknown,1960,4,13,Wednesday,12,48,296,7,58
Vostok | E-3 n†­2 (Luna-3),RVSN USSR,Vostok,Launch Failure,1960-04-15 15:06:00+00:00,"Site 1/5, Baikonur Cosmodrome, Kazakhstan",Unknown,1960,4,15,Friday,15,40,331,7,83
Thor-DM18 Agena-A | Discoverer 11,US Air Force,Thor-DM18 Agena-A,Launch Successful,1960-04-15 20:30:00+00:00,"SLC-1E (75-3-5), Vandenberg AFB, California, USA",Unknown,1960,4,15,Friday,20,48,295,7,59
Thor DM-19 Delta | Echo 1,US Air Force,Thor DM-19 Delta,Launch Failure,1960-05-13 09:16:00+00:00,"SLC-17A, Cape Canaveral AFS, Florida, USA",Unknown,1960,5,13,Friday,9,48,291,7,57
Vostok | Korabl-Sputnik 1,RVSN USSR,Vostok,Launch Successful,1960-05-15 00:00:00+00:00,"Site 1/5, Baikonur Cosmodrome, Kazakhstan",Unknown,1960,5,15,Sunday,0,40,331,7,83
Atlas-LV3 Agena-A | Midas 2,General Dynamics,Atlas-LV3 Agena-A,Launch Successful,1960-05-24 17:36:00+00:00,"LC-14, Cape Canaveral AFS, Florida, USA",Unknown,1960,5,24,Tuesday,17,17,58,7,24
Thor-DM21 Ablestar | Transit 2A & GRAB-1,US Air Force,Thor-DM21 Ablestar,Launch Successful,1960-06-22 05:54:00+00:00,"SLC-17B, Cape Canaveral AFS, Florida, USA",Unknown,1960,6,22,Wednesday,5,48,296,7,58
Thor-DM18 Agena-A | Discoverer 12,US Air Force,Thor-DM18 Agena-A,Launch Failure,1960-06-29 22:00:00+00:00,"SLC-1W (75-3-4), Vandenberg AFB, California, USA",Unknown,1960,6,29,Wednesday,22,48,295,7,60
Vostok | 1K n†­2 (Korabl-Sputnik 2),RVSN USSR,Vostok,Launch Failure,1960-07-28 09:31:00+00:00,"Site 1/5, Baikonur Cosmodrome, Kazakhstan",Unknown,1960,7,28,Thursday,9,40,331,7,83
Atlas-D Mercury | Mercury-Atlas 1 (MA-1),NASA,Atlas-D Mercury,Launch Failure,1960-07-29 13:13:00+00:00,"LC-14, Cape Canaveral AFS, Florida, USA",Unknown,1960,7,29,Friday,13,35,43,7,24
Thor-DM18 Agena-A | Discoverer 13,US Air Force,Thor-DM18 Agena-A,Launch Successful,1960-08-10 20:37:00+00:00,"SLC-1E (75-3-5), Vandenberg AFB, California, USA",Unknown,1960,8,10,Wednesday,20,48,295,7,59
Thor DM-19 Delta | Echo 1A,US Air Force,Thor DM-19 Delta,Launch Successful,1960-08-12 09:39:00+00:00,"SLC-17A, Cape Canaveral AFS, Florida, USA",Unknown,1960,8,12,Friday,9,48,291,7,57
Thor-DM18 Agena-A | Discoverer 14,US Air Force,Thor-DM18 Agena-A,Launch Successful,1960-08-18 19:57:00+00:00,"SLC-1W (75-3-4), Vandenberg AFB, California, USA",Unknown,1960,8,18,Thursday,19,48,295,7,60
Thor-DM21 Ablestar | Courier 1A,US Air Force,Thor-DM21 Ablestar,Launch Failure,1960-08-18 19:58:00+00:00,"SLC-17B, Cape Canaveral AFS, Florida, USA",Unknown,1960,8,18,Thursday,19,48,296,7,58
Vostok | Korabl-Sputnik 2,RVSN USSR,Vostok,Launch Successful,1960-08-19 08:44:00+00:00,"Site 1/5, Baikonur Cosmodrome, Kazakhstan",Unknown,1960,8,19,Friday,8,40,331,7,83
Thor-DM18 Agena-A | Discoverer 15,US Air Force,Thor-DM18 Agena-A,Launch Successful,1960-09-13 22:14:00+00:00,"SLC-1E (75-3-5), Vandenberg AFB, California, USA",Unknown,1960,9,13,Tuesday,22,48,295,7,59
Atlas-D Able | Pioneer P-30,General Dynamics,Atlas-D Able,Launch Failure,1960-09-25 15:13:00+00:00,"LC-12, Cape Canaveral AFS, Florida, USA",Unknown,1960,9,25,Sunday,15,17,42,7,22
Thor-DM21 Ablestar | Courier 1B,US Air Force,Thor-DM21 Ablestar,Launch Successful,1960-10-04 17:50:00+00:00,"SLC-17B, Cape Canaveral AFS, Florida, USA",Unknown,1960,10,4,Tuesday,17,48,296,7,58
Molniya | 1M n†­1 (Marsnik 1),RVSN USSR,Molniya,Launch Failure,1960-10-10 14:27:00+00:00,"Site 1/5, Baikonur Cosmodrome, Kazakhstan",Unknown,1960,10,10,Monday,14,40,194,7,83
Atlas-LV3 Agena-A | Samos 1,General Dynamics,Atlas-LV3 Agena-A,Launch Failure,1960-10-11 20:33:00+00:00,"SLC-3W, Vandenberg AFB, California, USA",Unknown,1960,10,11,Tuesday,20,17,58,7,68
Molniya | 1M n†­2 (Marsnik 2),RVSN USSR,Molniya,Launch Failure,1960-10-14 13:51:00+00:00,"Site 1/5, Baikonur Cosmodrome, Kazakhstan",Unknown,1960,10,14,Friday,13,40,194,7,83
Thor DM-21 Agena-B | Discoverer 16,US Air Force,Thor DM-21 Agena-B,Launch Failure,1960-10-26 20:26:00+00:00,"SLC-1W (75-3-4), Vandenberg AFB, California, USA",Unknown,1960,10,26,Wednesday,20,48,292,7,60
Thor DM-21 Agena-B | Discoverer 17,US Air Force,Thor DM-21 Agena-B,Launch Successful,1960-11-12 20:43:00+00:00,"SLC-1E (75-3-5), Vandenberg AFB, California, USA",Unknown,1960,11,12,Saturday,20,48,292,7,59
Mercury-Redstone | Mercury-Redstone 1 (MR-1),NASA,Mercury-Redstone,Launch Failure,1960-11-21 14:00:00+00:00,"LC-5, Cape Canaveral AFS, Florida, USA",Unknown,1960,11,21,Monday,14,35,189,7,36
Thor DM-19 Delta | TIROS-2,US Air Force,Thor DM-19 Delta,Launch Successful,1960-11-23 11:13:00+00:00,"SLC-17A, Cape Canaveral AFS, Florida, USA",Unknown,1960,11,23,Wednesday,11,48,291,7,57
Thor-DM21 Ablestar | Transit 3A & GRAB-2,US Air Force,Thor-DM21 Ablestar,Launch Failure,1960-11-30 19:50:00+00:00,"SLC-17B, Cape Canaveral AFS, Florida, USA",Unknown,1960,11,30,Wednesday,19,48,296,7,58
Vostok | Korabl-Sputnik 3,RVSN USSR,Vostok,Launch Successful,1960-12-01 07:30:00+00:00,"Site 1/5, Baikonur Cosmodrome, Kazakhstan",Unknown,1960,12,1,Thursday,7,40,331,7,83
Scout X-1 | Explorer (S-56),NASA,Scout X-1,Launch Failure,1960-12-04 21:14:00+00:00,"LA-3, Wallops Flight Facility, Virginia, USA",Unknown,1960,12,4,Sunday,21,35,247,7,15
Thor DM-21 Agena-B | Discoverer 18,US Air Force,Thor DM-21 Agena-B,Launch Successful,1960-12-07 20:20:00+00:00,"SLC-1W (75-3-4), Vandenberg AFB, California, USA",Unknown,1960,12,7,Wednesday,20,48,292,7,60
Atlas-D Able | Pioneer P-31,General Dynamics,Atlas-D Able,Launch Failure,1960-12-15 09:10:00+00:00,"LC-12, Cape Canaveral AFS, Florida, USA",Unknown,1960,12,15,Thursday,9,17,42,7,22
Mercury-Redstone | Mercury-Redstone 1A (MR-1A),NASA,Mercury-Redstone,Launch Successful,1960-12-19 16:15:00+00:00,"LC-5, Cape Canaveral AFS, Florida, USA",Unknown,1960,12,19,Monday,16,35,189,7,36
Thor DM-21 Agena-B | Discoverer 19,US Air Force,Thor DM-21 Agena-B,Launch Successful,1960-12-20 20:32:00+00:00,"SLC-1E (75-3-5), Vandenberg AFB, California, USA",Unknown,1960,12,20,Tuesday,20,48,292,7,59
Vostok | 1K n†­5 (Korabl-Sputnik 3),RVSN USSR,Vostok,Launch Failure,1960-12-22 07:45:00+00:00,"Site 1/5, Baikonur Cosmodrome, Kazakhstan",Unknown,1960,12,22,Thursday,7,40,331,7,83
Mercury-Redstone | Mercury-Redstone 2 (MR-2),NASA,Mercury-Redstone,Launch Successful,1961-01-31 16:55:00+00:00,"LC-5, Cape Canaveral AFS, Florida, USA",Unknown,1961,1,31,Tuesday,16,35,189,7,36
Atlas-LV3 Agena-A | Samos 2,General Dynamics,Atlas-LV3 Agena-A,Launch Successful,1961-01-31 20:21:00+00:00,"SLC-3W, Vandenberg AFB, California, USA",Unknown,1961,1,31,Tuesday,20,17,58,7,68
Molniya | 1VA n†­1 (Venera 1),RVSN USSR,Molniya,Launch Failure,1961-02-04 01:18:00+00:00,"Site 1/5, Baikonur Cosmodrome, Kazakhstan",Unknown,1961,2,4,Saturday,1,40,194,7,83
Molniya | Venera 1,RVSN USSR,Molniya,Launch Successful,1961-02-12 00:34:00+00:00,"Site 1/5, Baikonur Cosmodrome, Kazakhstan",Unknown,1961,2,12,Sunday,0,40,194,7,83
Scout X-1 | Explorer 9 (S-56A),NASA,Scout X-1,Launch Successful,1961-02-16 13:05:00+00:00,"LA-3, Wallops Flight Facility, Virginia, USA",Unknown,1961,2,16,Thursday,13,35,247,7,15
Thor DM-21 Agena-B | Discoverer 20,US Air Force,Thor DM-21 Agena-B,Launch Successful,1961-02-17 20:25:00+00:00,"SLC-1W (75-3-4), Vandenberg AFB, California, USA",Unknown,1961,2,17,Friday,20,48,292,7,60
Thor DM-21 Agena-B | Discoverer 21,US Air Force,Thor DM-21 Agena-B,Launch Successful,1961-02-18 22:58:00+00:00,"SLC-1E (75-3-5), Vandenberg AFB, California, USA",Unknown,1961,2,18,Saturday,22,48,292,7,59
Atlas-D Mercury | Mercury-Atlas 2 (MA-2),NASA,Atlas-D Mercury,Launch Successful,1961-02-21 14:12:00+00:00,"LC-14, Cape Canaveral AFS, Florida, USA",Unknown,1961,2,21,Tuesday,14,35,43,7,24
Thor-DM21 Ablestar | Transit 3B & Lofti 1,US Air Force,Thor-DM21 Ablestar,Launch Successful,1961-02-22 03:45:00+00:00,"SLC-17B, Cape Canaveral AFS, Florida, USA",Unknown,1961,2,22,Wednesday,3,48,296,7,58
Vostok | Korabl-Sputnik 4,RVSN USSR,Vostok,Launch Successful,1961-03-09 06:29:00+00:00,"Site 1/5, Baikonur Cosmodrome, Kazakhstan",Unknown,1961,3,9,Thursday,6,40,331,7,83
Mercury-Redstone | Mercury-Redstone BD (MR-BD),NASA,Mercury-Redstone,Launch Successful,1961-03-24 17:30:00+00:00,"LC-5, Cape Canaveral AFS, Florida, USA",Unknown,1961,3,24,Friday,17,35,189,7,36
Vostok | Korabl-Sputnik 5,RVSN USSR,Vostok,Launch Successful,1961-03-25 05:54:00+00:00,"Site 1/5, Baikonur Cosmodrome, Kazakhstan",Unknown,1961,3,25,Saturday,5,40,331,7,83
Thor DM-19 Delta | Explorer 10,US Air Force,Thor DM-19 Delta,Launch Successful,1961-03-25 15:17:00+00:00,"SLC-17A, Cape Canaveral AFS, Florida, USA",Unknown,1961,3,25,Saturday,15,48,291,7,57
Thor DM-21 Agena-B | Discoverer 22,US Air Force,Thor DM-21 Agena-B,Launch Failure,1961-03-30 20:34:00+00:00,"SLC-1W (75-3-4), Vandenberg AFB, California, USA",Unknown,1961,3,30,Thursday,20,48,292,7,60
Thor DM-21 Agena-B | Discoverer 23,US Air Force,Thor DM-21 Agena-B,Launch Successful,1961-04-08 19:21:00+00:00,"SLC-1E (75-3-5), Vandenberg AFB, California, USA",Unknown,1961,4,8,Saturday,19,48,292,7,59
Vostok | Vostok 1,RVSN USSR,Vostok,Launch Successful,1961-04-12 06:07:00+00:00,"Site 1/5, Baikonur Cosmodrome, Kazakhstan",Unknown,1961,4,12,Wednesday,6,40,331,7,83
Atlas-D Mercury | Mercury-Atlas 3 (MA-3),NASA,Atlas-D Mercury,Launch Failure,1961-04-25 16:15:00+00:00,"LC-14, Cape Canaveral AFS, Florida, USA",Unknown,1961,4,25,Tuesday,16,35,43,7,24
Mercury-Redstone | Freedom 7 (MR-3),NASA,Mercury-Redstone,Launch Successful,1961-05-05 14:34:00+00:00,"LC-5, Cape Canaveral AFS, Florida, USA",Unknown,1961,5,5,Friday,14,35,189,7,36
Thor DM-21 Agena-B | Discoverer 24,US Air Force,Thor DM-21 Agena-B,Launch Failure,1961-06-08 21:16:00+00:00,"SLC-1W (75-3-4), Vandenberg AFB, California, USA",Unknown,1961,6,8,Thursday,21,48,292,7,60
Thor DM-21 Agena-B | Discoverer 25,US Air Force,Thor DM-21 Agena-B,Launch Successful,1961-06-16 23:02:00+00:00,"SLC-2E (75-1-1), Vandenberg AFB, California, USA",Unknown,1961,6,16,Friday,23,48,292,7,62
"Thor-DM21 Ablestar | Transit 4A, Injun 1 & GRAB-3",US Air Force,Thor-DM21 Ablestar,Launch Successful,1961-06-29 04:22:00+00:00,"SLC-17B, Cape Canaveral AFS, Florida, USA",Unknown,1961,6,29,Thursday,4,48,296,7,58
Scout X-1 | Explorer (S-55),NASA,Scout X-1,Launch Failure,1961-06-30 17:09:00+00:00,"LA-3, Wallops Flight Facility, Virginia, USA",Unknown,1961,6,30,Friday,17,35,247,7,15
Thor DM-21 Agena-B | Discoverer 26,US Air Force,Thor DM-21 Agena-B,Launch Successful,1961-07-07 23:29:00+00:00,"SLC-1E (75-3-5), Vandenberg AFB, California, USA",Unknown,1961,7,7,Friday,23,48,292,7,59
Thor DM-19 Delta | TIROS-3,US Air Force,Thor DM-19 Delta,Launch Successful,1961-07-12 10:25:00+00:00,"SLC-17A, Cape Canaveral AFS, Florida, USA",Unknown,1961,7,12,Wednesday,10,48,291,7,57
Atlas-LV3 Agena-B | Midas 3,General Dynamics,Atlas-LV3 Agena-B,Launch Successful,1961-07-12 15:11:00+00:00,"SLC-3E, Vandenberg AFB, California, USA",Unknown,1961,7,12,Wednesday,15,17,59,7,67
Mercury-Redstone | Liberty Bell 7 (MR-4),NASA,Mercury-Redstone,Launch Successful,1961-07-21 12:36:00+00:00,"LC-5, Cape Canaveral AFS, Florida, USA",Unknown,1961,7,21,Friday,12,35,189,7,36
Thor DM-21 Agena-B | Discoverer 27,US Air Force,Thor DM-21 Agena-B,Launch Failure,1961-07-21 22:35:00+00:00,"SLC-1W (75-3-4), Vandenberg AFB, California, USA",Unknown,1961,7,21,Friday,22,48,292,7,60
Thor DM-21 Agena-B | Discoverer 28,US Air Force,Thor DM-21 Agena-B,Launch Failure,1961-08-04 00:01:00+00:00,"SLC-2E (75-1-1), Vandenberg AFB, California, USA",Unknown,1961,8,4,Friday,0,48,292,7,62
Vostok | Vostok 2,RVSN USSR,Vostok,Launch Successful,1961-08-06 06:00:00+00:00,"Site 1/5, Baikonur Cosmodrome, Kazakhstan",Unknown,1961,8,6,Sunday,6,40,331,7,83
Thor DM-19 Delta | Explorer 12,US Air Force,Thor DM-19 Delta,Launch Successful,1961-08-16 03:21:00+00:00,"SLC-17A, Cape Canaveral AFS, Florida, USA",Unknown,1961,8,16,Wednesday,3,48,291,7,57
Atlas-LV3 Agena-B | Ranger 1,General Dynamics,Atlas-LV3 Agena-B,Launch Failure,1961-08-23 10:04:00+00:00,"LC-12, Cape Canaveral AFS, Florida, USA",Unknown,1961,8,23,Wednesday,10,17,59,7,22
Scout X-1 | Explorer 13,NASA,Scout X-1,Partial Failure,1961-08-25 18:29:00+00:00,"LA-3, Wallops Flight Facility, Virginia, USA",Unknown,1961,8,25,Friday,18,35,247,7,15
Thor DM-21 Agena-B | Discoverer 29,US Air Force,Thor DM-21 Agena-B,Launch Successful,1961-08-30 20:00:00+00:00,"SLC-1W (75-3-4), Vandenberg AFB, California, USA",Unknown,1961,8,30,Wednesday,20,48,292,7,60
Atlas-LV3 Agena-B | Samos 3,General Dynamics,Atlas-LV3 Agena-B,Launch Failure,1961-09-09 19:28:00+00:00,"SLC-3W, Vandenberg AFB, California, USA",Unknown,1961,9,9,Saturday,19,17,59,7,68
Thor DM-21 Agena-B | Discoverer 30,US Air Force,Thor DM-21 Agena-B,Launch Successful,1961-09-12 19:59:00+00:00,"SLC-1E (75-3-5), Vandenberg AFB, California, USA",Unknown,1961,9,12,Tuesday,19,48,292,7,59
Atlas-D Mercury | Mercury-Atlas 4 (MA-4),NASA,Atlas-D Mercury,Launch Successful,1961-09-13 14:04:00+00:00,"LC-14, Cape Canaveral AFS, Florida, USA",Unknown,1961,9,13,Wednesday,14,35,43,7,24
Thor DM-21 Agena-B | Discoverer 31,US Air Force,Thor DM-21 Agena-B,Launch Successful,1961-09-17 21:00:00+00:00,"SLC-2E (75-1-1), Vandenberg AFB, California, USA",Unknown,1961,9,17,Sunday,21,48,292,7,62
Thor DM-21 Agena-B | Discoverer 32,US Air Force,Thor DM-21 Agena-B,Launch Successful,1961-10-13 19:22:00+00:00,"SLC-1W (75-3-4), Vandenberg AFB, California, USA",Unknown,1961,10,13,Friday,19,48,292,7,60
Atlas-LV3 Agena-B | Midas 4,General Dynamics,Atlas-LV3 Agena-B,Partial Failure,1961-10-21 13:53:00+00:00,"SLC-3E, Vandenberg AFB, California, USA",Unknown,1961,10,21,Saturday,13,17,59,7,67
Thor DM-21 Agena-B | Discoverer 33,US Air Force,Thor DM-21 Agena-B,Launch Failure,1961-10-23 19:23:00+00:00,"SLC-1E (75-3-5), Vandenberg AFB, California, USA",Unknown,1961,10,23,Monday,19,48,292,7,59
Cosmos-2I (63S1) | DS-1 1,RVSN USSR,Cosmos-2I (63S1),Launch Failure,1961-10-27 16:30:00+00:00,"Mayak-2, Kapustin Yar, Russia",Unknown,1961,10,27,Friday,16,40,78,7,47
Blue Scout II | Mercury-Scout 1 (MS-1),NASA,Blue Scout II,Launch Failure,1961-11-01 15:32:00+00:00,"LC-18B, Cape Canaveral AFS, Florida, USA",Unknown,1961,11,1,Wednesday,15,35,74,7,27
Thor DM-21 Agena-B | Discoverer 34,US Air Force,Thor DM-21 Agena-B,Launch Failure,1961-11-05 20:00:00+00:00,"SLC-2E (75-1-1), Vandenberg AFB, California, USA",Unknown,1961,11,5,Sunday,20,48,292,7,62
Thor DM-21 Agena-B | Discoverer 35,US Air Force,Thor DM-21 Agena-B,Launch Successful,1961-11-15 21:23:00+00:00,"SLC-1W (75-3-4), Vandenberg AFB, California, USA",Unknown,1961,11,15,Wednesday,21,48,292,7,60
Thor-DM21 Ablestar | Transit 4B & TRAAC,US Air Force,Thor-DM21 Ablestar,Launch Successful,1961-11-15 22:26:00+00:00,"SLC-17B, Cape Canaveral AFS, Florida, USA",Unknown,1961,11,15,Wednesday,22,48,296,7,58
Atlas-LV3 Agena-B | Ranger 2,General Dynamics,Atlas-LV3 Agena-B,Launch Failure,1961-11-18 08:12:00+00:00,"LC-12, Cape Canaveral AFS, Florida, USA",Unknown,1961,11,18,Saturday,8,17,59,7,22
Atlas-LV3 Agena-B | Samos 4,General Dynamics,Atlas-LV3 Agena-B,Launch Failure,1961-11-22 20:45:00+00:00,"SLC-3W, Vandenberg AFB, California, USA",Unknown,1961,11,22,Wednesday,20,17,59,7,68
Atlas-D Mercury | Mercury-Atlas 5 (MA-5),NASA,Atlas-D Mercury,Launch Successful,1961-11-29 15:08:00+00:00,"LC-14, Cape Canaveral AFS, Florida, USA",Unknown,1961,11,29,Wednesday,15,35,43,7,24
Vostok | Zenit-2 n†­1,RVSN USSR,Vostok,Launch Failure,1961-12-11 09:39:00+00:00,"Site 1/5, Baikonur Cosmodrome, Kazakhstan",Unknown,1961,12,11,Monday,9,40,331,7,83
Thor DM-21 Agena-B | Discoverer 36 & Oscar 1,US Air Force,Thor DM-21 Agena-B,Launch Successful,1961-12-12 20:40:00+00:00,"SLC-1W (75-3-4), Vandenberg AFB, California, USA",Unknown,1961,12,12,Tuesday,20,48,292,7,60
Cosmos-2I (63S1) | DS-1 2,RVSN USSR,Cosmos-2I (63S1),Launch Failure,1961-12-21 12:30:00+00:00,"Mayak-2, Kapustin Yar, Russia",Unknown,1961,12,21,Thursday,12,40,78,7,47
Atlas-LV3 Agena-B | Samos 5,General Dynamics,Atlas-LV3 Agena-B,Partial Failure,1961-12-22 19:12:00+00:00,"SLC-3E, Vandenberg AFB, California, USA",Unknown,1961,12,22,Friday,19,17,59,7,67
Thor DM-21 Agena-B | Discoverer 37,US Air Force,Thor DM-21 Agena-B,Launch Failure,1962-01-13 21:41:00+00:00,"SLC-1W (75-3-4), Vandenberg AFB, California, USA",Unknown,1962,1,13,Saturday,21,48,292,7,60
Thor-DM21 Ablestar | LOFTI-2A & Others,US Air Force,Thor-DM21 Ablestar,Launch Failure,1962-01-24 09:30:00+00:00,"SLC-17B, Cape Canaveral AFS, Florida, USA",Unknown,1962,1,24,Wednesday,9,48,296,7,58
Atlas-LV3 Agena-B | Ranger 3,General Dynamics,Atlas-LV3 Agena-B,Partial Failure,1962-01-26 20:30:00+00:00,"LC-12, Cape Canaveral AFS, Florida, USA",Unknown,1962,1,26,Friday,20,17,59,7,22
Thor DM-19 Delta | TIROS-4,US Air Force,Thor DM-19 Delta,Launch Successful,1962-02-08 12:43:00+00:00,"SLC-17A, Cape Canaveral AFS, Florida, USA",Unknown,1962,2,8,Thursday,12,48,291,7,57
Atlas-D Mercury | Friendship 7 (MA-6),NASA,Atlas-D Mercury,Launch Successful,1962-02-20 14:47:00+00:00,"LC-14, Cape Canaveral AFS, Florida, USA",Unknown,1962,2,20,Tuesday,14,35,43,7,24
Thor DM-21 Agena-B | FTV 2301,US Air Force,Thor DM-21 Agena-B,Partial Failure,1962-02-21 18:44:00+00:00,"SLC-1E (75-3-5), Vandenberg AFB, California, USA",Unknown,1962,2,21,Wednesday,18,48,292,7,59
Thor DM-21 Agena-B | Discoverer 38,US Air Force,Thor DM-21 Agena-B,Launch Successful,1962-02-27 19:39:00+00:00,"SLC-1W (75-3-4), Vandenberg AFB, California, USA",Unknown,1962,2,27,Tuesday,19,48,292,7,60
Thor DM-19 Delta | OSO-1,US Air Force,Thor DM-19 Delta,Launch Successful,1962-03-07 16:06:00+00:00,"SLC-17A, Cape Canaveral AFS, Florida, USA",Unknown,1962,3,7,Wednesday,16,48,291,7,57
Atlas-LV3 Agena-B | Samos 6,General Dynamics,Atlas-LV3 Agena-B,Launch Successful,1962-03-07 22:10:00+00:00,"SLC-3E, Vandenberg AFB, California, USA",Unknown,1962,3,7,Wednesday,22,17,59,7,67
Cosmos-2I (63S1) | Cosmos 1,RVSN USSR,Cosmos-2I (63S1),Launch Successful,1962-03-16 11:59:00+00:00,"Mayak-2, Kapustin Yar, Russia",Unknown,1962,3,16,Friday,11,40,78,7,47
Cosmos-2I (63S1) | Cosmos 2,RVSN USSR,Cosmos-2I (63S1),Launch Successful,1962-04-06 17:15:00+00:00,"Mayak-2, Kapustin Yar, Russia",Unknown,1962,4,6,Friday,17,40,78,7,47
Atlas-LV3 Agena-B | Midas 5,General Dynamics,Atlas-LV3 Agena-B,Launch Successful,1962-04-09 15:04:00+00:00,"SLC-3E, Vandenberg AFB, California, USA",Unknown,1962,4,9,Monday,15,17,59,7,67
Thor DM-21 Agena-B | Discoverer 39,US Air Force,Thor DM-21 Agena-B,Launch Successful,1962-04-18 00:54:00+00:00,"SLC-1E (75-3-5), Vandenberg AFB, California, USA",Unknown,1962,4,18,Wednesday,0,48,292,7,59
Atlas-LV3 Agena-B | Ranger 4,General Dynamics,Atlas-LV3 Agena-B,Launch Successful,1962-04-23 20:50:00+00:00,"LC-12, Cape Canaveral AFS, Florida, USA",Unknown,1962,4,23,Monday,20,17,59,7,22
Cosmos-2I (63S1) | Cosmos 3,RVSN USSR,Cosmos-2I (63S1),Launch Successful,1962-04-24 04:00:00+00:00,"Mayak-2, Kapustin Yar, Russia",Unknown,1962,4,24,Tuesday,4,40,78,7,47
Vostok | Cosmos 4,RVSN USSR,Vostok,Launch Successful,1962-04-26 10:02:00+00:00,"Site 1/5, Baikonur Cosmodrome, Kazakhstan",Unknown,1962,4,26,Thursday,10,40,331,7,83
Scout X-2 | Solrad 4B,NASA,Scout X-2,Launch Failure,1962-04-26 10:49:00+00:00,"LA-3, Wallops Flight Facility, Virginia, USA",Unknown,1962,4,26,Thursday,10,35,248,7,15
Thor DM-19 Delta | Ariel 1,US Air Force,Thor DM-19 Delta,Launch Successful,1962-04-26 18:00:00+00:00,"SLC-17A, Cape Canaveral AFS, Florida, USA",Unknown,1962,4,26,Thursday,18,48,291,7,57
Atlas-LV3 Agena-B | Samos 7,General Dynamics,Atlas-LV3 Agena-B,Launch Successful,1962-04-26 18:56:00+00:00,"SLC-3W, Vandenberg AFB, California, USA",Unknown,1962,4,26,Thursday,18,17,59,7,68
Thor DM-21 Agena-B | FTV 1125,US Air Force,Thor DM-21 Agena-B,Launch Successful,1962-04-29 00:30:00+00:00,"SLC-1W (75-3-4), Vandenberg AFB, California, USA",Unknown,1962,4,29,Sunday,0,48,292,7,60
Atlas-LV3C Centaur-A | AC-1 (Test Vehicle),General Dynamics,Atlas-LV3C Centaur-A,Launch Failure,1962-05-08 19:49:00+00:00,"SLC-36A, Cape Canaveral AFS, Florida, USA",Unknown,1962,5,8,Tuesday,19,17,61,7,64
Thor-DM21 Ablestar | ANNA 1A,US Air Force,Thor-DM21 Ablestar,Launch Failure,1962-05-10 12:06:00+00:00,"SLC-17B, Cape Canaveral AFS, Florida, USA",Unknown,1962,5,10,Thursday,12,48,296,7,58
Thor DM-21 Agena-B | FTV 1126,US Air Force,Thor DM-21 Agena-B,Launch Successful,1962-05-15 19:36:00+00:00,"SLC-1E (75-3-5), Vandenberg AFB, California, USA",Unknown,1962,5,15,Tuesday,19,48,292,7,59
Atlas-D Mercury | Aurora 7 (MA-7),NASA,Atlas-D Mercury,Launch Successful,1962-05-24 12:45:00+00:00,"LC-14, Cape Canaveral AFS, Florida, USA",Unknown,1962,5,24,Thursday,12,35,43,7,24
Cosmos-2I (63S1) | Cosmos 5,RVSN USSR,Cosmos-2I (63S1),Launch Successful,1962-05-28 03:00:00+00:00,"Mayak-2, Kapustin Yar, Russia",Unknown,1962,5,28,Monday,3,40,78,7,47
Thor DM-21 Agena-B | FTV 1128,US Air Force,Thor DM-21 Agena-B,Launch Successful,1962-05-30 01:00:00+00:00,"SLC-2E (75-1-1), Vandenberg AFB, California, USA",Unknown,1962,5,30,Wednesday,1,48,292,7,62
Vostok-2 | Zenit-2 n†­3,RVSN USSR,Vostok-2,Launch Failure,1962-06-01 09:37:00+00:00,"Site 1/5, Baikonur Cosmodrome, Kazakhstan",Unknown,1962,6,1,Friday,9,40,332,7,83
Thor-DM18 Agena-A | FTV 1127 & Oscar 2,US Air Force,Thor-DM18 Agena-A,Launch Successful,1962-06-02 00:31:00+00:00,"SLC-1W (75-3-4), Vandenberg AFB, California, USA",Unknown,1962,6,2,Saturday,0,48,295,7,60
Atlas-LV3 Agena-B | Samos 8,General Dynamics,Atlas-LV3 Agena-B,Launch Successful,1962-06-17 18:14:00+00:00,"SLC-3W, Vandenberg AFB, California, USA",Unknown,1962,6,17,Sunday,18,17,59,7,68
Thor DM-21 Agena-B | FTV 2312,US Air Force,Thor DM-21 Agena-B,Launch Successful,1962-06-18 20:20:00+00:00,"SLC-1E (75-3-5), Vandenberg AFB, California, USA",Unknown,1962,6,18,Monday,20,48,292,7,59
Thor DM-19 Delta | TIROS-5,US Air Force,Thor DM-19 Delta,Launch Successful,1962-06-19 12:19:00+00:00,"SLC-17A, Cape Canaveral AFS, Florida, USA",Unknown,1962,6,19,Tuesday,12,48,291,7,57
Thor DM-21 Agena-B | FTV 1129,US Air Force,Thor DM-21 Agena-B,Launch Successful,1962-06-23 00:30:00+00:00,"SLC-1W (75-3-4), Vandenberg AFB, California, USA",Unknown,1962,6,23,Saturday,0,48,292,7,60
Thor DM-21 Agena-D | FTV 1151,US Air Force,Thor DM-21 Agena-D,Launch Successful,1962-06-28 01:09:00+00:00,"SLC-2E (75-1-1), Vandenberg AFB, California, USA",Unknown,1962,6,28,Thursday,1,48,293,7,62
Cosmos-2I (63S1) | Cosmos 6,RVSN USSR,Cosmos-2I (63S1),Launch Successful,1962-06-30 16:00:00+00:00,"Mayak-2, Kapustin Yar, Russia",Unknown,1962,6,30,Saturday,16,40,78,7,47
Thor DM-19 Delta | Telstar 1,US Air Force,Thor DM-19 Delta,Launch Successful,1962-07-10 08:35:00+00:00,"SLC-17B, Cape Canaveral AFS, Florida, USA",Unknown,1962,7,10,Tuesday,8,48,291,7,58
Atlas-LV3 Agena-B | Samos 9,General Dynamics,Atlas-LV3 Agena-B,Launch Successful,1962-07-18 20:15:00+00:00,"SLC-3W, Vandenberg AFB, California, USA",Unknown,1962,7,18,Wednesday,20,17,59,7,68
Thor DM-21 Agena-B | FTV 1130,US Air Force,Thor DM-21 Agena-B,Launch Successful,1962-07-21 00:56:00+00:00,"SLC-1E (75-3-5), Vandenberg AFB, California, USA",Unknown,1962,7,21,Saturday,0,48,292,7,59
Atlas-LV3 Agena-B | Mariner 1,General Dynamics,Atlas-LV3 Agena-B,Launch Failure,1962-07-22 09:21:00+00:00,"LC-12, Cape Canaveral AFS, Florida, USA",Unknown,1962,7,22,Sunday,9,17,59,7,22
Thor DM-21 Agena-B | FTV 1131,US Air Force,Thor DM-21 Agena-B,Launch Successful,1962-07-28 00:30:00+00:00,"SLC-1W (75-3-4), Vandenberg AFB, California, USA",Unknown,1962,7,28,Saturday,0,48,292,7,60
Vostok-2 | Cosmos 7,RVSN USSR,Vostok-2,Launch Successful,1962-07-28 09:18:00+00:00,"Site 1/5, Baikonur Cosmodrome, Kazakhstan",Unknown,1962,7,28,Saturday,9,40,332,7,83
Thor DM-21 Agena-D | FTV 1152,US Air Force,Thor DM-21 Agena-D,Launch Successful,1962-08-02 00:17:00+00:00,"SLC-2E (75-1-1), Vandenberg AFB, California, USA",Unknown,1962,8,2,Thursday,0,48,293,7,62
Atlas-LV3 Agena-B | Samos 10,General Dynamics,Atlas-LV3 Agena-B,Launch Successful,1962-08-05 17:59:00+00:00,"SLC-3W, Vandenberg AFB, California, USA",Unknown,1962,8,5,Sunday,17,17,59,7,68
Vostok | Vostok 3,RVSN USSR,Vostok,Launch Successful,1962-08-11 08:30:00+00:00,"Site 1/5, Baikonur Cosmodrome, Kazakhstan",Unknown,1962,8,11,Saturday,8,40,331,7,83
Vostok | Vostok 4,RVSN USSR,Vostok,Launch Successful,1962-08-12 08:02:00+00:00,"Site 1/5, Baikonur Cosmodrome, Kazakhstan",Unknown,1962,8,12,Sunday,8,40,331,7,83
Cosmos-2I (63S1) | Cosmos 8,RVSN USSR,Cosmos-2I (63S1),Launch Successful,1962-08-18 15:00:00+00:00,"Mayak-2, Kapustin Yar, Russia",Unknown,1962,8,18,Saturday,15,40,78,7,47
Scout X-2M | DSAP-1 F2 (Program 35),US Air Force,Scout X-2M,Launch Successful,1962-08-23 11:44:00+00:00,"SLC-5, Vandenberg AFB, California, USA",Unknown,1962,8,23,Thursday,11,48,250,7,74
Molniya | 2MV-1 n†­1 (Venera 2),RVSN USSR,Molniya,Launch Failure,1962-08-25 02:56:00+00:00,"Site 1/5, Baikonur Cosmodrome, Kazakhstan",Unknown,1962,8,25,Saturday,2,40,194,7,83
Atlas-LV3 Agena-B | Mariner 2,General Dynamics,Atlas-LV3 Agena-B,Launch Successful,1962-08-27 06:53:00+00:00,"LC-12, Cape Canaveral AFS, Florida, USA",Unknown,1962,8,27,Monday,6,17,59,7,22
Thor DM-21 Agena-D | FTV 1153,US Air Force,Thor DM-21 Agena-D,Launch Successful,1962-08-29 01:00:00+00:00,"SLC-2W, Vandenberg AFB, California, USA",Unknown,1962,8,29,Wednesday,1,48,293,7,63
Molniya | 2MV-1 n†­2 (Venera 2),RVSN USSR,Molniya,Launch Failure,1962-09-01 02:12:00+00:00,"Site 1/5, Baikonur Cosmodrome, Kazakhstan",Unknown,1962,9,1,Saturday,2,40,194,7,83
Thor DM-21 Agena-B | FTV 1132,US Air Force,Thor DM-21 Agena-B,Launch Successful,1962-09-01 20:39:00+00:00,"SLC-1E (75-3-5), Vandenberg AFB, California, USA",Unknown,1962,9,1,Saturday,20,48,292,7,59
Molniya | 2MV-2 n†­1 (Venera 2),RVSN USSR,Molniya,Launch Failure,1962-09-12 00:59:00+00:00,"Site 1/5, Baikonur Cosmodrome, Kazakhstan",Unknown,1962,9,12,Wednesday,0,40,194,7,83
Thor DM-21 Agena-B | FTV 1133 & ERS-2,US Air Force,Thor DM-21 Agena-B,Launch Successful,1962-09-17 23:46:00+00:00,"SLC-1W (75-3-4), Vandenberg AFB, California, USA",Unknown,1962,9,17,Monday,23,48,292,7,60
Thor DM-19 Delta | TIROS-6,US Air Force,Thor DM-19 Delta,Launch Successful,1962-09-18 08:53:00+00:00,"SLC-17A, Cape Canaveral AFS, Florida, USA",Unknown,1962,9,18,Tuesday,8,48,291,7,57
Vostok-2 | Cosmos 9,RVSN USSR,Vostok-2,Launch Successful,1962-09-27 09:40:00+00:00,"Site 1/5, Baikonur Cosmodrome, Kazakhstan",Unknown,1962,9,27,Thursday,9,40,332,7,83
Thor DM-21 Agena-B | Alouette 1 & TAVE,US Air Force,Thor DM-21 Agena-B,Launch Successful,1962-09-29 06:05:00+00:00,"SLC-2E (75-1-1), Vandenberg AFB, California, USA",Unknown,1962,9,29,Saturday,6,48,292,7,62
Thor DM-21 Agena-D | FTV 1154,US Air Force,Thor DM-21 Agena-D,Launch Successful,1962-09-29 23:34:00+00:00,"SLC-2W, Vandenberg AFB, California, USA",Unknown,1962,9,29,Saturday,23,48,293,7,63
Delta A | Explorer 14,US Air Force,Delta A,Launch Successful,1962-10-02 22:11:00+00:00,"SLC-17B, Cape Canaveral AFS, Florida, USA",Unknown,1962,10,2,Tuesday,22,48,85,7,58
Atlas-D Mercury | Sigma 7 (MA-8),NASA,Atlas-D Mercury,Launch Successful,1962-10-03 09:13:00+00:00,"LC-14, Cape Canaveral AFS, Florida, USA",Unknown,1962,10,3,Wednesday,9,35,43,7,24
Thor DM-21 Agena-B | FTV 1134,US Air Force,Thor DM-21 Agena-B,Launch Successful,1962-10-09 18:35:00+00:00,"SLC-1W (75-3-4), Vandenberg AFB, California, USA",Unknown,1962,10,9,Tuesday,18,48,292,7,60
Vostok-2 | Cosmos 10,RVSN USSR,Vostok-2,Launch Successful,1962-10-17 09:00:00+00:00,"Site 1/5, Baikonur Cosmodrome, Kazakhstan",Unknown,1962,10,17,Wednesday,9,40,332,7,83
Atlas-LV3 Agena-B | Ranger 5,General Dynamics,Atlas-LV3 Agena-B,Launch Successful,1962-10-18 16:59:00+00:00,"LC-12, Cape Canaveral AFS, Florida, USA",Unknown,1962,10,18,Thursday,16,17,59,7,22
Cosmos-2I (63S1) | Cosmos 11,RVSN USSR,Cosmos-2I (63S1),Launch Successful,1962-10-20 04:00:00+00:00,"Mayak-2, Kapustin Yar, Russia",Unknown,1962,10,20,Saturday,4,40,78,7,47
Molniya | 2MV-4 n†­1 (Mars 1),RVSN USSR,Molniya,Launch Failure,1962-10-24 17:55:00+00:00,"Site 1/5, Baikonur Cosmodrome, Kazakhstan",Unknown,1962,10,24,Wednesday,17,40,194,7,83
Cosmos-2I (63S1) | 1MS #2,RVSN USSR,Cosmos-2I (63S1),Launch Failure,1962-10-25 07:00:00+00:00,"Mayak-2, Kapustin Yar, Russia",Unknown,1962,10,25,Thursday,7,40,78,7,47
Thor DM-21 Agena-D | STARAD,US Air Force,Thor DM-21 Agena-D,Launch Successful,1962-10-26 16:14:00+00:00,"SLC-2W, Vandenberg AFB, California, USA",Unknown,1962,10,26,Friday,16,48,293,7,63
Delta A | Explorer 15,US Air Force,Delta A,Launch Successful,1962-10-27 23:15:00+00:00,"SLC-17B, Cape Canaveral AFS, Florida, USA",Unknown,1962,10,27,Saturday,23,48,85,7,58
Thor-DM21 Ablestar | ANNA 1B,US Air Force,Thor-DM21 Ablestar,Launch Successful,1962-10-31 08:08:00+00:00,"SLC-17A, Cape Canaveral AFS, Florida, USA",Unknown,1962,10,31,Wednesday,8,48,296,7,57
Molniya | Mars 1,RVSN USSR,Molniya,Launch Successful,1962-11-01 16:14:00+00:00,"Site 1/5, Baikonur Cosmodrome, Kazakhstan",Unknown,1962,11,1,Thursday,16,40,194,7,83
Molniya | 2MV-3 n†­1 (Mars 2),RVSN USSR,Molniya,Launch Failure,1962-11-04 15:35:00+00:00,"Site 1/5, Baikonur Cosmodrome, Kazakhstan",Unknown,1962,11,4,Sunday,15,40,194,7,83
Thor DM-21 Agena-B | FTV 1136,US Air Force,Thor DM-21 Agena-B,Launch Successful,1962-11-05 22:04:00+00:00,"SLC-1W (75-3-4), Vandenberg AFB, California, USA",Unknown,1962,11,5,Monday,22,48,292,7,60
Atlas-LV3 Agena-B | Samos 11,General Dynamics,Atlas-LV3 Agena-B,Launch Successful,1962-11-11 20:17:00+00:00,"SLC-3W, Vandenberg AFB, California, USA",Unknown,1962,11,11,Sunday,20,17,59,7,68
Thor DM-21 Agena-B | FTV 1135,US Air Force,Thor DM-21 Agena-B,Launch Successful,1962-11-24 22:01:00+00:00,"SLC-1W (75-3-4), Vandenberg AFB, California, USA",Unknown,1962,11,24,Saturday,22,48,292,7,60
Thor DM-21 Agena-D | FTV 1155,US Air Force,Thor DM-21 Agena-D,Launch Successful,1962-12-04 21:30:00+00:00,"SLC-2E (75-1-1), Vandenberg AFB, California, USA",Unknown,1962,12,4,Tuesday,21,48,293,7,62
Thor DM-21 Agena-D | Injun 3 & Others,US Air Force,Thor DM-21 Agena-D,Launch Successful,1962-12-13 04:07:00+00:00,"SLC-2E (75-1-1), Vandenberg AFB, California, USA",Unknown,1962,12,13,Thursday,4,48,293,7,62
Delta B | Relay 1,US Air Force,Delta B,Launch Successful,1962-12-13 23:30:00+00:00,"SLC-17A, Cape Canaveral AFS, Florida, USA",Unknown,1962,12,13,Thursday,23,48,86,7,57
Thor DM-21 Agena-D | FTV 1156,US Air Force,Thor DM-21 Agena-D,Launch Successful,1962-12-14 21:26:00+00:00,"SLC-1E (75-3-5), Vandenberg AFB, California, USA",Unknown,1962,12,14,Friday,21,48,293,7,59
Scout X-3 | Explorer 16 (S-55B),NASA,Scout X-3,Launch Successful,1962-12-16 14:33:00+00:00,"LA-3, Wallops Flight Facility, Virginia, USA",Unknown,1962,12,16,Sunday,14,35,251,7,15
Atlas-LV3 Agena-B | Midas 6,General Dynamics,Atlas-LV3 Agena-B,Launch Failure,1962-12-17 20:36:00+00:00,"SLC-3E, Vandenberg AFB, California, USA",Unknown,1962,12,17,Monday,20,17,59,7,67
Scout X-3 | Transit-5A 1,US Air Force,Scout X-3,Launch Successful,1962-12-19 01:25:00+00:00,"SLC-5, Vandenberg AFB, California, USA",Unknown,1962,12,19,Wednesday,1,48,251,7,74
Vostok-2 | Cosmos 12,RVSN USSR,Vostok-2,Launch Successful,1962-12-22 09:24:00+00:00,"Site 1/5, Baikonur Cosmodrome, Kazakhstan",Unknown,1962,12,22,Saturday,9,40,332,7,83
Molniya | E-6 n†­1 (Luna 4),RVSN USSR,Molniya,Launch Failure,1963-01-04 08:49:00+00:00,"Site 1/5, Baikonur Cosmodrome, Kazakhstan",Unknown,1963,1,4,Friday,8,40,194,7,83
Molniya | E-6 n†­2 (Luna 4),RVSN USSR,Molniya,Launch Failure,1963-02-03 09:29:00+00:00,"Site 1/5, Baikonur Cosmodrome, Kazakhstan",Unknown,1963,2,3,Sunday,9,40,194,7,83
Scout X-3M | DSAP-1 F3 (Program 35),US Air Force,Scout X-3M,Launch Successful,1963-02-19 16:33:00+00:00,"SLC-5, Vandenberg AFB, California, USA",Unknown,1963,2,19,Tuesday,16,48,252,7,74
Vostok-2 | Cosmos 13,RVSN USSR,Vostok-2,Launch Successful,1963-03-21 08:30:00+00:00,"Site 1/5, Baikonur Cosmodrome, Kazakhstan",Unknown,1963,3,21,Thursday,8,40,332,7,83
Molniya | Luna 4,RVSN USSR,Molniya,Launch Successful,1963-04-02 08:04:00+00:00,"Site 1/5, Baikonur Cosmodrome, Kazakhstan",Unknown,1963,4,2,Tuesday,8,40,194,7,83
Scout X-3 | Transit-5A 2,US Air Force,Scout X-3,Launch Failure,1963-04-05 03:01:00+00:00,"SLC-5, Vandenberg AFB, California, USA",Unknown,1963,4,5,Friday,3,48,251,7,74
Cosmos-2I (63S1) | DS-P1 #2,RVSN USSR,Cosmos-2I (63S1),Launch Failure,1963-04-06 03:01:00+00:00,"Mayak-2, Kapustin Yar, Russia",Unknown,1963,4,6,Saturday,3,40,78,7,47
Cosmos-2I (63S1) | Cosmos 14,RVSN USSR,Cosmos-2I (63S1),Launch Successful,1963-04-13 11:00:00+00:00,"Mayak-2, Kapustin Yar, Russia",Unknown,1963,4,13,Saturday,11,40,78,7,47
Vostok-2 | Cosmos 15,RVSN USSR,Vostok-2,Launch Successful,1963-04-22 08:30:00+00:00,"Site 1/5, Baikonur Cosmodrome, Kazakhstan",Unknown,1963,4,22,Monday,8,40,332,7,83
Vostok-2 | Cosmos 16,RVSN USSR,Vostok-2,Launch Successful,1963-04-28 08:49:00+00:00,"Site 1/5, Baikonur Cosmodrome, Kazakhstan",Unknown,1963,4,28,Sunday,8,40,332,7,83
Atlas-LV3 Agena-B | Midas 7,General Dynamics,Atlas-LV3 Agena-B,Launch Successful,1963-05-09 20:06:00+00:00,"SLC-3E, Vandenberg AFB, California, USA",Unknown,1963,5,9,Thursday,20,17,59,7,67
Atlas-D Mercury | Faith 7 (MA-9),NASA,Atlas-D Mercury,Launch Successful,1963-05-15 13:04:00+00:00,"LC-14, Cape Canaveral AFS, Florida, USA",Unknown,1963,5,15,Wednesday,13,35,43,7,24
Cosmos-2I (63S1) | Cosmos 17,RVSN USSR,Cosmos-2I (63S1),Launch Successful,1963-05-22 03:00:00+00:00,"Mayak-2, Kapustin Yar, Russia",Unknown,1963,5,22,Wednesday,3,40,78,7,47
Vostok-2 | Cosmos 18,RVSN USSR,Vostok-2,Launch Successful,1963-05-24 10:34:00+00:00,"Site 1/5, Baikonur Cosmodrome, Kazakhstan",Unknown,1963,5,24,Friday,10,40,332,7,83
Vostok | Vostok 5,RVSN USSR,Vostok,Launch Successful,1963-06-14 11:58:00+00:00,"Site 1/5, Baikonur Cosmodrome, Kazakhstan",Unknown,1963,6,14,Friday,11,40,331,7,83
Scout X-3 | Transit-5A 3,US Air Force,Scout X-3,Launch Successful,1963-06-16 01:49:00+00:00,"SLC-5, Vandenberg AFB, California, USA",Unknown,1963,6,16,Sunday,1,48,251,7,74
Vostok | Vostok 6,RVSN USSR,Vostok,Launch Successful,1963-06-16 09:29:00+00:00,"Site 1/5, Baikonur Cosmodrome, Kazakhstan",Unknown,1963,6,16,Sunday,9,40,331,7,83
Scout X-4 | CRL-1 (GRS),US Air Force,Scout X-4,Launch Successful,1963-06-28 21:19:00+00:00,"SLC-5, Vandenberg AFB, California, USA",Unknown,1963,6,28,Friday,21,48,253,7,74
Vostok-2 | Zenit-2 n†­12,RVSN USSR,Vostok-2,Launch Failure,1963-07-10 10:03:00+00:00,"Site 1/5, Baikonur Cosmodrome, Kazakhstan",Unknown,1963,7,10,Wednesday,10,40,332,7,83
Atlas-LV3 Agena-D | KH-7 Gambit 4001,General Dynamics,Atlas-LV3 Agena-D,Launch Successful,1963-07-12 20:46:00+00:00,"SLC-4W, Vandenberg AFB, California, USA",Unknown,1963,7,12,Friday,20,17,60,7,73
Atlas-LV3 Agena-B | Midas 9,General Dynamics,Atlas-LV3 Agena-B,Launch Successful,1963-07-19 03:51:00+00:00,"SLC-3E, Vandenberg AFB, California, USA",Unknown,1963,7,19,Friday,3,17,59,7,67
Cosmos-2I (63S1) | Cosmos 19,RVSN USSR,Cosmos-2I (63S1),Launch Successful,1963-08-06 06:00:00+00:00,"Mayak-2, Kapustin Yar, Russia",Unknown,1963,8,6,Tuesday,6,40,78,7,47
Cosmos-2I (63S1) | DS-A1 #3,RVSN USSR,Cosmos-2I (63S1),Launch Failure,1963-08-22 06:00:00+00:00,"Mayak-2, Kapustin Yar, Russia",Unknown,1963,8,22,Thursday,6,40,78,7,47
Atlas-LV3 Agena-D | KH-7 Gambit 4002,General Dynamics,Atlas-LV3 Agena-D,Launch Successful,1963-09-06 19:30:00+00:00,"SLC-4W, Vandenberg AFB, California, USA",Unknown,1963,9,6,Friday,19,17,60,7,73
Scout X-2B | DSAP-1 F5 (Program 35),US Air Force,Scout X-2B,Launch Failure,1963-09-27 11:17:00+00:00,"SLC-5, Vandenberg AFB, California, USA",Unknown,1963,9,27,Friday,11,48,249,7,74
Atlas-LV3 Agena-D | Vela 1A/1B,General Dynamics,Atlas-LV3 Agena-D,Launch Successful,1963-10-17 02:37:00+00:00,"LC-13, Cape Canaveral AFS, Florida, USA",Unknown,1963,10,17,Thursday,2,17,60,7,23
Vostok-2 | Cosmos 20,RVSN USSR,Vostok-2,Launch Successful,1963-10-18 09:29:00+00:00,"Site 1/5, Baikonur Cosmodrome, Kazakhstan",Unknown,1963,10,18,Friday,9,40,332,7,83
Cosmos-2I (63S1) | DS-A1 #4,RVSN USSR,Cosmos-2I (63S1),Launch Failure,1963-10-24 04:30:00+00:00,"Mayak-2, Kapustin Yar, Russia",Unknown,1963,10,24,Thursday,4,40,78,7,47
Atlas-LV3 Agena-D | KH-7 Gambit 4003,General Dynamics,Atlas-LV3 Agena-D,Launch Successful,1963-10-25 18:59:00+00:00,"SLC-4W, Vandenberg AFB, California, USA",Unknown,1963,10,25,Friday,18,17,60,7,73
Poliot | Poliot-1,RVSN USSR,Poliot,Launch Successful,1963-11-01 08:56:00+00:00,"Site 1/5, Baikonur Cosmodrome, Kazakhstan",Unknown,1963,11,1,Friday,8,40,225,7,83
Molniya | Cosmos 21,RVSN USSR,Molniya,Launch Successful,1963-11-11 06:23:00+00:00,"Site 1/5, Baikonur Cosmodrome, Kazakhstan",Unknown,1963,11,11,Monday,6,40,194,7,83
Voskhod | Cosmos 22,RVSN USSR,Voskhod,Launch Successful,1963-11-16 10:34:00+00:00,"Site 1/5, Baikonur Cosmodrome, Kazakhstan",Unknown,1963,11,16,Saturday,10,40,330,7,83
Atlas-LV3C Centaur-B | AC-2 (Test Vehicle),General Dynamics,Atlas-LV3C Centaur-B,Launch Successful,1963-11-27 19:03:00+00:00,"SLC-36A, Cape Canaveral AFS, Florida, USA",Unknown,1963,11,27,Wednesday,19,17,62,7,64
Vostok-2 | Zenit-2 n†­14,RVSN USSR,Vostok-2,Launch Failure,1963-11-28 09:19:00+00:00,"Site 1/5, Baikonur Cosmodrome, Kazakhstan",Unknown,1963,11,28,Thursday,9,40,332,7,83
Cosmos-2I (63S1) | Cosmos 23,RVSN USSR,Cosmos-2I (63S1),Launch Successful,1963-12-13 14:15:00+00:00,"Mayak-2, Kapustin Yar, Russia",Unknown,1963,12,13,Friday,14,40,78,7,47
Atlas-LV3 Agena-D | KH-7 Gambit 4004,General Dynamics,Atlas-LV3 Agena-D,Launch Successful,1963-12-18 21:45:00+00:00,"SLC-4W, Vandenberg AFB, California, USA",Unknown,1963,12,18,Wednesday,21,17,60,7,73
Vostok-2 | Cosmos 24,RVSN USSR,Vostok-2,Launch Successful,1963-12-19 09:28:00+00:00,"Site 1/5, Baikonur Cosmodrome, Kazakhstan",Unknown,1963,12,19,Thursday,9,40,332,7,83
Scout X-4 | Explorer 19 (AD-A),NASA,Scout X-4,Launch Successful,1963-12-19 18:49:00+00:00,"SLC-5, Vandenberg AFB, California, USA",Unknown,1963,12,19,Thursday,18,35,253,7,74
Saturn I | SA-5,NASA,Saturn I,Launch Successful,1964-01-29 16:25:00+00:00,"LC-34, Cape Canaveral AFS, Florida, USA",Unknown,1964,1,29,Wednesday,16,35,239,7,33
Vostok | Elektron 1 & 2,RVSN USSR,Vostok,Launch Successful,1964-01-30 09:45:00+00:00,"Site 1/5, Baikonur Cosmodrome, Kazakhstan",Unknown,1964,1,30,Thursday,9,40,331,7,83
Atlas-LV3 Agena-B | Ranger 6,General Dynamics,Atlas-LV3 Agena-B,Launch Successful,1964-01-30 15:49:00+00:00,"LC-12, Cape Canaveral AFS, Florida, USA",Unknown,1964,1,30,Thursday,15,17,59,7,22
Molniya | 3MV-1 n†­2 (Zond 1),RVSN USSR,Molniya,Launch Failure,1964-02-19 05:47:00+00:00,"Site 1/5, Baikonur Cosmodrome, Kazakhstan",Unknown,1964,2,19,Wednesday,5,40,194,7,83
Atlas-LV3 Agena-D | KH-7 Gambit 4005,General Dynamics,Atlas-LV3 Agena-D,Launch Successful,1964-02-25 18:59:00+00:00,"SLC-4W, Vandenberg AFB, California, USA",Unknown,1964,2,25,Tuesday,18,17,60,7,73
Cosmos-2I (63S1) | Cosmos 25,RVSN USSR,Cosmos-2I (63S1),Launch Successful,1964-02-27 13:26:00+00:00,"Mayak-2, Kapustin Yar, Russia",Unknown,1964,2,27,Thursday,13,40,78,7,47
Atlas-LV3 Agena-D | KH-7 Gambit 4006,General Dynamics,Atlas-LV3 Agena-D,Launch Successful,1964-03-11 20:14:00+00:00,"SLC-4W, Vandenberg AFB, California, USA",Unknown,1964,3,11,Wednesday,20,17,60,7,73
Cosmos-2I (63S1) | Cosmos 26,RVSN USSR,Cosmos-2I (63S1),Launch Successful,1964-03-18 15:07:00+00:00,"Mayak-2, Kapustin Yar, Russia",Unknown,1964,3,18,Wednesday,15,40,78,7,47
Molniya | E-6 n†­6,RVSN USSR,Molniya,Launch Failure,1964-03-21 08:15:00+00:00,"Site 1/5, Baikonur Cosmodrome, Kazakhstan",Unknown,1964,3,21,Saturday,8,40,194,7,83
Molniya | Cosmos 27,RVSN USSR,Molniya,Partial Failure,1964-03-27 03:24:00+00:00,"Site 1/5, Baikonur Cosmodrome, Kazakhstan",Unknown,1964,3,27,Friday,3,40,194,7,83
Molniya | Zond 1,RVSN USSR,Molniya,Launch Successful,1964-04-02 02:42:00+00:00,"Site 1/5, Baikonur Cosmodrome, Kazakhstan",Unknown,1964,4,2,Thursday,2,40,194,7,83
Vostok-2 | Cosmos 28,RVSN USSR,Vostok-2,Launch Successful,1964-04-04 09:45:00+00:00,"Site 31/6, Baikonur Cosmodrome, Kazakhstan",Unknown,1964,4,4,Saturday,9,40,332,7,101
Titan II GLV | Gemini 1,NASA,Titan II GLV,Launch Successful,1964-04-08 16:01:00+00:00,"LC-19, Cape Canaveral AFS, Florida, USA",Unknown,1964,4,8,Wednesday,16,35,298,7,28
Poliot | Poliot-2,RVSN USSR,Poliot,Launch Successful,1964-04-12 09:31:00+00:00,"Site 1/5, Baikonur Cosmodrome, Kazakhstan",Unknown,1964,4,12,Sunday,9,40,225,7,83
Molniya | E-6 n†­5 (Luna 5),RVSN USSR,Molniya,Launch Failure,1964-04-20 08:08:00+00:00,"Site 1/5, Baikonur Cosmodrome, Kazakhstan",Unknown,1964,4,20,Monday,8,40,194,7,83
Atlas-LV3 Agena-D | KH-7 Gambit 4007,General Dynamics,Atlas-LV3 Agena-D,Launch Successful,1964-04-23 16:19:00+00:00,"SLC-4W, Vandenberg AFB, California, USA",Unknown,1964,4,23,Thursday,16,17,60,7,73
Vostok-2 | Cosmos 29,RVSN USSR,Vostok-2,Launch Successful,1964-04-25 10:21:00+00:00,"Site 31/6, Baikonur Cosmodrome, Kazakhstan",Unknown,1964,4,25,Saturday,10,40,332,7,101
Voskhod | Cosmos 30,RVSN USSR,Voskhod,Launch Successful,1964-05-18 09:42:00+00:00,"Site 1/5, Baikonur Cosmodrome, Kazakhstan",Unknown,1964,5,18,Monday,9,40,330,7,83
Atlas-LV3 Agena-D | KH-7 Gambit 4008,General Dynamics,Atlas-LV3 Agena-D,Launch Successful,1964-05-19 19:21:00+00:00,"SLC-4W, Vandenberg AFB, California, USA",Unknown,1964,5,19,Tuesday,19,17,60,7,73
Saturn I | A-101,NASA,Saturn I,Launch Successful,1964-05-28 17:07:00+00:00,"SLC-37B, Cape Canaveral AFS, Florida, USA",Unknown,1964,5,28,Thursday,17,35,239,7,66
Molniya | Molniya-1 n†­1,RVSN USSR,Molniya,Launch Failure,1964-06-04 04:00:00+00:00,"Site 1/5, Baikonur Cosmodrome, Kazakhstan",Unknown,1964,6,4,Thursday,4,40,194,7,83
Cosmos-2I (63S1) | Cosmos 31,RVSN USSR,Cosmos-2I (63S1),Launch Successful,1964-06-06 06:00:00+00:00,"Mayak-2, Kapustin Yar, Russia",Unknown,1964,6,6,Saturday,6,40,78,7,47
Vostok-2 | Cosmos 32,RVSN USSR,Vostok-2,Launch Successful,1964-06-10 11:00:00+00:00,"Site 31/6, Baikonur Cosmodrome, Kazakhstan",Unknown,1964,6,10,Wednesday,11,40,332,7,101
Vostok-2 | Cosmos 33,RVSN USSR,Vostok-2,Launch Successful,1964-06-23 10:00:00+00:00,"Site 31/6, Baikonur Cosmodrome, Kazakhstan",Unknown,1964,6,23,Tuesday,10,40,332,7,101
Atlas-LV3C Centaur-C | AC-3 (Test Vehicle),General Dynamics,Atlas-LV3C Centaur-C,Launch Failure,1964-06-30 14:04:00+00:00,"SLC-36A, Cape Canaveral AFS, Florida, USA",Unknown,1964,6,30,Tuesday,14,17,63,7,64
Voskhod | Cosmos 34,RVSN USSR,Voskhod,Launch Successful,1964-07-01 11:00:00+00:00,"Site 1/5, Baikonur Cosmodrome, Kazakhstan",Unknown,1964,7,1,Wednesday,11,40,330,7,83
Atlas-LV3 Agena-D | KH-7 Gambit 4009,General Dynamics,Atlas-LV3 Agena-D,Launch Successful,1964-07-06 18:51:00+00:00,"SLC-4W, Vandenberg AFB, California, USA",Unknown,1964,7,6,Monday,18,17,60,7,73
Vostok-2 | Cosmos 35,RVSN USSR,Vostok-2,Launch Successful,1964-07-15 11:27:00+00:00,"Site 31/6, Baikonur Cosmodrome, Kazakhstan",Unknown,1964,7,15,Wednesday,11,40,332,7,101
Atlas-LV3 Agena-D | Vela 2A/2B,General Dynamics,Atlas-LV3 Agena-D,Launch Successful,1964-07-17 02:37:00+00:00,"LC-13, Cape Canaveral AFS, Florida, USA",Unknown,1964,7,17,Friday,2,17,60,7,23
Atlas-LV3 Agena-B | Ranger 7,General Dynamics,Atlas-LV3 Agena-B,Launch Successful,1964-07-28 16:50:00+00:00,"LC-12, Cape Canaveral AFS, Florida, USA",Unknown,1964,7,28,Tuesday,16,17,59,7,22
Cosmos-2I (63S1) | Cosmos 36,RVSN USSR,Cosmos-2I (63S1),Launch Successful,1964-07-30 03:36:00+00:00,"Mayak-2, Kapustin Yar, Russia",Unknown,1964,7,30,Thursday,3,40,78,7,47
Vostok-2 | Cosmos 37,RVSN USSR,Vostok-2,Launch Successful,1964-08-14 09:30:00+00:00,"Site 31/6, Baikonur Cosmodrome, Kazakhstan",Unknown,1964,8,14,Friday,9,40,332,7,101
Atlas-SLV3 Agena-D | KH-7 Gambit 4010,General Dynamics,Atlas-SLV3 Agena-D,Launch Successful,1964-08-14 22:00:00+00:00,"SLC-4E, Vandenberg AFB, California, USA",Unknown,1964,8,14,Friday,22,17,66,7,72
"Cosmos-1 (65S3) | Cosmos 38, 39 & 40",RVSN USSR,Cosmos-1 (65S3),Launch Successful,1964-08-18 09:15:00+00:00,"Site 41/15, Baikonur Cosmodrome, Kazakhstan",Unknown,1964,8,18,Tuesday,9,40,77,7,107
Molniya | Cosmos 41,RVSN USSR,Molniya,Launch Successful,1964-08-22 07:21:00+00:00,"Site 1/5, Baikonur Cosmodrome, Kazakhstan",Unknown,1964,8,22,Saturday,7,40,194,7,83
Cosmos-2I (63S1) | Cosmos 42 & 43,RVSN USSR,Cosmos-2I (63S1),Launch Successful,1964-08-22 11:02:00+00:00,"Mayak-2, Kapustin Yar, Russia",Unknown,1964,8,22,Saturday,11,40,78,7,47
Vostok-2M | Cosmos 44,RVSN USSR,Vostok-2M,Launch Successful,1964-08-28 16:00:00+00:00,"Site 31/6, Baikonur Cosmodrome, Kazakhstan",Unknown,1964,8,28,Friday,16,40,334,7,101
Titan IIIA | Transtage 1,US Air Force,Titan IIIA,Launch Failure,1964-09-01 15:00:00+00:00,"SLC-20, Cape Canaveral AFS, Florida, USA",Unknown,1964,9,1,Tuesday,15,48,304,7,61
Atlas-LV3 Agena-B | OGO 1,General Dynamics,Atlas-LV3 Agena-B,Launch Successful,1964-09-05 01:23:00+00:00,"LC-12, Cape Canaveral AFS, Florida, USA",Unknown,1964,9,5,Saturday,1,17,59,7,22
Voskhod | Cosmos 45,RVSN USSR,Voskhod,Launch Successful,1964-09-13 09:45:00+00:00,"Site 1/5, Baikonur Cosmodrome, Kazakhstan",Unknown,1964,9,13,Sunday,9,40,330,7,83
Saturn I | A-102,NASA,Saturn I,Launch Successful,1964-09-18 16:22:00+00:00,"SLC-37B, Cape Canaveral AFS, Florida, USA",Unknown,1964,9,18,Friday,16,35,239,7,66
Atlas-SLV3 Agena-D | KH-7 Gambit 4011,General Dynamics,Atlas-SLV3 Agena-D,Launch Successful,1964-09-23 13:10:00+00:00,"SLC-4E, Vandenberg AFB, California, USA",Unknown,1964,9,23,Wednesday,13,17,66,7,72
Vostok-2 | Cosmos 46,RVSN USSR,Vostok-2,Launch Successful,1964-09-24 12:04:00+00:00,"Site 31/6, Baikonur Cosmodrome, Kazakhstan",Unknown,1964,9,24,Thursday,12,40,332,7,101
Voskhod | Cosmos 47,RVSN USSR,Voskhod,Launch Successful,1964-10-06 07:00:00+00:00,"Site 1/5, Baikonur Cosmodrome, Kazakhstan",Unknown,1964,10,6,Tuesday,7,40,330,7,83
Voskhod | Voskhod 1,RVSN USSR,Voskhod,Launch Successful,1964-10-12 07:30:00+00:00,"Site 1/5, Baikonur Cosmodrome, Kazakhstan",Unknown,1964,10,12,Monday,7,40,330,7,83
Vostok-2 | Cosmos 48,RVSN USSR,Vostok-2,Launch Successful,1964-10-14 10:00:00+00:00,"Site 31/6, Baikonur Cosmodrome, Kazakhstan",Unknown,1964,10,14,Wednesday,10,40,332,7,101
Atlas-LV3 Agena-D | KH-7 Gambit 4013,General Dynamics,Atlas-LV3 Agena-D,Launch Successful,1964-10-23 18:30:00+00:00,"SLC-4W, Vandenberg AFB, California, USA",Unknown,1964,10,23,Friday,18,17,60,7,73
Cosmos-2I (63S1) | Cosmos 49,RVSN USSR,Cosmos-2I (63S1),Launch Successful,1964-10-24 05:16:00+00:00,"Mayak-2, Kapustin Yar, Russia",Unknown,1964,10,24,Saturday,5,40,78,7,47
Vostok-2 | Cosmos 50,RVSN USSR,Vostok-2,Launch Successful,1964-10-28 10:40:00+00:00,"Site 31/6, Baikonur Cosmodrome, Kazakhstan",Unknown,1964,10,28,Wednesday,10,40,332,7,101
Atlas-LV3 Agena-D | Mariner 3,General Dynamics,Atlas-LV3 Agena-D,Launch Failure,1964-11-05 19:22:00+00:00,"LC-13, Cape Canaveral AFS, Florida, USA",Unknown,1964,11,5,Thursday,19,17,60,7,23
Atlas-LV3 Agena-D | Mariner 4,General Dynamics,Atlas-LV3 Agena-D,Launch Successful,1964-11-28 14:22:00+00:00,"LC-12, Cape Canaveral AFS, Florida, USA",Unknown,1964,11,28,Saturday,14,17,60,7,22
Molniya | Zond 2,RVSN USSR,Molniya,Launch Successful,1964-11-30 13:12:00+00:00,"Site 1/5, Baikonur Cosmodrome, Kazakhstan",Unknown,1964,11,30,Monday,13,40,194,7,83
Atlas-SLV3 Agena-D | KH-7 Gambit 4014,General Dynamics,Atlas-SLV3 Agena-D,Launch Successful,1964-12-04 18:57:00+00:00,"SLC-4E, Vandenberg AFB, California, USA",Unknown,1964,12,4,Friday,18,17,66,7,72
Cosmos-2I (63S1) | Cosmos 51,RVSN USSR,Cosmos-2I (63S1),Launch Successful,1964-12-09 23:02:00+00:00,"Site 86/1, Kapustin Yar, Russia",Unknown,1964,12,9,Wednesday,23,40,78,7,115
Titan IIIA | Transtage 2,US Air Force,Titan IIIA,Launch Successful,1964-12-10 16:52:00+00:00,"SLC-20, Cape Canaveral AFS, Florida, USA",Unknown,1964,12,10,Thursday,16,48,304,7,61
Atlas-LV3C Centaur-C | Surveyor-Model 1,General Dynamics,Atlas-LV3C Centaur-C,Partial Failure,1964-12-11 14:25:00+00:00,"SLC-36A, Cape Canaveral AFS, Florida, USA",Unknown,1964,12,11,Friday,14,17,63,7,64
Vostok-2 | Cosmos 52,RVSN USSR,Vostok-2,Launch Successful,1965-01-11 09:29:00+00:00,"Site 31/6, Baikonur Cosmodrome, Kazakhstan",Unknown,1965,1,11,Monday,9,40,332,7,101
Titan II GLV | Gemini 2,NASA,Titan II GLV,Launch Successful,1965-01-19 14:04:00+00:00,"LC-19, Cape Canaveral AFS, Florida, USA",Unknown,1965,1,19,Tuesday,14,35,298,7,28
Atlas-D OV1 | OV1-1,General Dynamics,Atlas-D OV1,Launch Failure,1965-01-21 20:09:00+00:00,"LC-576B3, Vandenberg AFB, California, USA",Unknown,1965,1,21,Thursday,20,17,44,7,39
Atlas-SLV3 Agena-D | KH-7 Gambit 4015,General Dynamics,Atlas-SLV3 Agena-D,Launch Successful,1965-01-23 20:09:00+00:00,"SLC-4W, Vandenberg AFB, California, USA",Unknown,1965,1,23,Saturday,20,17,66,7,73
Cosmos-2I (63S1) | Cosmos 53,RVSN USSR,Cosmos-2I (63S1),Launch Successful,1965-01-30 09:36:00+00:00,"Site 86/1, Kapustin Yar, Russia",Unknown,1965,1,30,Saturday,9,40,78,7,115
Titan IIIA | LES 1,US Air Force,Titan IIIA,Launch Successful,1965-02-11 15:19:00+00:00,"SLC-20, Cape Canaveral AFS, Florida, USA",Unknown,1965,2,11,Thursday,15,48,304,7,61
Cosmos-2I (63S1) | DS-P1 You #2,RVSN USSR,Cosmos-2I (63S1),Launch Failure,1965-02-12 12:00:00+00:00,"Site 86/1, Kapustin Yar, Russia",Unknown,1965,2,12,Friday,12,40,78,7,115
Saturn I | A-103,NASA,Saturn I,Launch Successful,1965-02-16 14:37:00+00:00,"SLC-37B, Cape Canaveral AFS, Florida, USA",Unknown,1965,2,16,Tuesday,14,35,239,7,66
Atlas-LV3 Agena-B | Ranger 8,General Dynamics,Atlas-LV3 Agena-B,Launch Successful,1965-02-17 17:05:00+00:00,"LC-12, Cape Canaveral AFS, Florida, USA",Unknown,1965,2,17,Wednesday,17,17,59,7,22
Cosmos-2I (63S1) | DS-A1 #6,RVSN USSR,Cosmos-2I (63S1),Launch Failure,1965-02-20 06:30:00+00:00,"Site 86/1, Kapustin Yar, Russia",Unknown,1965,2,20,Saturday,6,40,78,7,115
"Cosmos-1 (65S3) | Cosmos 54, 55 & 56",RVSN USSR,Cosmos-1 (65S3),Launch Successful,1965-02-21 11:00:00+00:00,"Site 41/15, Baikonur Cosmodrome, Kazakhstan",Unknown,1965,2,21,Sunday,11,40,77,7,107
Voskhod | Cosmos 57,RVSN USSR,Voskhod,Launch Successful,1965-02-22 07:30:00+00:00,"Site 1/5, Baikonur Cosmodrome, Kazakhstan",Unknown,1965,2,22,Monday,7,40,330,7,83
Vostok-2M | Cosmos 58,RVSN USSR,Vostok-2M,Launch Successful,1965-02-26 05:01:00+00:00,"Site 31/6, Baikonur Cosmodrome, Kazakhstan",Unknown,1965,2,26,Friday,5,40,334,7,101
Atlas-LV3C Centaur-C | Surveyor-SD 1,General Dynamics,Atlas-LV3C Centaur-C,Launch Failure,1965-03-02 13:25:00+00:00,"SLC-36A, Cape Canaveral AFS, Florida, USA",Unknown,1965,3,2,Tuesday,13,17,63,7,64
Voskhod | Cosmos 59,RVSN USSR,Voskhod,Launch Successful,1965-03-07 08:59:00+00:00,"Site 31/6, Baikonur Cosmodrome, Kazakhstan",Unknown,1965,3,7,Sunday,8,40,330,7,101
Molniya | Cosmos 60,RVSN USSR,Molniya,Launch Successful,1965-03-12 09:36:00+00:00,"Site 1/5, Baikonur Cosmodrome, Kazakhstan",Unknown,1965,3,12,Friday,9,40,194,7,83
Atlas-SLV3 Agena-D | KH-7 Gambit 4016,General Dynamics,Atlas-SLV3 Agena-D,Launch Successful,1965-03-12 19:25:00+00:00,"SLC-4W, Vandenberg AFB, California, USA",Unknown,1965,3,12,Friday,19,17,66,7,73
"Cosmos-1 (65S3) | Cosmos 61, 62 & 63",RVSN USSR,Cosmos-1 (65S3),Launch Successful,1965-03-15 11:00:00+00:00,"Site 41/15, Baikonur Cosmodrome, Kazakhstan",Unknown,1965,3,15,Monday,11,40,77,7,107
Voskhod | Voskhod 2,RVSN USSR,Voskhod,Launch Successful,1965-03-18 07:00:00+00:00,"Site 1/5, Baikonur Cosmodrome, Kazakhstan",Unknown,1965,3,18,Thursday,7,40,330,7,83
Atlas-LV3 Agena-B | Ranger 9,General Dynamics,Atlas-LV3 Agena-B,Launch Successful,1965-03-21 21:37:00+00:00,"LC-12, Cape Canaveral AFS, Florida, USA",Unknown,1965,3,21,Sunday,21,17,59,7,22
Titan II GLV | Gemini 3,NASA,Titan II GLV,Launch Successful,1965-03-23 14:24:00+00:00,"LC-19, Cape Canaveral AFS, Florida, USA",Unknown,1965,3,23,Tuesday,14,35,298,7,28
Vostok-2 | Cosmos 64,RVSN USSR,Vostok-2,Launch Successful,1965-03-25 10:00:00+00:00,"Site 31/6, Baikonur Cosmodrome, Kazakhstan",Unknown,1965,3,25,Thursday,10,40,332,7,101
Atlas-SLV3 Agena-D | SNAPSHOT,General Dynamics,Atlas-SLV3 Agena-D,Launch Successful,1965-04-03 21:25:00+00:00,"SLC-4E, Vandenberg AFB, California, USA",Unknown,1965,4,3,Saturday,21,17,66,7,72
Molniya | E-6 n†­8 (Luna),RVSN USSR,Molniya,Launch Failure,1965-04-10 08:15:00+00:00,"Site 1/5, Baikonur Cosmodrome, Kazakhstan",Unknown,1965,4,10,Saturday,8,40,194,7,83
Voskhod | Cosmos 65,RVSN USSR,Voskhod,Launch Successful,1965-04-17 09:50:00+00:00,"Site 31/6, Baikonur Cosmodrome, Kazakhstan",Unknown,1965,4,17,Saturday,9,40,330,7,101
Molniya | Molniya-1 n†­3,RVSN USSR,Molniya,Launch Successful,1965-04-23 01:55:00+00:00,"Site 1/5, Baikonur Cosmodrome, Kazakhstan",Unknown,1965,4,23,Friday,1,40,194,7,83
Atlas-SLV3 Agena-D | KH-7 Gambit 4017,General Dynamics,Atlas-SLV3 Agena-D,Launch Successful,1965-04-28 20:17:00+00:00,"SLC-4E, Vandenberg AFB, California, USA",Unknown,1965,4,28,Wednesday,20,17,66,7,72
Titan IIIA | LES 2 & LCS 1,US Air Force,Titan IIIA,Launch Successful,1965-05-06 15:00:00+00:00,"SLC-20, Cape Canaveral AFS, Florida, USA",Unknown,1965,5,6,Thursday,15,48,304,7,61
Vostok-2 | Cosmos 66,RVSN USSR,Vostok-2,Launch Successful,1965-05-07 09:29:00+00:00,"Site 31/6, Baikonur Cosmodrome, Kazakhstan",Unknown,1965,5,7,Friday,9,40,332,7,101
Molniya | Luna 5,RVSN USSR,Molniya,Launch Successful,1965-05-09 07:45:00+00:00,"Site 1/5, Baikonur Cosmodrome, Kazakhstan",Unknown,1965,5,9,Sunday,7,40,194,7,83
Saturn I | A-104,NASA,Saturn I,Launch Successful,1965-05-25 07:35:00+00:00,"SLC-37B, Cape Canaveral AFS, Florida, USA",Unknown,1965,5,25,Tuesday,7,35,239,7,66
Voskhod | Cosmos 67,RVSN USSR,Voskhod,Launch Successful,1965-05-25 10:50:00+00:00,"Site 31/6, Baikonur Cosmodrome, Kazakhstan",Unknown,1965,5,25,Tuesday,10,40,330,7,101
Atlas-SLV3 Agena-D | KH-7 Gambit 4018,General Dynamics,Atlas-SLV3 Agena-D,Launch Successful,1965-05-27 19:30:00+00:00,"SLC-4E, Vandenberg AFB, California, USA",Unknown,1965,5,27,Thursday,19,17,66,7,72
Atlas-D OV1 | OV1-3,General Dynamics,Atlas-D OV1,Launch Failure,1965-05-28 02:54:00+00:00,"LC-576B3, Vandenberg AFB, California, USA",Unknown,1965,5,28,Friday,2,17,44,7,39
Titan II GLV | Gemini IV,NASA,Titan II GLV,Launch Successful,1965-06-03 15:15:00+00:00,"LC-19, Cape Canaveral AFS, Florida, USA",Unknown,1965,6,3,Thursday,15,35,298,7,28
Molniya | Luna 6,RVSN USSR,Molniya,Launch Successful,1965-06-08 07:41:00+00:00,"Site 1/5, Baikonur Cosmodrome, Kazakhstan",Unknown,1965,6,8,Tuesday,7,40,194,7,83
Vostok-2 | Cosmos 68,RVSN USSR,Vostok-2,Launch Successful,1965-06-15 09:43:00+00:00,"Site 31/6, Baikonur Cosmodrome, Kazakhstan",Unknown,1965,6,15,Tuesday,9,40,332,7,101
Titan IIIC | Transtage 5,Martin Marietta,Titan IIIC,Launch Successful,1965-06-18 14:00:00+00:00,"SLC-40, Cape Canaveral AFS, Florida, USA",Unknown,1965,6,18,Friday,14,34,306,7,69
Voskhod | Cosmos 69,RVSN USSR,Voskhod,Launch Successful,1965-06-25 09:45:00+00:00,"Site 1/5, Baikonur Cosmodrome, Kazakhstan",Unknown,1965,6,25,Friday,9,40,330,7,83
Atlas-SLV3 Agena-D | KH-7 Gambit 4019,General Dynamics,Atlas-SLV3 Agena-D,Launch Successful,1965-06-25 19:30:00+00:00,"SLC-4E, Vandenberg AFB, California, USA",Unknown,1965,6,25,Friday,19,17,66,7,72
Cosmos-2I (63S1) | Cosmos 70,RVSN USSR,Cosmos-2I (63S1),Launch Successful,1965-07-02 06:30:00+00:00,"Site 86/1, Kapustin Yar, Russia",Unknown,1965,7,2,Friday,6,40,78,7,115
Atlas-SLV3 Agena-D | KH-7 Gambit 4020,General Dynamics,Atlas-SLV3 Agena-D,Launch Failure,1965-07-12 19:00:00+00:00,"SLC-4E, Vandenberg AFB, California, USA",Unknown,1965,7,12,Monday,19,17,66,7,72
Vostok-2 | Zenit-2 n†­28,RVSN USSR,Vostok-2,Launch Failure,1965-07-13 11:00:00+00:00,"Site 31/6, Baikonur Cosmodrome, Kazakhstan",Unknown,1965,7,13,Tuesday,11,40,332,7,101
Cosmos-1 (65S3) | Cosmos 71 to 75,RVSN USSR,Cosmos-1 (65S3),Launch Successful,1965-07-16 03:31:00+00:00,"Site 41/15, Baikonur Cosmodrome, Kazakhstan",Unknown,1965,7,16,Friday,3,40,77,7,107
Proton | Proton-1,RVSN USSR,Proton,Launch Successful,1965-07-16 11:16:00+00:00,"Site 81/24, Baikonur Cosmodrome, Kazakhstan",Unknown,1965,7,16,Friday,11,40,226,7,114
Molniya | Zond 3,RVSN USSR,Molniya,Launch Successful,1965-07-18 14:38:00+00:00,"Site 1/5, Baikonur Cosmodrome, Kazakhstan",Unknown,1965,7,18,Sunday,14,40,194,7,83
Atlas-LV3 Agena-D | Vela 3A/3B,General Dynamics,Atlas-LV3 Agena-D,Launch Successful,1965-07-20 08:27:00+00:00,"LC-13, Cape Canaveral AFS, Florida, USA",Unknown,1965,7,20,Tuesday,8,17,60,7,23
Cosmos-2I (63S1) | Cosmos 76,RVSN USSR,Cosmos-2I (63S1),Launch Successful,1965-07-23 04:33:00+00:00,"Site 86/1, Kapustin Yar, Russia",Unknown,1965,7,23,Friday,4,40,78,7,115
Saturn I | A-105,NASA,Saturn I,Launch Successful,1965-07-30 13:00:00+00:00,"SLC-37B, Cape Canaveral AFS, Florida, USA",Unknown,1965,7,30,Friday,13,35,239,7,66
Voskhod | Cosmos 77,RVSN USSR,Voskhod,Launch Successful,1965-08-03 11:00:00+00:00,"Site 31/6, Baikonur Cosmodrome, Kazakhstan",Unknown,1965,8,3,Tuesday,11,40,330,7,101
Atlas-SLV3 Agena-D | KH-7 Gambit 4021,General Dynamics,Atlas-SLV3 Agena-D,Launch Successful,1965-08-03 19:12:00+00:00,"SLC-4E, Vandenberg AFB, California, USA",Unknown,1965,8,3,Tuesday,19,17,66,7,72
Atlas-LV3C Centaur-D | Surveyor SD-2,General Dynamics,Atlas-LV3C Centaur-D,Launch Successful,1965-08-11 14:31:00+00:00,"SLC-36B, Cape Canaveral AFS, Florida, USA",Unknown,1965,8,11,Wednesday,14,17,64,7,65
Vostok-2 | Cosmos 78,RVSN USSR,Vostok-2,Launch Successful,1965-08-14 10:56:00+00:00,"Site 31/6, Baikonur Cosmodrome, Kazakhstan",Unknown,1965,8,14,Saturday,10,40,332,7,101
Titan II GLV | Gemini V,NASA,Titan II GLV,Launch Successful,1965-08-21 13:59:00+00:00,"LC-19, Cape Canaveral AFS, Florida, USA",Unknown,1965,8,21,Saturday,13,35,298,7,28
Voskhod | Cosmos 79,RVSN USSR,Voskhod,Launch Successful,1965-08-25 10:10:00+00:00,"Site 1/5, Baikonur Cosmodrome, Kazakhstan",Unknown,1965,8,25,Wednesday,10,40,330,7,83
Cosmos-1 (65S3) | Cosmos 80 to 84,RVSN USSR,Cosmos-1 (65S3),Launch Successful,1965-09-03 03:31:00+00:00,"Site 41/15, Baikonur Cosmodrome, Kazakhstan",Unknown,1965,9,3,Friday,3,40,77,7,107
Voskhod | Cosmos 85,RVSN USSR,Voskhod,Launch Successful,1965-09-09 09:30:00+00:00,"Site 31/6, Baikonur Cosmodrome, Kazakhstan",Unknown,1965,9,9,Thursday,9,40,330,7,101
Cosmos-1 (65S3) | Cosmos 86 to 90,RVSN USSR,Cosmos-1 (65S3),Launch Successful,1965-09-18 07:59:00+00:00,"Site 41/15, Baikonur Cosmodrome, Kazakhstan",Unknown,1965,9,18,Saturday,7,40,77,7,107
Voskhod | Cosmos 91,RVSN USSR,Voskhod,Launch Successful,1965-09-23 09:00:00+00:00,"Site 31/6, Baikonur Cosmodrome, Kazakhstan",Unknown,1965,9,23,Thursday,9,40,330,7,101
Atlas-SLV3 Agena-D | KH-7 Gambit 4022,General Dynamics,Atlas-SLV3 Agena-D,Launch Successful,1965-09-30 19:20:00+00:00,"SLC-4E, Vandenberg AFB, California, USA",Unknown,1965,9,30,Thursday,19,17,66,7,72
Molniya-M /Block L | Luna 7,RVSN USSR,Molniya-M /Block L,Launch Successful,1965-10-04 07:55:00+00:00,"Site 1/5, Baikonur Cosmodrome, Kazakhstan",Unknown,1965,10,4,Monday,7,40,196,7,83
Atlas-D OV1 | OV1-2,General Dynamics,Atlas-D OV1,Launch Successful,1965-10-05 09:07:00+00:00,"LC-576B3, Vandenberg AFB, California, USA",Unknown,1965,10,5,Tuesday,9,17,44,7,39
Molniya | Molniya-1 n†­4,RVSN USSR,Molniya,Launch Successful,1965-10-14 06:00:00+00:00,"Site 1/5, Baikonur Cosmodrome, Kazakhstan",Unknown,1965,10,14,Thursday,6,40,194,7,83
Titan IIIC | LCS-2 & OV2-1,Martin Marietta,Titan IIIC,Launch Failure,1965-10-15 17:23:00+00:00,"SLC-40, Cape Canaveral AFS, Florida, USA",Unknown,1965,10,15,Friday,17,34,306,7,69
Voskhod | Cosmos 92,RVSN USSR,Voskhod,Launch Successful,1965-10-16 08:14:00+00:00,"Site 31/6, Baikonur Cosmodrome, Kazakhstan",Unknown,1965,10,16,Saturday,8,40,330,7,101
Cosmos-2I (63SM) | Cosmos 93,RVSN USSR,Cosmos-2I (63SM),Launch Successful,1965-10-19 05:44:00+00:00,"Site 86/1, Kapustin Yar, Russia",Unknown,1965,10,19,Tuesday,5,40,79,7,115
Atlas-SLV3 Agena-D | GATV 5002,General Dynamics,Atlas-SLV3 Agena-D,Launch Failure,1965-10-25 15:00:00+00:00,"LC-14, Cape Canaveral AFS, Florida, USA",Unknown,1965,10,25,Monday,15,17,66,7,24
Voskhod | Cosmos 94,RVSN USSR,Voskhod,Launch Successful,1965-10-28 08:15:00+00:00,"Site 31/6, Baikonur Cosmodrome, Kazakhstan",Unknown,1965,10,28,Thursday,8,40,330,7,101
Proton | Proton-2,RVSN USSR,Proton,Launch Successful,1965-11-02 12:29:00+00:00,"Site 81/24, Baikonur Cosmodrome, Kazakhstan",Unknown,1965,11,2,Tuesday,12,40,226,7,114
Cosmos-2I (63SM) | Cosmos 95,RVSN USSR,Cosmos-2I (63SM),Launch Successful,1965-11-04 05:31:00+00:00,"Site 86/1, Kapustin Yar, Russia",Unknown,1965,11,4,Thursday,5,40,79,7,115
Atlas-SLV3 Agena-D | KH-7 Gambit 4023,General Dynamics,Atlas-SLV3 Agena-D,Launch Successful,1965-11-08 19:26:00+00:00,"SLC-4E, Vandenberg AFB, California, USA",Unknown,1965,11,8,Monday,19,17,66,7,72
Molniya | Venera 2,RVSN USSR,Molniya,Launch Successful,1965-11-12 05:02:00+00:00,"Site 31/6, Baikonur Cosmodrome, Kazakhstan",Unknown,1965,11,12,Friday,5,40,194,7,101
Molniya | Venera 3,RVSN USSR,Molniya,Launch Successful,1965-11-16 04:19:00+00:00,"Site 31/6, Baikonur Cosmodrome, Kazakhstan",Unknown,1965,11,16,Tuesday,4,40,194,7,101
Molniya | Cosmos 96,RVSN USSR,Molniya,Partial Failure,1965-11-23 03:21:00+00:00,"Site 31/6, Baikonur Cosmodrome, Kazakhstan",Unknown,1965,11,23,Tuesday,3,40,194,7,101
Cosmos-2I (63SM) | Cosmos 97,RVSN USSR,Cosmos-2I (63SM),Launch Successful,1965-11-26 12:14:00+00:00,"Site 86/1, Kapustin Yar, Russia",Unknown,1965,11,26,Friday,12,40,79,7,115
Diamant A | Ast??rix,Arm??e de l'Air,Diamant A,Launch Successful,1965-11-26 14:47:00+00:00,"Brigitte, Hammaguir, Algeria, France",Unknown,1965,11,26,Friday,14,4,115,7,1
Vostok-2 | Cosmos 98,RVSN USSR,Vostok-2,Launch Successful,1965-11-27 08:20:00+00:00,"Site 31/6, Baikonur Cosmodrome, Kazakhstan",Unknown,1965,11,27,Saturday,8,40,332,7,101
Molniya | Luna 8,RVSN USSR,Molniya,Launch Successful,1965-12-03 10:46:00+00:00,"Site 31/6, Baikonur Cosmodrome, Kazakhstan",Unknown,1965,12,3,Friday,10,40,194,7,101
Titan II GLV | Gemini VII,NASA,Titan II GLV,Launch Successful,1965-12-04 19:30:00+00:00,"LC-19, Cape Canaveral AFS, Florida, USA",Unknown,1965,12,4,Saturday,19,35,298,7,28
Vostok-2 | Cosmos 99,RVSN USSR,Vostok-2,Launch Successful,1965-12-10 08:10:00+00:00,"Site 31/6, Baikonur Cosmodrome, Kazakhstan",Unknown,1965,12,10,Friday,8,40,332,7,101
Titan II GLV | Gemini VI-A,NASA,Titan II GLV,Launch Successful,1965-12-15 13:37:00+00:00,"LC-19, Cape Canaveral AFS, Florida, USA",Unknown,1965,12,15,Wednesday,13,35,298,7,28
Vostok-2M | Cosmos 100,RVSN USSR,Vostok-2M,Launch Successful,1965-12-17 02:20:00+00:00,"Site 31/6, Baikonur Cosmodrome, Kazakhstan",Unknown,1965,12,17,Friday,2,40,334,7,101
Cosmos-2I (63S1) | Cosmos 101,RVSN USSR,Cosmos-2I (63S1),Launch Successful,1965-12-21 06:14:00+00:00,"Site 86/1, Kapustin Yar, Russia",Unknown,1965,12,21,Tuesday,6,40,78,7,115
"Titan IIIC | LES 3 & 4, OV2-3, OSCAR-4",Martin Marietta,Titan IIIC,Partial Failure,1965-12-21 14:00:00+00:00,"SLC-41, Cape Canaveral AFS, Florida, USA",Unknown,1965,12,21,Tuesday,14,34,306,7,70
Vostok-2A | Cosmos 102,RVSN USSR,Vostok-2A,Launch Successful,1965-12-27 22:24:00+00:00,"Site 31/6, Baikonur Cosmodrome, Kazakhstan",Unknown,1965,12,27,Monday,22,40,333,7,101
Cosmos-1 (65S3) | Cosmos 103,RVSN USSR,Cosmos-1 (65S3),Launch Successful,1965-12-28 12:30:00+00:00,"Site 41/15, Baikonur Cosmodrome, Kazakhstan",Unknown,1965,12,28,Tuesday,12,40,77,7,107
Vostok-2 | Cosmos 104,RVSN USSR,Vostok-2,Partial Failure,1966-01-07 08:20:00+00:00,"Site 31/6, Baikonur Cosmodrome, Kazakhstan",Unknown,1966,1,7,Friday,8,40,332,7,101
Atlas-SLV3 Agena-D | KH-7 Gambit 4024,General Dynamics,Atlas-SLV3 Agena-D,Launch Successful,1966-01-19 20:10:00+00:00,"SLC-4E, Vandenberg AFB, California, USA",Unknown,1966,1,19,Wednesday,20,17,66,7,72
Vostok-2 | Cosmos 105,RVSN USSR,Vostok-2,Launch Successful,1966-01-22 08:30:00+00:00,"Site 31/6, Baikonur Cosmodrome, Kazakhstan",Unknown,1966,1,22,Saturday,8,40,332,7,101
Cosmos-2I (63SM) | Cosmos 106,RVSN USSR,Cosmos-2I (63SM),Launch Successful,1966-01-25 12:28:00+00:00,"Site 86/1, Kapustin Yar, Russia",Unknown,1966,1,25,Tuesday,12,40,79,7,115
Molniya-M /Block L | Luna 9,RVSN USSR,Molniya-M /Block L,Launch Successful,1966-01-31 11:45:00+00:00,"Site 31/6, Baikonur Cosmodrome, Kazakhstan",Unknown,1966,1,31,Monday,11,40,196,7,101
Vostok-2 | Cosmos 107,RVSN USSR,Vostok-2,Launch Successful,1966-02-10 08:40:00+00:00,"Site 31/6, Baikonur Cosmodrome, Kazakhstan",Unknown,1966,2,10,Thursday,8,40,332,7,101
Cosmos-2I (63S1) | Cosmos 108,RVSN USSR,Cosmos-2I (63S1),Launch Successful,1966-02-11 18:00:00+00:00,"Site 86/1, Kapustin Yar, Russia",Unknown,1966,2,11,Friday,18,40,78,7,115
Atlas-SLV3 Agena-D | KH-7 Gambit 4025,General Dynamics,Atlas-SLV3 Agena-D,Launch Successful,1966-02-15 13:04:00+00:00,"SLC-4E, Vandenberg AFB, California, USA",Unknown,1966,2,15,Tuesday,13,17,66,7,72
Diamant A | Diapason,Arm??e de l'Air,Diamant A,Launch Successful,1966-02-17 07:33:00+00:00,"Brigitte, Hammaguir, Algeria, France",Unknown,1966,2,17,Thursday,7,4,115,7,1
Voskhod | Cosmos 109,RVSN USSR,Voskhod,Launch Successful,1966-02-19 08:49:00+00:00,"Site 31/6, Baikonur Cosmodrome, Kazakhstan",Unknown,1966,2,19,Saturday,8,40,330,7,101
Voskhod | Cosmos 110,RVSN USSR,Voskhod,Launch Successful,1966-02-22 20:09:00+00:00,"Site 31/6, Baikonur Cosmodrome, Kazakhstan",Unknown,1966,2,22,Tuesday,20,40,330,7,101
Saturn IB | AS-201,NASA,Saturn IB,Launch Successful,1966-02-26 16:12:00+00:00,"LC-34, Cape Canaveral AFS, Florida, USA",Unknown,1966,2,26,Saturday,16,35,240,7,33
Molniya-M /Block L | Cosmos 111,RVSN USSR,Molniya-M /Block L,Partial Failure,1966-03-01 11:03:00+00:00,"Site 31/6, Baikonur Cosmodrome, Kazakhstan",Unknown,1966,3,1,Tuesday,11,40,196,7,101
Atlas-SLV3 Agena-D | GATV 5003,General Dynamics,Atlas-SLV3 Agena-D,Launch Successful,1966-03-16 15:00:00+00:00,"LC-14, Cape Canaveral AFS, Florida, USA",Unknown,1966,3,16,Wednesday,15,17,66,7,24
Vostok-2 | Cosmos 112,RVSN USSR,Vostok-2,Launch Successful,1966-03-17 10:28:00+00:00,"Site 41/1, Plesetsk Cosmodrome, Russia",Unknown,1966,3,17,Thursday,10,40,332,7,106
Atlas-SLV3 Agena-D | KH-7 Gambit 4026,General Dynamics,Atlas-SLV3 Agena-D,Launch Successful,1966-03-18 20:30:00+00:00,"SLC-4E, Vandenberg AFB, California, USA",Unknown,1966,3,18,Friday,20,17,66,7,72
Voskhod | Cosmos 113,RVSN USSR,Voskhod,Launch Successful,1966-03-21 09:40:00+00:00,"Site 31/6, Baikonur Cosmodrome, Kazakhstan",Unknown,1966,3,21,Monday,9,40,330,7,101
Proton | Proton-3a,RVSN USSR,Proton,Launch Failure,1966-03-24 14:39:00+00:00,"Site 81/24, Baikonur Cosmodrome, Kazakhstan",Unknown,1966,3,24,Thursday,14,40,226,7,114
Molniya | Molniya-1 n†­5,RVSN USSR,Molniya,Launch Failure,1966-03-27 07:20:00+00:00,"Site 31/6, Baikonur Cosmodrome, Kazakhstan",Unknown,1966,3,27,Sunday,7,40,194,7,101
Atlas-D OV1 | OV1-4/OV1-5,General Dynamics,Atlas-D OV1,Launch Successful,1966-03-30 09:20:00+00:00,"LC-576B3, Vandenberg AFB, California, USA",Unknown,1966,3,30,Wednesday,9,17,44,7,39
Molniya-M /Block L | Luna 10,RVSN USSR,Molniya-M /Block L,Launch Successful,1966-03-31 10:48:00+00:00,"Site 31/6, Baikonur Cosmodrome, Kazakhstan",Unknown,1966,3,31,Thursday,10,40,196,7,101
Voskhod | Cosmos 114,RVSN USSR,Voskhod,Launch Successful,1966-04-06 11:40:00+00:00,"Site 41/1, Plesetsk Cosmodrome, Russia",Unknown,1966,4,6,Wednesday,11,40,330,7,106
Atlas-LV3C Centaur-D | Surveyor Model-3,General Dynamics,Atlas-LV3C Centaur-D,Partial Failure,1966-04-08 01:00:00+00:00,"SLC-36B, Cape Canaveral AFS, Florida, USA",Unknown,1966,4,8,Friday,1,17,64,7,65
Atlas-SLV3B Agena-D | OAO-1,General Dynamics,Atlas-SLV3B Agena-D,Launch Successful,1966-04-08 19:35:00+00:00,"LC-12, Cape Canaveral AFS, Florida, USA",Unknown,1966,4,8,Friday,19,17,69,7,22
Atlas-SLV3 Agena-D | KH-7 Gambit 4027,General Dynamics,Atlas-SLV3 Agena-D,Launch Successful,1966-04-19 19:12:00+00:00,"SLC-4E, Vandenberg AFB, California, USA",Unknown,1966,4,19,Tuesday,19,17,66,7,72
Vostok-2 | Cosmos 115,RVSN USSR,Vostok-2,Launch Successful,1966-04-20 10:40:00+00:00,"Site 31/6, Baikonur Cosmodrome, Kazakhstan",Unknown,1966,4,20,Wednesday,10,40,332,7,101
Molniya | Molniya-1 n†­6,RVSN USSR,Molniya,Launch Successful,1966-04-25 07:10:00+00:00,"Site 31/6, Baikonur Cosmodrome, Kazakhstan",Unknown,1966,4,25,Monday,7,40,194,7,101
Cosmos-2I (63SM) | Cosmos 116,RVSN USSR,Cosmos-2I (63SM),Launch Successful,1966-04-26 10:04:00+00:00,"Site 86/1, Kapustin Yar, Russia",Unknown,1966,4,26,Tuesday,10,40,79,7,115
Vostok-2 | Cosmos 117,RVSN USSR,Vostok-2,Launch Successful,1966-05-06 10:58:00+00:00,"Site 31/6, Baikonur Cosmodrome, Kazakhstan",Unknown,1966,5,6,Friday,10,40,332,7,101
Vostok-2M | Cosmos 118,RVSN USSR,Vostok-2M,Launch Successful,1966-05-11 14:10:00+00:00,"Site 31/6, Baikonur Cosmodrome, Kazakhstan",Unknown,1966,5,11,Wednesday,14,40,334,7,101
Atlas-SLV3 Agena-D | KH-7 Gambit 4028,General Dynamics,Atlas-SLV3 Agena-D,Launch Successful,1966-05-14 18:30:00+00:00,"SLC-4E, Vandenberg AFB, California, USA",Unknown,1966,5,14,Saturday,18,17,66,7,72
Titan II GLV | Gemini VIII,NASA,Titan II GLV,Partial Failure,1966-05-16 16:41:00+00:00,"LC-19, Cape Canaveral AFS, Florida, USA",Unknown,1966,5,16,Monday,16,35,298,7,28
Voskhod | Zenit-4 n†­18,RVSN USSR,Voskhod,Launch Failure,1966-05-17 11:00:00+00:00,"Site 41/1, Plesetsk Cosmodrome, Russia",Unknown,1966,5,17,Tuesday,11,40,330,7,106
Atlas-SLV3 Agena-D | GATV 5004,General Dynamics,Atlas-SLV3 Agena-D,Launch Failure,1966-05-17 15:15:00+00:00,"LC-14, Cape Canaveral AFS, Florida, USA",Unknown,1966,5,17,Tuesday,15,17,66,7,24
Cosmos-2I (63SM) | Cosmos 119,RVSN USSR,Cosmos-2I (63SM),Launch Successful,1966-05-24 05:30:00+00:00,"Site 86/1, Kapustin Yar, Russia",Unknown,1966,5,24,Tuesday,5,40,79,7,115
Atlas-LV3C Centaur-D | Surveyor 1,General Dynamics,Atlas-LV3C Centaur-D,Launch Successful,1966-05-30 14:41:00+00:00,"SLC-36A, Cape Canaveral AFS, Florida, USA",Unknown,1966,5,30,Monday,14,17,64,7,64
Atlas SLV-3 | ATDA,General Dynamics,Atlas SLV-3,Launch Successful,1966-06-01 15:00:00+00:00,"LC-14, Cape Canaveral AFS, Florida, USA",Unknown,1966,6,1,Wednesday,15,17,31,7,24
Titan II GLV | Gemini IX-A,NASA,Titan II GLV,Partial Failure,1966-06-03 13:39:00+00:00,"LC-19, Cape Canaveral AFS, Florida, USA",Unknown,1966,6,3,Friday,13,35,298,7,28
Atlas-SLV3 Agena-D | KH-7 Gambit 4029,General Dynamics,Atlas-SLV3 Agena-D,Launch Successful,1966-06-03 19:25:00+00:00,"SLC-4E, Vandenberg AFB, California, USA",Unknown,1966,6,3,Friday,19,17,66,7,72
Atlas-SLV3 Agena-B | OGO-3,General Dynamics,Atlas-SLV3 Agena-B,Launch Successful,1966-06-07 02:48:00+00:00,"LC-12, Cape Canaveral AFS, Florida, USA",Unknown,1966,6,7,Tuesday,2,17,65,7,22
Voskhod | Cosmos 120,RVSN USSR,Voskhod,Launch Successful,1966-06-08 11:00:00+00:00,"Site 31/6, Baikonur Cosmodrome, Kazakhstan",Unknown,1966,6,8,Wednesday,11,40,330,7,101
Atlas-SLV3 Agena-D | Midas 10,General Dynamics,Atlas-SLV3 Agena-D,Partial Failure,1966-06-09 20:15:00+00:00,"SLC-3E, Vandenberg AFB, California, USA",Unknown,1966,6,9,Thursday,20,17,66,7,67
Titan IIIC | OPS 9311-9317 & GGTS-1,Martin Marietta,Titan IIIC,Launch Successful,1966-06-16 14:00:00+00:00,"SLC-41, Cape Canaveral AFS, Florida, USA",Unknown,1966,6,16,Thursday,14,34,306,7,70
Voskhod | Cosmos 121,RVSN USSR,Voskhod,Launch Successful,1966-06-17 11:00:00+00:00,"Site 41/1, Plesetsk Cosmodrome, Russia",Unknown,1966,6,17,Friday,11,40,330,7,106
Vostok-2M | Cosmos 122,RVSN USSR,Vostok-2M,Launch Successful,1966-06-25 10:18:00+00:00,"Site 31/6, Baikonur Cosmodrome, Kazakhstan",Unknown,1966,6,25,Saturday,10,40,334,7,101
Saturn IB | AS-203,NASA,Saturn IB,Launch Successful,1966-07-05 14:53:00+00:00,"SLC-37B, Cape Canaveral AFS, Florida, USA",Unknown,1966,7,5,Tuesday,14,35,240,7,66
Proton | Proton-3,RVSN USSR,Proton,Launch Successful,1966-07-06 12:57:00+00:00,"Site 81/24, Baikonur Cosmodrome, Kazakhstan",Unknown,1966,7,6,Wednesday,12,40,226,7,114
Cosmos-2I (63S1) | Cosmos 123,RVSN USSR,Cosmos-2I (63S1),Launch Successful,1966-07-08 05:31:00+00:00,"Site 86/1, Kapustin Yar, Russia",Unknown,1966,7,8,Friday,5,40,78,7,115
Atlas-SLV3 Agena-D | KH-7 Gambit 4030,General Dynamics,Atlas-SLV3 Agena-D,Launch Successful,1966-07-12 17:57:00+00:00,"SLC-4E, Vandenberg AFB, California, USA",Unknown,1966,7,12,Tuesday,17,17,66,7,72
Atlas-D OV1 | OV1-7/OV1-8,General Dynamics,Atlas-D OV1,Partial Failure,1966-07-14 02:10:00+00:00,"LC-576B3, Vandenberg AFB, California, USA",Unknown,1966,7,14,Thursday,2,17,44,7,39
Voskhod | Cosmos 124,RVSN USSR,Voskhod,Launch Successful,1966-07-14 10:25:00+00:00,"Site 31/6, Baikonur Cosmodrome, Kazakhstan",Unknown,1966,7,14,Thursday,10,40,330,7,101
Atlas-SLV3 Agena-D | GATV 5005,General Dynamics,Atlas-SLV3 Agena-D,Launch Successful,1966-07-18 20:39:00+00:00,"LC-14, Cape Canaveral AFS, Florida, USA",Unknown,1966,7,18,Monday,20,17,66,7,24
Titan II GLV | Gemini X,NASA,Titan II GLV,Launch Successful,1966-07-18 22:20:00+00:00,"LC-19, Cape Canaveral AFS, Florida, USA",Unknown,1966,7,18,Monday,22,35,298,7,28
Vostok-2A | Cosmos 125,RVSN USSR,Vostok-2A,Launch Successful,1966-07-20 08:58:00+00:00,"Site 31/6, Baikonur Cosmodrome, Kazakhstan",Unknown,1966,7,20,Wednesday,8,40,333,7,101
Voskhod | Cosmos 126,RVSN USSR,Voskhod,Launch Successful,1966-07-28 10:50:00+00:00,"Site 31/6, Baikonur Cosmodrome, Kazakhstan",Unknown,1966,7,28,Thursday,10,40,330,7,101
Titan IIIB | KH-8,US Air Force,Titan IIIB,Launch Successful,1966-07-29 18:43:00+00:00,"SLC-4W, Vandenberg AFB, California, USA",Unknown,1966,7,29,Friday,18,48,305,7,73
Voskhod | Cosmos 127,RVSN USSR,Voskhod,Launch Successful,1966-08-08 11:29:00+00:00,"Site 31/6, Baikonur Cosmodrome, Kazakhstan",Unknown,1966,8,8,Monday,11,40,330,7,101
Atlas-SLV3 Agena-D | Lunar Orbiter 1,General Dynamics,Atlas-SLV3 Agena-D,Launch Successful,1966-08-10 19:26:00+00:00,"LC-13, Cape Canaveral AFS, Florida, USA",Unknown,1966,8,10,Wednesday,19,17,66,7,23
Atlas-SLV3 Agena-D | KH-7 Gambit 4031,General Dynamics,Atlas-SLV3 Agena-D,Launch Successful,1966-08-16 18:30:00+00:00,"SLC-4E, Vandenberg AFB, California, USA",Unknown,1966,8,16,Tuesday,18,17,66,7,72
Atlas-SLV3 Agena-D | Midas 11,General Dynamics,Atlas-SLV3 Agena-D,Launch Successful,1966-08-19 19:30:00+00:00,"SLC-3E, Vandenberg AFB, California, USA",Unknown,1966,8,19,Friday,19,17,66,7,67
Molniya-M /Block L | Luna 11,RVSN USSR,Molniya-M /Block L,Launch Successful,1966-08-24 08:09:00+00:00,"Site 31/6, Baikonur Cosmodrome, Kazakhstan",Unknown,1966,8,24,Wednesday,8,40,196,7,101
Saturn IB | AS-202,NASA,Saturn IB,Launch Successful,1966-08-25 17:15:00+00:00,"LC-34, Cape Canaveral AFS, Florida, USA",Unknown,1966,8,25,Thursday,17,35,240,7,33
"Titan IIIC | IDCSP-1 8-14, GGTS-2",Martin Marietta,Titan IIIC,Launch Failure,1966-08-26 13:59:00+00:00,"SLC-41, Cape Canaveral AFS, Florida, USA",Unknown,1966,8,26,Friday,13,34,306,7,70
Voskhod | Cosmos 128,RVSN USSR,Voskhod,Launch Successful,1966-08-27 09:50:00+00:00,"Site 31/6, Baikonur Cosmodrome, Kazakhstan",Unknown,1966,8,27,Saturday,9,40,330,7,101
Atlas-SLV3 Agena-D | GATV 5006,General Dynamics,Atlas-SLV3 Agena-D,Launch Successful,1966-09-12 13:05:00+00:00,"LC-14, Cape Canaveral AFS, Florida, USA",Unknown,1966,9,12,Monday,13,17,66,7,24
Titan II GLV | Gemini XI,NASA,Titan II GLV,Launch Successful,1966-09-12 14:42:00+00:00,"LC-19, Cape Canaveral AFS, Florida, USA",Unknown,1966,9,12,Monday,14,35,298,7,28
Vostok-2 | Zenit-2 n†­40,RVSN USSR,Vostok-2,Launch Failure,1966-09-16 09:30:00+00:00,"Site 31/6, Baikonur Cosmodrome, Kazakhstan",Unknown,1966,9,16,Friday,9,40,332,7,101
Atlas-SLV3 Agena-D | KH-7 Gambit 4032,General Dynamics,Atlas-SLV3 Agena-D,Launch Successful,1966-09-16 17:59:00+00:00,"SLC-4E, Vandenberg AFB, California, USA",Unknown,1966,9,16,Friday,17,17,66,7,72
Tsyklon | OGTch 1,RVSN USSR,Tsyklon,Partial Failure,1966-09-17 22:35:00+00:00,"Site 162, Baikonur Cosmodrome, Kazakhstan",Unknown,1966,9,17,Saturday,22,40,320,7,95
Atlas-LV3C Centaur-D | Surveyor 2,General Dynamics,Atlas-LV3C Centaur-D,Launch Successful,1966-09-20 12:32:00+00:00,"SLC-36A, Cape Canaveral AFS, Florida, USA",Unknown,1966,9,20,Tuesday,12,17,64,7,64
Titan IIIB | OPS 4096,US Air Force,Titan IIIB,Launch Successful,1966-09-28 19:12:00+00:00,"SLC-4W, Vandenberg AFB, California, USA",Unknown,1966,9,28,Wednesday,19,48,305,7,73
Atlas-SLV3 Agena-D | Midas 12,General Dynamics,Atlas-SLV3 Agena-D,Launch Successful,1966-10-05 22:00:00+00:00,"SLC-3E, Vandenberg AFB, California, USA",Unknown,1966,10,5,Wednesday,22,17,66,7,67
Atlas-SLV3 Agena-D | KH-7 Gambit 4033,General Dynamics,Atlas-SLV3 Agena-D,Launch Successful,1966-10-12 19:15:00+00:00,"SLC-4E, Vandenberg AFB, California, USA",Unknown,1966,10,12,Wednesday,19,17,66,7,72
Vostok-2 | Cosmos 129,RVSN USSR,Vostok-2,Launch Successful,1966-10-14 12:13:00+00:00,"Site 41/1, Plesetsk Cosmodrome, Russia",Unknown,1966,10,14,Friday,12,40,332,7,106
Molniya | Molniya-1 n†­7,RVSN USSR,Molniya,Launch Successful,1966-10-20 07:50:00+00:00,"Site 1/5, Baikonur Cosmodrome, Kazakhstan",Unknown,1966,10,20,Thursday,7,40,194,7,83
Voskhod | Cosmos 130,RVSN USSR,Voskhod,Launch Successful,1966-10-20 08:46:00+00:00,"Site 31/6, Baikonur Cosmodrome, Kazakhstan",Unknown,1966,10,20,Thursday,8,40,330,7,101
Molniya-M /Block L | Luna 12,RVSN USSR,Molniya-M /Block L,Launch Successful,1966-10-22 08:38:00+00:00,"Site 31/6, Baikonur Cosmodrome, Kazakhstan",Unknown,1966,10,22,Saturday,8,40,196,7,101
Atlas-LV3C Centaur-D | Surveyor SD-4,General Dynamics,Atlas-LV3C Centaur-D,Launch Successful,1966-10-26 11:12:00+00:00,"SLC-36B, Cape Canaveral AFS, Florida, USA",Unknown,1966,10,26,Wednesday,11,17,64,7,65
Tsyklon | OGTch 2,RVSN USSR,Tsyklon,Partial Failure,1966-11-02 00:45:00+00:00,"Site 162, Baikonur Cosmodrome, Kazakhstan",Unknown,1966,11,2,Wednesday,0,40,320,7,95
Atlas-SLV3 Agena-D | KH-7 Gambit 4034,General Dynamics,Atlas-SLV3 Agena-D,Launch Successful,1966-11-02 20:23:00+00:00,"SLC-4E, Vandenberg AFB, California, USA",Unknown,1966,11,2,Wednesday,20,17,66,7,72
"Titan IIIC | Gemini B, OV4-3, &  OV4-1R/T",Martin Marietta,Titan IIIC,Launch Successful,1966-11-03 13:50:00+00:00,"SLC-40, Cape Canaveral AFS, Florida, USA",Unknown,1966,11,3,Thursday,13,34,306,7,69
Atlas-SLV3 Agena-D | Lunar Orbiter 2,General Dynamics,Atlas-SLV3 Agena-D,Launch Successful,1966-11-06 23:21:00+00:00,"LC-13, Cape Canaveral AFS, Florida, USA",Unknown,1966,11,6,Sunday,23,17,66,7,23
Atlas-SLV3 Agena-D | GATV 5001,General Dynamics,Atlas-SLV3 Agena-D,Launch Successful,1966-11-11 19:08:00+00:00,"LC-14, Cape Canaveral AFS, Florida, USA",Unknown,1966,11,11,Friday,19,17,66,7,24
Titan II GLV | Gemini XII,NASA,Titan II GLV,Launch Successful,1966-11-11 20:46:00+00:00,"LC-19, Cape Canaveral AFS, Florida, USA",Unknown,1966,11,11,Friday,20,35,298,7,28
Voskhod | Cosmos 131,RVSN USSR,Voskhod,Launch Successful,1966-11-12 09:51:00+00:00,"Site 41/1, Plesetsk Cosmodrome, Russia",Unknown,1966,11,12,Saturday,9,40,330,7,106
Cosmos-3 (11K65) | Strela-2 #2,RVSN USSR,Cosmos-3 (11K65),Launch Failure,1966-11-16 13:00:00+00:00,"Site 41/15, Baikonur Cosmodrome, Kazakhstan",Unknown,1966,11,16,Wednesday,13,40,80,7,107
Vostok-2 | Cosmos 132,RVSN USSR,Vostok-2,Launch Successful,1966-11-19 08:00:00+00:00,"Site 31/6, Baikonur Cosmodrome, Kazakhstan",Unknown,1966,11,19,Saturday,8,40,332,7,101
Soyuz | Cosmos 133,RVSN USSR,Soyuz,Launch Successful,1966-11-28 11:00:00+00:00,"Site 31/6, Baikonur Cosmodrome, Kazakhstan",Unknown,1966,11,28,Monday,11,40,257,7,101
Voskhod | Cosmos 134,RVSN USSR,Voskhod,Launch Successful,1966-12-03 08:15:00+00:00,"Site 31/6, Baikonur Cosmodrome, Kazakhstan",Unknown,1966,12,3,Saturday,8,40,330,7,101
Atlas-SLV3 Agena-D | KH-7 Gambit 4035,General Dynamics,Atlas-SLV3 Agena-D,Launch Successful,1966-12-05 21:09:00+00:00,"SLC-4E, Vandenberg AFB, California, USA",Unknown,1966,12,5,Monday,21,17,66,7,72
Atlas-SLV3 Agena-D | ATS-1,General Dynamics,Atlas-SLV3 Agena-D,Launch Successful,1966-12-07 02:12:00+00:00,"LC-12, Cape Canaveral AFS, Florida, USA",Unknown,1966,12,7,Wednesday,2,17,66,7,22
Atlas-D OV1 | OV1-9/OV1-10,General Dynamics,Atlas-D OV1,Launch Successful,1966-12-11 21:10:00+00:00,"LC-576B3, Vandenberg AFB, California, USA",Unknown,1966,12,11,Sunday,21,17,44,7,39
Cosmos-2I (63SM) | Cosmos 135,RVSN USSR,Cosmos-2I (63SM),Launch Successful,1966-12-12 20:37:00+00:00,"Site 86/1, Kapustin Yar, Russia",Unknown,1966,12,12,Monday,20,40,79,7,115
Soyuz | Soyuz 7K-OK n†­1,RVSN USSR,Soyuz,Launch Failure,1966-12-14 11:27:00+00:00,"Site 31/6, Baikonur Cosmodrome, Kazakhstan",Unknown,1966,12,14,Wednesday,11,40,257,7,101
Titan IIIB | OPS 8968,US Air Force,Titan IIIB,Launch Successful,1966-12-14 18:14:00+00:00,"SLC-4W, Vandenberg AFB, California, USA",Unknown,1966,12,14,Wednesday,18,48,305,7,73
Vostok-2 | Cosmos 136,RVSN USSR,Vostok-2,Launch Successful,1966-12-19 12:01:00+00:00,"Site 41/1, Plesetsk Cosmodrome, Russia",Unknown,1966,12,19,Monday,12,40,332,7,106
Molniya-M /Block L | Luna 13,RVSN USSR,Molniya-M /Block L,Launch Successful,1966-12-21 10:17:00+00:00,"Site 1/5, Baikonur Cosmodrome, Kazakhstan",Unknown,1966,12,21,Wednesday,10,40,196,7,83
Cosmos-2I (63S1) | Cosmos 137,RVSN USSR,Cosmos-2I (63S1),Launch Successful,1966-12-21 13:11:00+00:00,"Site 86/1, Kapustin Yar, Russia",Unknown,1966,12,21,Wednesday,13,40,78,7,115
Titan IIIC | OPS 9321-9328,Martin Marietta,Titan IIIC,Launch Successful,1967-01-18 14:19:00+00:00,"SLC-41, Cape Canaveral AFS, Florida, USA",Unknown,1967,1,18,Wednesday,14,34,306,7,70
Vostok-2 | Cosmos 138,RVSN USSR,Vostok-2,Launch Successful,1967-01-19 12:39:00+00:00,"Site 41/1, Plesetsk Cosmodrome, Russia",Unknown,1967,1,19,Thursday,12,40,332,7,106
Tsyklon | Cosmos 139,RVSN USSR,Tsyklon,Launch Successful,1967-01-25 13:55:00+00:00,"Site 162, Baikonur Cosmodrome, Kazakhstan",Unknown,1967,1,25,Wednesday,13,40,320,7,95
Saturn IB | Apollo 1,NASA,Saturn IB,Launch Failure,1967-01-27 23:31:00+00:00,"LC-34, Cape Canaveral AFS, Florida, USA",Unknown,1967,1,27,Friday,23,35,240,7,33
Atlas-SLV3 Agena-D | KH-7 Gambit 4036,General Dynamics,Atlas-SLV3 Agena-D,Launch Successful,1967-02-02 20:00:00+00:00,"SLC-4E, Vandenberg AFB, California, USA",Unknown,1967,2,2,Thursday,20,17,66,7,72
Atlas-SLV3 Agena-D | Lunar Orbiter 3,General Dynamics,Atlas-SLV3 Agena-D,Launch Successful,1967-02-05 01:17:00+00:00,"LC-13, Cape Canaveral AFS, Florida, USA",Unknown,1967,2,5,Sunday,1,17,66,7,23
Soyuz | Cosmos 140,RVSN USSR,Soyuz,Launch Successful,1967-02-07 13:20:00+00:00,"Site 1/5, Baikonur Cosmodrome, Kazakhstan",Unknown,1967,2,7,Tuesday,13,40,257,7,83
Diamant A | Diad?ªme 1,Arm??e de l'Air,Diamant A,Partial Failure,1967-02-08 08:39:00+00:00,"Brigitte, Hammaguir, Algeria, France",Unknown,1967,2,8,Wednesday,8,4,115,7,1
Voskhod | Cosmos 141,RVSN USSR,Voskhod,Launch Successful,1967-02-08 10:19:00+00:00,"Site 41/1, Plesetsk Cosmodrome, Russia",Unknown,1967,2,8,Wednesday,10,40,330,7,106
Cosmos-2I (63SM) | Cosmos 142,RVSN USSR,Cosmos-2I (63SM),Launch Successful,1967-02-14 10:04:00+00:00,"Site 86/1, Kapustin Yar, Russia",Unknown,1967,2,14,Tuesday,10,40,79,7,115
Diamant A | Diad?ªme 2,Arm??e de l'Air,Diamant A,Launch Successful,1967-02-15 10:06:00+00:00,"Brigitte, Hammaguir, Algeria, France",Unknown,1967,2,15,Wednesday,10,4,115,7,1
Titan IIIB | OPS 4204,US Air Force,Titan IIIB,Launch Successful,1967-02-24 19:55:00+00:00,"SLC-4W, Vandenberg AFB, California, USA",Unknown,1967,2,24,Friday,19,48,305,7,73
Vostok-2 | Cosmos 143,RVSN USSR,Vostok-2,Partial Failure,1967-02-27 08:45:00+00:00,"Site 1/5, Baikonur Cosmodrome, Kazakhstan",Unknown,1967,2,27,Monday,8,40,332,7,83
Vostok-2M | Cosmos 144,RVSN USSR,Vostok-2M,Launch Successful,1967-02-28 14:34:00+00:00,"Site 41/1, Plesetsk Cosmodrome, Russia",Unknown,1967,2,28,Tuesday,14,40,334,7,106
Cosmos-2I (63SM) | Cosmos 145,RVSN USSR,Cosmos-2I (63SM),Launch Successful,1967-03-03 06:44:00+00:00,"Site 86/1, Kapustin Yar, Russia",Unknown,1967,3,3,Friday,6,40,79,7,115
Proton K/Block D | Cosmos 146,RVSN USSR,Proton K/Block D,Launch Successful,1967-03-10 11:30:00+00:00,"Site 81/23, Baikonur Cosmodrome, Kazakhstan",Unknown,1967,3,10,Friday,11,40,228,7,113
Vostok-2 | Cosmos 147,RVSN USSR,Vostok-2,Launch Successful,1967-03-13 12:10:00+00:00,"Site 41/1, Plesetsk Cosmodrome, Russia",Unknown,1967,3,13,Monday,12,40,332,7,106
Cosmos-2I (63SM) | Cosmos 148,RVSN USSR,Cosmos-2I (63SM),Launch Successful,1967-03-16 17:30:00+00:00,"Site 133/3, Plesetsk Cosmodrome, Russia",Unknown,1967,3,16,Thursday,17,40,79,7,90
Cosmos-2I (63SM) | Cosmos 149,RVSN USSR,Cosmos-2I (63SM),Launch Successful,1967-03-21 10:07:00+00:00,"Site 86/1, Kapustin Yar, Russia",Unknown,1967,3,21,Tuesday,10,40,79,7,115
Voskhod | Cosmos 150,RVSN USSR,Voskhod,Launch Successful,1967-03-22 12:44:00+00:00,"Site 41/1, Plesetsk Cosmodrome, Russia",Unknown,1967,3,22,Wednesday,12,40,330,7,106
Tsyklon | OGTch 3,RVSN USSR,Tsyklon,Launch Failure,1967-03-22 14:05:00+00:00,"Site 161/35, Baikonur Cosmodrome, Kazakhstan",Unknown,1967,3,22,Wednesday,14,40,320,7,94
Cosmos-3 (11K65) | Cosmos 151,RVSN USSR,Cosmos-3 (11K65),Launch Successful,1967-03-24 11:50:00+00:00,"Site 41/15, Baikonur Cosmodrome, Kazakhstan",Unknown,1967,3,24,Friday,11,40,80,7,107
Cosmos-2I (63SM) | Cosmos 152,RVSN USSR,Cosmos-2I (63SM),Launch Successful,1967-03-25 06:59:00+00:00,"Site 133/3, Plesetsk Cosmodrome, Russia",Unknown,1967,3,25,Saturday,6,40,79,7,90
Vostok-2 | Cosmos 153,RVSN USSR,Vostok-2,Launch Successful,1967-04-04 14:00:00+00:00,"Site 41/1, Plesetsk Cosmodrome, Russia",Unknown,1967,4,4,Tuesday,14,40,332,7,106
Atlas-SLV3 Agena-D | ATS-2,General Dynamics,Atlas-SLV3 Agena-D,Partial Failure,1967-04-06 03:23:00+00:00,"LC-12, Cape Canaveral AFS, Florida, USA",Unknown,1967,4,6,Thursday,3,17,66,7,22
Proton K/Block D | Cosmos 154,RVSN USSR,Proton K/Block D,Partial Failure,1967-04-08 09:00:00+00:00,"Site 81/23, Baikonur Cosmodrome, Kazakhstan",Unknown,1967,4,8,Saturday,9,40,228,7,113
Voskhod | Cosmos 155,RVSN USSR,Voskhod,Launch Successful,1967-04-12 10:51:00+00:00,"Site 1/5, Baikonur Cosmodrome, Kazakhstan",Unknown,1967,4,12,Wednesday,10,40,330,7,83
Atlas-LV3C Centaur-D | Surveyor 3,General Dynamics,Atlas-LV3C Centaur-D,Launch Successful,1967-04-17 07:05:00+00:00,"SLC-36B, Cape Canaveral AFS, Florida, USA",Unknown,1967,4,17,Monday,7,17,64,7,65
Soyuz | Soyuz 1,RVSN USSR,Soyuz,Launch Successful,1967-04-23 00:35:00+00:00,"Site 1/5, Baikonur Cosmodrome, Kazakhstan",Unknown,1967,4,23,Sunday,0,40,257,7,83
Scout B | San Marco 2,ASI,Scout B,Launch Successful,1967-04-26 10:06:00+00:00,"SM Launch Tab, San Marco Launch Platform, Kenya",Unknown,1967,4,26,Wednesday,10,2,242,7,80
Vostok-2M | Cosmos 156,RVSN USSR,Vostok-2M,Launch Successful,1967-04-27 12:50:00+00:00,"Site 41/1, Plesetsk Cosmodrome, Russia",Unknown,1967,4,27,Thursday,12,40,334,7,106
"Titan IIIC | OPS-6638, OPS-6679, ORS-4, OV5-1, OV5-3",Martin Marietta,Titan IIIC,Launch Successful,1967-04-28 10:01:00+00:00,"SLC-41, Cape Canaveral AFS, Florida, USA",Unknown,1967,4,28,Friday,10,34,306,7,70
Atlas-SLV3 Agena-D | Lunar Orbiter 4,General Dynamics,Atlas-SLV3 Agena-D,Launch Successful,1967-05-04 22:25:00+00:00,"LC-13, Cape Canaveral AFS, Florida, USA",Unknown,1967,5,4,Thursday,22,17,66,7,23
Vostok-2 | Cosmos 157,RVSN USSR,Vostok-2,Launch Successful,1967-05-12 10:30:00+00:00,"Site 1/5, Baikonur Cosmodrome, Kazakhstan",Unknown,1967,5,12,Friday,10,40,332,7,83
Cosmos-3M (11K65M) | Cosmos 158,RVSN USSR,Cosmos-3M (11K65M),Launch Successful,1967-05-15 11:00:00+00:00,"Site 132/2, Plesetsk Cosmodrome, Russia",Unknown,1967,5,15,Monday,11,40,81,7,89
Molniya-M /Block L | Cosmos 159,RVSN USSR,Molniya-M /Block L,Partial Failure,1967-05-16 21:44:00+00:00,"Site 1/5, Baikonur Cosmodrome, Kazakhstan",Unknown,1967,5,16,Tuesday,21,40,196,7,83
Tsyklon | Cosmos 160,RVSN USSR,Tsyklon,Launch Successful,1967-05-17 16:05:00+00:00,"Site 161/35, Baikonur Cosmodrome, Kazakhstan",Unknown,1967,5,17,Wednesday,16,40,320,7,94
Voskhod | Cosmos 161,RVSN USSR,Voskhod,Launch Successful,1967-05-22 14:00:00+00:00,"Site 41/1, Plesetsk Cosmodrome, Russia",Unknown,1967,5,22,Monday,14,40,330,7,106
Atlas-SLV3 Agena-D | KH-7 Gambit 4037,General Dynamics,Atlas-SLV3 Agena-D,Launch Successful,1967-05-22 18:30:00+00:00,"SLC-4E, Vandenberg AFB, California, USA",Unknown,1967,5,22,Monday,18,17,66,7,72
Molniya | Molniya-1 n†­8,RVSN USSR,Molniya,Launch Successful,1967-05-24 22:50:00+00:00,"Site 1/5, Baikonur Cosmodrome, Kazakhstan",Unknown,1967,5,24,Wednesday,22,40,194,7,83
Voskhod | Cosmos 162,RVSN USSR,Voskhod,Launch Successful,1967-06-01 10:40:00+00:00,"Site 1/5, Baikonur Cosmodrome, Kazakhstan",Unknown,1967,6,1,Thursday,10,40,330,7,83
Atlas-SLV3 Agena-D | KH-7 Gambit 4038,General Dynamics,Atlas-SLV3 Agena-D,Launch Successful,1967-06-04 18:07:00+00:00,"SLC-4E, Vandenberg AFB, California, USA",Unknown,1967,6,4,Sunday,18,17,66,7,72
Cosmos-2I (63SM) | Cosmos 163,RVSN USSR,Cosmos-2I (63SM),Launch Successful,1967-06-05 05:03:00+00:00,"Site 86/1, Kapustin Yar, Russia",Unknown,1967,6,5,Monday,5,40,79,7,115
Voskhod | Cosmos 164,RVSN USSR,Voskhod,Launch Successful,1967-06-08 13:00:00+00:00,"Site 41/1, Plesetsk Cosmodrome, Russia",Unknown,1967,6,8,Thursday,13,40,330,7,106
Molniya-M /Block VL | Venera 4,RVSN USSR,Molniya-M /Block VL,Launch Successful,1967-06-12 02:39:00+00:00,"Site 1/5, Baikonur Cosmodrome, Kazakhstan",Unknown,1967,6,12,Monday,2,40,200,7,83
Cosmos-2I (63SM) | Cosmos 165,RVSN USSR,Cosmos-2I (63SM),Launch Successful,1967-06-12 18:06:00+00:00,"Site 133/3, Plesetsk Cosmodrome, Russia",Unknown,1967,6,12,Monday,18,40,79,7,90
Atlas-SLV3 Agena-D | Mariner 5,General Dynamics,Atlas-SLV3 Agena-D,Launch Successful,1967-06-14 06:01:00+00:00,"LC-12, Cape Canaveral AFS, Florida, USA",Unknown,1967,6,14,Wednesday,6,17,66,7,22
Cosmos-2I (63SM) | Cosmos 166,RVSN USSR,Cosmos-2I (63SM),Launch Successful,1967-06-16 04:43:00+00:00,"Site 86/1, Kapustin Yar, Russia",Unknown,1967,6,16,Friday,4,40,79,7,115
Molniya-M /Block VL | Cosmos 167,RVSN USSR,Molniya-M /Block VL,Partial Failure,1967-06-17 02:36:00+00:00,"Site 1/5, Baikonur Cosmodrome, Kazakhstan",Unknown,1967,6,17,Saturday,2,40,200,7,83
Voskhod | Zenit-4 n†­31,RVSN USSR,Voskhod,Launch Failure,1967-06-20 11:00:00+00:00,"Site 41/1, Plesetsk Cosmodrome, Russia",Unknown,1967,6,20,Tuesday,11,40,330,7,106
Titan IIIB | OPS 4282,US Air Force,Titan IIIB,Partial Failure,1967-06-20 16:19:00+00:00,"SLC-4W, Vandenberg AFB, California, USA",Unknown,1967,6,20,Tuesday,16,48,305,7,73
"Titan IIIC | OPS 9331-9334, LES-5 & DODGE",Martin Marietta,Titan IIIC,Launch Successful,1967-07-01 13:15:00+00:00,"SLC-41, Cape Canaveral AFS, Florida, USA",Unknown,1967,7,1,Saturday,13,34,306,7,70
Voskhod | Cosmos 168,RVSN USSR,Voskhod,Launch Successful,1967-07-04 05:59:00+00:00,"Site 31/6, Baikonur Cosmodrome, Kazakhstan",Unknown,1967,7,4,Tuesday,5,40,330,7,101
Atlas-LV3C Centaur-D | Surveyor 4,General Dynamics,Atlas-LV3C Centaur-D,Launch Successful,1967-07-14 11:53:00+00:00,"SLC-36A, Cape Canaveral AFS, Florida, USA",Unknown,1967,7,14,Friday,11,17,64,7,64
Tsyklon | Cosmos 169,RVSN USSR,Tsyklon,Launch Successful,1967-07-17 16:45:00+00:00,"Site 162, Baikonur Cosmodrome, Kazakhstan",Unknown,1967,7,17,Monday,16,40,320,7,95
Voskhod | Zenit-4 n†­32,RVSN USSR,Voskhod,Launch Failure,1967-07-21 06:00:00+00:00,"Site 31/6, Baikonur Cosmodrome, Kazakhstan",Unknown,1967,7,21,Friday,6,40,330,7,101
Atlas-D OV1 | OV1-11/OV1-12/OV1-86,General Dynamics,Atlas-D OV1,Partial Failure,1967-07-27 19:00:00+00:00,"LC-576B3, Vandenberg AFB, California, USA",Unknown,1967,7,27,Thursday,19,17,44,7,39
Tsyklon | Cosmos 170,RVSN USSR,Tsyklon,Launch Successful,1967-07-31 16:45:00+00:00,"Site 161/35, Baikonur Cosmodrome, Kazakhstan",Unknown,1967,7,31,Monday,16,40,320,7,94
Atlas-SLV3 Agena-D | Lunar Orbiter 5,General Dynamics,Atlas-SLV3 Agena-D,Launch Successful,1967-08-01 22:33:00+00:00,"LC-13, Cape Canaveral AFS, Florida, USA",Unknown,1967,8,1,Tuesday,22,17,66,7,23
Tsyklon | Cosmos 171,RVSN USSR,Tsyklon,Launch Successful,1967-08-08 16:05:00+00:00,"Site 162, Baikonur Cosmodrome, Kazakhstan",Unknown,1967,8,8,Tuesday,16,40,320,7,95
Voskhod | Cosmos 172,RVSN USSR,Voskhod,Launch Successful,1967-08-09 05:45:00+00:00,"Site 1/5, Baikonur Cosmodrome, Kazakhstan",Unknown,1967,8,9,Wednesday,5,40,330,7,83
Titan IIIB | OPS 4866,US Air Force,Titan IIIB,Launch Successful,1967-08-16 17:02:00+00:00,"SLC-4W, Vandenberg AFB, California, USA",Unknown,1967,8,16,Wednesday,17,48,305,7,73
Cosmos-2I (63SM) | Cosmos 173,RVSN USSR,Cosmos-2I (63SM),Launch Successful,1967-08-24 04:59:00+00:00,"Site 133/3, Plesetsk Cosmodrome, Russia",Unknown,1967,8,24,Thursday,4,40,79,7,90
Molniya | Cosmos 174,RVSN USSR,Molniya,Launch Successful,1967-08-31 08:00:00+00:00,"Site 1/5, Baikonur Cosmodrome, Kazakhstan",Unknown,1967,8,31,Thursday,8,40,194,7,83
Voskhod | Zenit-2 n†­51,RVSN USSR,Voskhod,Launch Failure,1967-09-01 10:30:00+00:00,"Site 41/1, Plesetsk Cosmodrome, Russia",Unknown,1967,9,1,Friday,10,40,330,7,106
Atlas-SLV3C Centaur-D | Surveyor 5,General Dynamics,Atlas-SLV3C Centaur-D,Launch Successful,1967-09-08 07:57:00+00:00,"SLC-36B, Cape Canaveral AFS, Florida, USA",Unknown,1967,9,8,Friday,7,17,70,7,65
Voskhod | Cosmos 175,RVSN USSR,Voskhod,Launch Successful,1967-09-11 10:30:00+00:00,"Site 41/1, Plesetsk Cosmodrome, Russia",Unknown,1967,9,11,Monday,10,40,330,7,106
Cosmos-2I (63SM) | Cosmos 176,RVSN USSR,Cosmos-2I (63SM),Launch Successful,1967-09-12 17:00:00+00:00,"Site 133/3, Plesetsk Cosmodrome, Russia",Unknown,1967,9,12,Tuesday,17,40,79,7,90
Voskhod | Cosmos 177,RVSN USSR,Voskhod,Launch Successful,1967-09-16 06:06:00+00:00,"Site 1/5, Baikonur Cosmodrome, Kazakhstan",Unknown,1967,9,16,Saturday,6,40,330,7,83
Tsyklon | Cosmos 178,RVSN USSR,Tsyklon,Launch Successful,1967-09-19 14:45:00+00:00,"Site 161/35, Baikonur Cosmodrome, Kazakhstan",Unknown,1967,9,19,Tuesday,14,40,320,7,94
Titan IIIB | OPS 4941,US Air Force,Titan IIIB,Launch Successful,1967-09-19 18:28:00+00:00,"SLC-4W, Vandenberg AFB, California, USA",Unknown,1967,9,19,Tuesday,18,48,305,7,73
Tsyklon | Cosmos 179,RVSN USSR,Tsyklon,Launch Successful,1967-09-22 14:05:00+00:00,"Site 162, Baikonur Cosmodrome, Kazakhstan",Unknown,1967,9,22,Friday,14,40,320,7,95
Voskhod | Cosmos 180,RVSN USSR,Voskhod,Launch Successful,1967-09-26 10:20:00+00:00,"Site 41/1, Plesetsk Cosmodrome, Russia",Unknown,1967,9,26,Tuesday,10,40,330,7,106
Cosmos-3M (11K65M) | Zaliv #2,RVSN USSR,Cosmos-3M (11K65M),Launch Failure,1967-09-27 11:00:00+00:00,"Site 132/2, Plesetsk Cosmodrome, Russia",Unknown,1967,9,27,Wednesday,11,40,81,7,89
Proton K/Block D | Zond,RVSN USSR,Proton K/Block D,Launch Failure,1967-09-27 21:11:00+00:00,"Site 81/23, Baikonur Cosmodrome, Kazakhstan",Unknown,1967,9,27,Wednesday,21,40,228,7,113
Molniya | Molniya-1 n†­9,RVSN USSR,Molniya,Launch Successful,1967-10-03 05:00:00+00:00,"Site 1/5, Baikonur Cosmodrome, Kazakhstan",Unknown,1967,10,3,Tuesday,5,40,194,7,83
Voskhod | Cosmos 181,RVSN USSR,Voskhod,Launch Successful,1967-10-11 11:30:00+00:00,"Site 41/1, Plesetsk Cosmodrome, Russia",Unknown,1967,10,11,Wednesday,11,40,330,7,106
Cosmos-3 (11K65) | VKZ,OKB-586,Cosmos-3 (11K65),Launch Successful,1967-10-12 14:15:00+00:00,"Site 41/15, Baikonur Cosmodrome, Kazakhstan",Unknown,1967,10,12,Thursday,14,37,80,7,107
Voskhod | Cosmos 182,RVSN USSR,Voskhod,Launch Successful,1967-10-16 08:00:00+00:00,"Site 31/6, Baikonur Cosmodrome, Kazakhstan",Unknown,1967,10,16,Monday,8,40,330,7,101
Tsyklon | Cosmos 183,RVSN USSR,Tsyklon,Launch Successful,1967-10-18 13:30:00+00:00,"Site 161/35, Baikonur Cosmodrome, Kazakhstan",Unknown,1967,10,18,Wednesday,13,40,320,7,94
Molniya | Molniya-1 n†­12,RVSN USSR,Molniya,Launch Successful,1967-10-22 08:40:00+00:00,"Site 1/5, Baikonur Cosmodrome, Kazakhstan",Unknown,1967,10,22,Sunday,8,40,194,7,83
Vostok-2M | Cosmos 184,RVSN USSR,Vostok-2M,Launch Successful,1967-10-24 22:49:00+00:00,"Site 41/1, Plesetsk Cosmodrome, Russia",Unknown,1967,10,24,Tuesday,22,40,334,7,106
Titan IIIB | OPS 4995,US Air Force,Titan IIIB,Launch Successful,1967-10-25 19:15:00+00:00,"SLC-4W, Vandenberg AFB, California, USA",Unknown,1967,10,25,Wednesday,19,48,305,7,73
Tsyklon-2A | Cosmos 185,RVSN USSR,Tsyklon-2A,Launch Successful,1967-10-27 02:21:00+00:00,"Site 90/19, Baikonur Cosmodrome, Kazakhstan",Unknown,1967,10,27,Friday,2,40,322,7,116
Soyuz | Cosmos 186,RVSN USSR,Soyuz,Launch Successful,1967-10-27 09:29:00+00:00,"Site 31/6, Baikonur Cosmodrome, Kazakhstan",Unknown,1967,10,27,Friday,9,40,257,7,101
Tsyklon | Cosmos 187,RVSN USSR,Tsyklon,Launch Successful,1967-10-28 13:15:00+00:00,"Site 162, Baikonur Cosmodrome, Kazakhstan",Unknown,1967,10,28,Saturday,13,40,320,7,95
Soyuz | Cosmos 188,RVSN USSR,Soyuz,Launch Successful,1967-10-30 08:12:00+00:00,"Site 1/5, Baikonur Cosmodrome, Kazakhstan",Unknown,1967,10,30,Monday,8,40,257,7,83
Cosmos-3M (11K65M) | Cosmos 189,RVSN USSR,Cosmos-3M (11K65M),Launch Successful,1967-10-30 18:00:00+00:00,"Site 132/2, Plesetsk Cosmodrome, Russia",Unknown,1967,10,30,Monday,18,40,81,7,89
Voskhod | Cosmos 190,RVSN USSR,Voskhod,Launch Successful,1967-11-03 11:20:00+00:00,"Site 41/1, Plesetsk Cosmodrome, Russia",Unknown,1967,11,3,Friday,11,40,330,7,106
Atlas-SLV3 Agena-D | ATS-3,General Dynamics,Atlas-SLV3 Agena-D,Launch Successful,1967-11-05 23:37:00+00:00,"LC-12, Cape Canaveral AFS, Florida, USA",Unknown,1967,11,5,Sunday,23,17,66,7,22
Atlas-SLV3C Centaur-D | Surveyor 6,General Dynamics,Atlas-SLV3C Centaur-D,Launch Successful,1967-11-07 07:39:00+00:00,"SLC-36B, Cape Canaveral AFS, Florida, USA",Unknown,1967,11,7,Tuesday,7,17,70,7,65
Saturn V | Apollo 4,NASA,Saturn V,Launch Successful,1967-11-09 12:00:00+00:00,"LC-39A, Kennedy Space Center, Florida, USA",Unknown,1967,11,9,Thursday,12,35,241,7,34
Cosmos-2I (63SM) | Cosmos 191,RVSN USSR,Cosmos-2I (63SM),Launch Successful,1967-11-21 14:29:00+00:00,"Site 133/3, Plesetsk Cosmodrome, Russia",Unknown,1967,11,21,Tuesday,14,40,79,7,90
Proton K/Block D | Zond,RVSN USSR,Proton K/Block D,Launch Failure,1967-11-22 19:07:00+00:00,"Site 81/24, Baikonur Cosmodrome, Kazakhstan",Unknown,1967,11,22,Wednesday,19,40,228,7,114
Cosmos-3M (11K65M) | Cosmos 192,RVSN USSR,Cosmos-3M (11K65M),Launch Successful,1967-11-23 15:00:00+00:00,"Site 132/2, Plesetsk Cosmodrome, Russia",Unknown,1967,11,23,Thursday,15,40,81,7,89
Voskhod | Cosmos 193,RVSN USSR,Voskhod,Launch Successful,1967-11-25 11:30:00+00:00,"Site 41/1, Plesetsk Cosmodrome, Russia",Unknown,1967,11,25,Saturday,11,40,330,7,106
Voskhod | Cosmos 194,RVSN USSR,Voskhod,Launch Successful,1967-12-03 12:00:00+00:00,"Site 41/1, Plesetsk Cosmodrome, Russia",Unknown,1967,12,3,Sunday,12,40,330,7,106
Titan IIIB | OPS 5000,US Air Force,Titan IIIB,Launch Successful,1967-12-05 18:45:00+00:00,"SLC-4W, Vandenberg AFB, California, USA",Unknown,1967,12,5,Tuesday,18,48,305,7,73
Voskhod | Cosmos 195,RVSN USSR,Voskhod,Launch Successful,1967-12-16 12:00:00+00:00,"Site 41/1, Plesetsk Cosmodrome, Russia",Unknown,1967,12,16,Saturday,12,40,330,7,106
Cosmos-2I (63S1) | Cosmos 196,RVSN USSR,Cosmos-2I (63S1),Launch Successful,1967-12-19 06:30:00+00:00,"Site 86/1, Kapustin Yar, Russia",Unknown,1967,12,19,Tuesday,6,40,78,7,115
Cosmos-2I (63SM) | Cosmos 197,RVSN USSR,Cosmos-2I (63SM),Launch Successful,1967-12-26 09:01:00+00:00,"Site 86/1, Kapustin Yar, Russia",Unknown,1967,12,26,Tuesday,9,40,79,7,115
Tsyklon-2A | Cosmos 198,RVSN USSR,Tsyklon-2A,Launch Successful,1967-12-27 11:28:00+00:00,"Site 90/19, Baikonur Cosmodrome, Kazakhstan",Unknown,1967,12,27,Wednesday,11,40,322,7,116
Atlas-SLV3C Centaur-D | Surveyor 7,General Dynamics,Atlas-SLV3C Centaur-D,Launch Successful,1968-01-07 06:30:00+00:00,"SLC-36A, Cape Canaveral AFS, Florida, USA",Unknown,1968,1,7,Sunday,6,17,70,7,64
Voskhod | Cosmos 199,RVSN USSR,Voskhod,Launch Successful,1968-01-16 12:00:00+00:00,"Site 41/1, Plesetsk Cosmodrome, Russia",Unknown,1968,1,16,Tuesday,12,40,330,7,106
Titan IIIB | OPS 5028,US Air Force,Titan IIIB,Launch Successful,1968-01-18 19:04:00+00:00,"SLC-4W, Vandenberg AFB, California, USA",Unknown,1968,1,18,Thursday,19,48,305,7,73
Cosmos-3M (11K65M) | Cosmos 200,RVSN USSR,Cosmos-3M (11K65M),Launch Successful,1968-01-19 22:00:00+00:00,"Site 132/2, Plesetsk Cosmodrome, Russia",Unknown,1968,1,19,Friday,22,40,81,7,89
Saturn IB | Apollo 5,NASA,Saturn IB,Launch Successful,1968-01-22 22:48:00+00:00,"SLC-37B, Cape Canaveral AFS, Florida, USA",Unknown,1968,1,22,Monday,22,35,240,7,66
Voskhod | Cosmos 201,RVSN USSR,Voskhod,Launch Successful,1968-02-06 08:00:00+00:00,"Site 31/6, Baikonur Cosmodrome, Kazakhstan",Unknown,1968,2,6,Tuesday,8,40,330,7,101
Molniya-M /Block L | E-6LS n†­112,RVSN USSR,Molniya-M /Block L,Launch Failure,1968-02-07 10:43:00+00:00,"Site 1/5, Baikonur Cosmodrome, Kazakhstan",Unknown,1968,2,7,Wednesday,10,40,196,7,83
Cosmos-2I (63SM) | Cosmos 202,RVSN USSR,Cosmos-2I (63SM),Launch Successful,1968-02-20 10:03:00+00:00,"Site 86/1, Kapustin Yar, Russia",Unknown,1968,2,20,Tuesday,10,40,79,7,115
Cosmos-3M (11K65M) | Cosmos 203,RVSN USSR,Cosmos-3M (11K65M),Launch Successful,1968-02-20 16:00:00+00:00,"Site 132/2, Plesetsk Cosmodrome, Russia",Unknown,1968,2,20,Tuesday,16,40,81,7,89
Proton K/Block D | Zond-4,RVSN USSR,Proton K/Block D,Partial Failure,1968-03-02 18:29:00+00:00,"Site 81/23, Baikonur Cosmodrome, Kazakhstan",Unknown,1968,3,2,Saturday,18,40,228,7,113
Atlas-SLV3A Agena-D | OGO-5,General Dynamics,Atlas-SLV3A Agena-D,Launch Successful,1968-03-04 13:06:00+00:00,"LC-13, Cape Canaveral AFS, Florida, USA",Unknown,1968,3,4,Monday,13,17,68,7,23
Cosmos-2I (63SM) | Cosmos 204,RVSN USSR,Cosmos-2I (63SM),Launch Successful,1968-03-05 11:20:00+00:00,"Site 133/3, Plesetsk Cosmodrome, Russia",Unknown,1968,3,5,Tuesday,11,40,79,7,90
Voskhod | Cosmos 205,RVSN USSR,Voskhod,Launch Successful,1968-03-05 12:30:00+00:00,"Site 41/1, Plesetsk Cosmodrome, Russia",Unknown,1968,3,5,Tuesday,12,40,330,7,106
Titan IIIB | OPS 5057,US Air Force,Titan IIIB,Launch Successful,1968-03-13 19:55:00+00:00,"SLC-4W, Vandenberg AFB, California, USA",Unknown,1968,3,13,Wednesday,19,48,305,7,73
Vostok-2M | Cosmos 206,RVSN USSR,Vostok-2M,Launch Successful,1968-03-14 09:34:00+00:00,"Site 41/1, Plesetsk Cosmodrome, Russia",Unknown,1968,3,14,Thursday,9,40,334,7,106
Voskhod | Cosmos 207,RVSN USSR,Voskhod,Launch Successful,1968-03-16 12:30:00+00:00,"Site 41/1, Plesetsk Cosmodrome, Russia",Unknown,1968,3,16,Saturday,12,40,330,7,106
Voskhod | Cosmos 208,RVSN USSR,Voskhod,Launch Successful,1968-03-21 09:50:00+00:00,"Site 1/5, Baikonur Cosmodrome, Kazakhstan",Unknown,1968,3,21,Thursday,9,40,330,7,83
Tsyklon-2A | Cosmos 209,RVSN USSR,Tsyklon-2A,Launch Successful,1968-03-22 09:30:00+00:00,"Site 90/19, Baikonur Cosmodrome, Kazakhstan",Unknown,1968,3,22,Friday,9,40,322,7,116
Voskhod | Cosmos 210,RVSN USSR,Voskhod,Launch Successful,1968-04-03 11:00:00+00:00,"Site 41/1, Plesetsk Cosmodrome, Russia",Unknown,1968,4,3,Wednesday,11,40,330,7,106
Saturn V | Apollo 6,NASA,Saturn V,Partial Failure,1968-04-04 12:00:00+00:00,"LC-39A, Kennedy Space Center, Florida, USA",Unknown,1968,4,4,Thursday,12,35,241,7,34
Atlas-E/F OV1 | OV1-13/OV1-14,General Dynamics,Atlas-E/F OV1,Launch Successful,1968-04-06 09:59:00+00:00,"LC-576A2, Vandenberg AFB, California, USA",Unknown,1968,4,6,Saturday,9,17,50,7,38
Molniya-M /Block L | Luna 14,RVSN USSR,Molniya-M /Block L,Launch Successful,1968-04-07 10:09:00+00:00,"Site 1/5, Baikonur Cosmodrome, Kazakhstan",Unknown,1968,4,7,Sunday,10,40,196,7,83
Cosmos-2I (63SM) | Cosmos 211,RVSN USSR,Cosmos-2I (63SM),Launch Successful,1968-04-09 11:26:00+00:00,"Site 133/3, Plesetsk Cosmodrome, Russia",Unknown,1968,4,9,Tuesday,11,40,79,7,90
Soyuz | Cosmos 212,RVSN USSR,Soyuz,Launch Successful,1968-04-14 10:00:00+00:00,"Site 31/6, Baikonur Cosmodrome, Kazakhstan",Unknown,1968,4,14,Sunday,10,40,257,7,101
Soyuz | Cosmos 213,RVSN USSR,Soyuz,Launch Successful,1968-04-15 09:34:00+00:00,"Site 1/5, Baikonur Cosmodrome, Kazakhstan",Unknown,1968,4,15,Monday,9,40,257,7,83
Titan IIIB | OPS 5105,US Air Force,Titan IIIB,Launch Successful,1968-04-17 17:00:00+00:00,"SLC-4W, Vandenberg AFB, California, USA",Unknown,1968,4,17,Wednesday,17,48,305,7,73
Voskhod | Cosmos 214,RVSN USSR,Voskhod,Launch Successful,1968-04-18 10:30:00+00:00,"Site 41/1, Plesetsk Cosmodrome, Russia",Unknown,1968,4,18,Thursday,10,40,330,7,106
Cosmos-2I (63SM) | Cosmos 215,RVSN USSR,Cosmos-2I (63SM),Launch Successful,1968-04-18 22:29:00+00:00,"Site 86/1, Kapustin Yar, Russia",Unknown,1968,4,18,Thursday,22,40,79,7,115
Voskhod | Cosmos 216,RVSN USSR,Voskhod,Launch Successful,1968-04-20 10:30:00+00:00,"Site 31/6, Baikonur Cosmodrome, Kazakhstan",Unknown,1968,4,20,Saturday,10,40,330,7,101
Molniya-M /Block L | Molniya-1 n†­10,RVSN USSR,Molniya-M /Block L,Launch Successful,1968-04-21 04:20:00+00:00,"Site 1/5, Baikonur Cosmodrome, Kazakhstan",Unknown,1968,4,21,Sunday,4,40,196,7,83
Proton K/Block D | Zond,RVSN USSR,Proton K/Block D,Launch Failure,1968-04-22 23:01:00+00:00,"Site 81/24, Baikonur Cosmodrome, Kazakhstan",Unknown,1968,4,22,Monday,23,40,228,7,114
Tsyklon-2A | Cosmos 217,RVSN USSR,Tsyklon-2A,Partial Failure,1968-04-24 16:00:00+00:00,"Site 90/19, Baikonur Cosmodrome, Kazakhstan",Unknown,1968,4,24,Wednesday,16,40,322,7,116
Tsyklon | Cosmos 218,RVSN USSR,Tsyklon,Launch Successful,1968-04-25 00:45:00+00:00,"Site 162, Baikonur Cosmodrome, Kazakhstan",Unknown,1968,4,25,Thursday,0,40,320,7,95
Cosmos-2I (63SM) | Cosmos 219,RVSN USSR,Cosmos-2I (63SM),Launch Successful,1968-04-26 04:42:00+00:00,"Site 86/1, Kapustin Yar, Russia",Unknown,1968,4,26,Friday,4,40,79,7,115
Cosmos-3M (11K65M) | Cosmos 220,RVSN USSR,Cosmos-3M (11K65M),Launch Successful,1968-05-07 13:57:00+00:00,"Site 132/2, Plesetsk Cosmodrome, Russia",Unknown,1968,5,7,Tuesday,13,40,81,7,89
Cosmos-2I (63SM) | Cosmos 221,RVSN USSR,Cosmos-2I (63SM),Launch Successful,1968-05-24 07:04:00+00:00,"Site 86/1, Kapustin Yar, Russia",Unknown,1968,5,24,Friday,7,40,79,7,115
Cosmos-2I (63SM) | Cosmos 222,RVSN USSR,Cosmos-2I (63SM),Launch Successful,1968-05-30 20:29:00+00:00,"Site 133/3, Plesetsk Cosmodrome, Russia",Unknown,1968,5,30,Thursday,20,40,79,7,90
Voskhod | Cosmos 223,RVSN USSR,Voskhod,Launch Successful,1968-06-01 10:50:00+00:00,"Site 41/1, Plesetsk Cosmodrome, Russia",Unknown,1968,6,1,Saturday,10,40,330,7,106
Voskhod | Cosmos 224,RVSN USSR,Voskhod,Launch Successful,1968-06-04 06:45:00+00:00,"Site 31/6, Baikonur Cosmodrome, Kazakhstan",Unknown,1968,6,4,Tuesday,6,40,330,7,101
Cosmos-3M (11K65M) | Sfera #2,RVSN USSR,Cosmos-3M (11K65M),Launch Failure,1968-06-04 18:45:00+00:00,"Site 132/2, Plesetsk Cosmodrome, Russia",Unknown,1968,6,4,Tuesday,18,40,81,7,89
Titan IIIB | OPS 5138,US Air Force,Titan IIIB,Launch Successful,1968-06-05 17:31:00+00:00,"SLC-4W, Vandenberg AFB, California, USA",Unknown,1968,6,5,Wednesday,17,48,305,7,73
Cosmos-2I (63SM) | Cosmos 225,RVSN USSR,Cosmos-2I (63SM),Launch Successful,1968-06-11 21:29:00+00:00,"Site 86/1, Kapustin Yar, Russia",Unknown,1968,6,11,Tuesday,21,40,79,7,115
Vostok-2M | Cosmos 226,RVSN USSR,Vostok-2M,Launch Successful,1968-06-12 13:14:00+00:00,"Site 41/1, Plesetsk Cosmodrome, Russia",Unknown,1968,6,12,Wednesday,13,40,334,7,106
Titan IIIC | OPS 9341-9348,Martin Marietta,Titan IIIC,Launch Successful,1968-06-13 14:03:00+00:00,"SLC-41, Cape Canaveral AFS, Florida, USA",Unknown,1968,6,13,Thursday,14,34,306,7,70
Voskhod | Cosmos 227,RVSN USSR,Voskhod,Launch Successful,1968-06-18 16:15:00+00:00,"Site 31/6, Baikonur Cosmodrome, Kazakhstan",Unknown,1968,6,18,Tuesday,16,40,330,7,101
Voskhod | Cosmos 228,RVSN USSR,Voskhod,Launch Successful,1968-06-21 12:00:00+00:00,"Site 1/5, Baikonur Cosmodrome, Kazakhstan",Unknown,1968,6,21,Friday,12,40,330,7,83
Voskhod | Cosmos 229,RVSN USSR,Voskhod,Launch Successful,1968-06-26 11:00:00+00:00,"Site 41/1, Plesetsk Cosmodrome, Russia",Unknown,1968,6,26,Wednesday,11,40,330,7,106
Cosmos-2I (63SM) | Cosmos 230,RVSN USSR,Cosmos-2I (63SM),Launch Successful,1968-07-05 06:59:00+00:00,"Site 86/1, Kapustin Yar, Russia",Unknown,1968,7,5,Friday,6,40,79,7,115
Molniya-M /Block L | Molniya-1 n†­13,RVSN USSR,Molniya-M /Block L,Launch Successful,1968-07-05 15:25:00+00:00,"Site 1/5, Baikonur Cosmodrome, Kazakhstan",Unknown,1968,7,5,Friday,15,40,196,7,83
Voskhod | Cosmos 231,RVSN USSR,Voskhod,Launch Successful,1968-07-10 19:49:00+00:00,"Site 31/6, Baikonur Cosmodrome, Kazakhstan",Unknown,1968,7,10,Wednesday,19,40,330,7,101
Atlas-E/F OV1 | OV1-15/OV1-16,General Dynamics,Atlas-E/F OV1,Launch Successful,1968-07-11 19:30:00+00:00,"LC-576A2, Vandenberg AFB, California, USA",Unknown,1968,7,11,Thursday,19,17,50,7,38
Voskhod | Cosmos 232,RVSN USSR,Voskhod,Launch Successful,1968-07-16 13:10:00+00:00,"Site 41/1, Plesetsk Cosmodrome, Russia",Unknown,1968,7,16,Tuesday,13,40,330,7,106
Cosmos-2I (63SM) | Cosmos 233,RVSN USSR,Cosmos-2I (63SM),Launch Successful,1968-07-18 19:59:00+00:00,"Site 133/3, Plesetsk Cosmodrome, Russia",Unknown,1968,7,18,Thursday,19,40,79,7,90
Voskhod | Cosmos 234,RVSN USSR,Voskhod,Launch Successful,1968-07-30 07:00:00+00:00,"Site 31/6, Baikonur Cosmodrome, Kazakhstan",Unknown,1968,7,30,Tuesday,7,40,330,7,101
Atlas-SLV3A Agena-D | Canyon 1 (AFP-827),General Dynamics,Atlas-SLV3A Agena-D,Launch Successful,1968-08-06 11:08:00+00:00,"LC-13, Cape Canaveral AFS, Florida, USA",Unknown,1968,8,6,Tuesday,11,17,68,7,23
Titan IIIB | OPS 5187,US Air Force,Titan IIIB,Launch Successful,1968-08-06 16:33:00+00:00,"SLC-4W, Vandenberg AFB, California, USA",Unknown,1968,8,6,Tuesday,16,48,305,7,73
Titan IIIB | OPS 5247,US Air Force,Titan IIIB,Launch Successful,1968-08-06 18:30:00+00:00,"SLC-4W, Vandenberg AFB, California, USA",Unknown,1968,8,6,Tuesday,18,48,305,7,73
Voskhod | Cosmos 235,RVSN USSR,Voskhod,Launch Successful,1968-08-09 07:00:00+00:00,"Site 31/6, Baikonur Cosmodrome, Kazakhstan",Unknown,1968,8,9,Friday,7,40,330,7,101
Atlas-SLV3C Centaur-D | ATS-4,General Dynamics,Atlas-SLV3C Centaur-D,Partial Failure,1968-08-10 22:33:00+00:00,"SLC-36A, Cape Canaveral AFS, Florida, USA",Unknown,1968,8,10,Saturday,22,17,70,7,64
Atlas-SLV3 Burner-2 | STP P68-1,General Dynamics,Atlas-SLV3 Burner-2,Launch Failure,1968-08-16 20:57:00+00:00,"SLC-3E, Vandenberg AFB, California, USA",Unknown,1968,8,16,Friday,20,17,67,7,67
Cosmos-3 (11K65) | Cosmos 236,RVSN USSR,Cosmos-3 (11K65),Launch Successful,1968-08-27 11:29:00+00:00,"Site 41/15, Baikonur Cosmodrome, Kazakhstan",Unknown,1968,8,27,Tuesday,11,40,80,7,107
Voskhod | Cosmos 237,RVSN USSR,Voskhod,Launch Successful,1968-08-27 12:59:00+00:00,"Site 41/1, Plesetsk Cosmodrome, Russia",Unknown,1968,8,27,Tuesday,12,40,330,7,106
Soyuz | Cosmos 238,RVSN USSR,Soyuz,Launch Successful,1968-08-28 10:04:00+00:00,"Site 31/6, Baikonur Cosmodrome, Kazakhstan",Unknown,1968,8,28,Wednesday,10,40,257,7,101
Voskhod | Cosmos 239,RVSN USSR,Voskhod,Launch Successful,1968-09-05 07:00:00+00:00,"Site 31/6, Baikonur Cosmodrome, Kazakhstan",Unknown,1968,9,5,Thursday,7,40,330,7,101
Voskhod | Cosmos 240,RVSN USSR,Voskhod,Launch Successful,1968-09-14 16:50:00+00:00,"Site 31/6, Baikonur Cosmodrome, Kazakhstan",Unknown,1968,9,14,Saturday,16,40,330,7,101
Proton K/Block D | Zond-5,RVSN USSR,Proton K/Block D,Launch Successful,1968-09-14 21:42:00+00:00,"Site 81/23, Baikonur Cosmodrome, Kazakhstan",Unknown,1968,9,14,Saturday,21,40,228,7,113
Voskhod | Cosmos 241,RVSN USSR,Voskhod,Launch Successful,1968-09-16 12:30:00+00:00,"Site 41/1, Plesetsk Cosmodrome, Russia",Unknown,1968,9,16,Monday,12,40,330,7,106
Cosmos-2I (63SM) | Cosmos 242,RVSN USSR,Cosmos-2I (63SM),Launch Successful,1968-09-20 14:39:00+00:00,"Site 133/3, Plesetsk Cosmodrome, Russia",Unknown,1968,9,20,Friday,14,40,79,7,90
Voskhod | Cosmos 243,RVSN USSR,Voskhod,Launch Successful,1968-09-23 07:39:00+00:00,"Site 1/5, Baikonur Cosmodrome, Kazakhstan",Unknown,1968,9,23,Monday,7,40,330,7,83
"Titan IIIC | LES-6, OV2-5, OV5-2, OV5-4",Martin Marietta,Titan IIIC,Launch Successful,1968-09-26 07:37:00+00:00,"SLC-41, Cape Canaveral AFS, Florida, USA",Unknown,1968,9,26,Thursday,7,34,306,7,70
Tsyklon | Cosmos 244,RVSN USSR,Tsyklon,Launch Successful,1968-10-02 13:35:00+00:00,"Site 161/35, Baikonur Cosmodrome, Kazakhstan",Unknown,1968,10,2,Wednesday,13,40,320,7,94
Cosmos-2I (63SM) | Cosmos 245,RVSN USSR,Cosmos-2I (63SM),Launch Successful,1968-10-03 12:59:00+00:00,"Site 133/3, Plesetsk Cosmodrome, Russia",Unknown,1968,10,3,Thursday,12,40,79,7,90
Molniya-M /Block L | Molniya-1 n†­14,RVSN USSR,Molniya-M /Block L,Launch Successful,1968-10-05 00:32:00+00:00,"Site 1/5, Baikonur Cosmodrome, Kazakhstan",Unknown,1968,10,5,Saturday,0,40,196,7,83
Voskhod | Cosmos 246,RVSN USSR,Voskhod,Partial Failure,1968-10-07 12:05:00+00:00,"Site 41/1, Plesetsk Cosmodrome, Russia",Unknown,1968,10,7,Monday,12,40,330,7,106
Voskhod | Cosmos 247,RVSN USSR,Voskhod,Launch Successful,1968-10-11 12:05:00+00:00,"Site 41/1, Plesetsk Cosmodrome, Russia",Unknown,1968,10,11,Friday,12,40,330,7,106
Saturn IB | Apollo 7,NASA,Saturn IB,Launch Successful,1968-10-11 15:02:00+00:00,"LC-34, Cape Canaveral AFS, Florida, USA",Unknown,1968,10,11,Friday,15,35,240,7,33
Tsyklon-2A | Cosmos 248,RVSN USSR,Tsyklon-2A,Launch Successful,1968-10-19 04:20:00+00:00,"Site 90/19, Baikonur Cosmodrome, Kazakhstan",Unknown,1968,10,19,Saturday,4,40,322,7,116
Tsyklon-2A | Cosmos 249,RVSN USSR,Tsyklon-2A,Launch Successful,1968-10-20 04:02:00+00:00,"Site 90/20, Baikonur Cosmodrome, Kazakhstan",Unknown,1968,10,20,Sunday,4,40,322,7,117
Soyuz | Soyuz 2,RVSN USSR,Soyuz,Launch Successful,1968-10-25 09:00:00+00:00,"Site 1/5, Baikonur Cosmodrome, Kazakhstan",Unknown,1968,10,25,Friday,9,40,257,7,83
Soyuz | Soyuz 3,RVSN USSR,Soyuz,Launch Successful,1968-10-26 08:34:00+00:00,"Site 31/6, Baikonur Cosmodrome, Kazakhstan",Unknown,1968,10,26,Saturday,8,40,257,7,101
Cosmos-3M (11K65M) | Cosmos 250,RVSN USSR,Cosmos-3M (11K65M),Launch Successful,1968-10-30 22:00:00+00:00,"Site 132/2, Plesetsk Cosmodrome, Russia",Unknown,1968,10,30,Wednesday,22,40,81,7,89
Voskhod | Cosmos 251,RVSN USSR,Voskhod,Launch Successful,1968-10-31 09:14:00+00:00,"Site 1/5, Baikonur Cosmodrome, Kazakhstan",Unknown,1968,10,31,Thursday,9,40,330,7,83
Tsyklon-2A | Cosmos 252,RVSN USSR,Tsyklon-2A,Launch Successful,1968-11-01 00:27:00+00:00,"Site 90/20, Baikonur Cosmodrome, Kazakhstan",Unknown,1968,11,1,Friday,0,40,322,7,117
Titan IIIB | OPS 5296,US Air Force,Titan IIIB,Launch Successful,1968-11-06 19:10:00+00:00,"SLC-4W, Vandenberg AFB, California, USA",Unknown,1968,11,6,Wednesday,19,48,305,7,73
Proton K/Block D | Zond-6,RVSN USSR,Proton K/Block D,Launch Successful,1968-11-10 19:11:00+00:00,"Site 81/23, Baikonur Cosmodrome, Kazakhstan",Unknown,1968,11,10,Sunday,19,40,228,7,113
Voskhod | Cosmos 253,RVSN USSR,Voskhod,Launch Successful,1968-11-13 12:00:00+00:00,"Site 41/1, Plesetsk Cosmodrome, Russia",Unknown,1968,11,13,Wednesday,12,40,330,7,106
Proton K | Proton-4,RVSN USSR,Proton K,Launch Successful,1968-11-16 11:40:00+00:00,"Site 81/24, Baikonur Cosmodrome, Kazakhstan",Unknown,1968,11,16,Saturday,11,40,227,7,114
Voskhod | Cosmos 254,RVSN USSR,Voskhod,Launch Successful,1968-11-21 12:10:00+00:00,"Site 41/1, Plesetsk Cosmodrome, Russia",Unknown,1968,11,21,Thursday,12,40,330,7,106
Europa 1 | STV-1,CECLES,Europa 1,Launch Successful,1968-11-29 09:47:00+00:00,"LA-5B, RAAF Woomera Range Complex, Australia",Unknown,1968,11,29,Friday,9,9,126,7,16
Voskhod | Cosmos 255,RVSN USSR,Voskhod,Launch Successful,1968-11-29 12:40:00+00:00,"Site 41/1, Plesetsk Cosmodrome, Russia",Unknown,1968,11,29,Friday,12,40,330,7,106
Cosmos-3M (11K65M) | Cosmos 256,RVSN USSR,Cosmos-3M (11K65M),Launch Successful,1968-11-30 12:00:00+00:00,"Site 132/2, Plesetsk Cosmodrome, Russia",Unknown,1968,11,30,Saturday,12,40,81,7,89
Cosmos-2I (63SM) | Cosmos 257,RVSN USSR,Cosmos-2I (63SM),Launch Successful,1968-12-03 14:52:00+00:00,"Site 133/3, Plesetsk Cosmodrome, Russia",Unknown,1968,12,3,Tuesday,14,40,79,7,90
Titan IIIB | OPS 6518,US Air Force,Titan IIIB,Launch Successful,1968-12-04 19:23:00+00:00,"SLC-4W, Vandenberg AFB, California, USA",Unknown,1968,12,4,Wednesday,19,48,305,7,73
Atlas-SLV3C Centaur-D | OAO-2,General Dynamics,Atlas-SLV3C Centaur-D,Launch Successful,1968-12-07 08:40:00+00:00,"SLC-36B, Cape Canaveral AFS, Florida, USA",Unknown,1968,12,7,Saturday,8,17,70,7,65
Voskhod | Cosmos 258,RVSN USSR,Voskhod,Launch Successful,1968-12-10 08:25:00+00:00,"Site 31/6, Baikonur Cosmodrome, Kazakhstan",Unknown,1968,12,10,Tuesday,8,40,330,7,101
Cosmos-2I (63SM) | Cosmos 259,RVSN USSR,Cosmos-2I (63SM),Launch Successful,1968-12-14 05:09:00+00:00,"Site 86/1, Kapustin Yar, Russia",Unknown,1968,12,14,Saturday,5,40,79,7,115
Molniya-M /Block L | Cosmos 260,RVSN USSR,Molniya-M /Block L,Launch Successful,1968-12-16 09:15:00+00:00,"Site 1/5, Baikonur Cosmodrome, Kazakhstan",Unknown,1968,12,16,Monday,9,40,196,7,83
Cosmos-2I (63SM) | Cosmos 261,RVSN USSR,Cosmos-2I (63SM),Launch Successful,1968-12-19 23:55:00+00:00,"Site 133/3, Plesetsk Cosmodrome, Russia",Unknown,1968,12,19,Thursday,23,40,79,7,90
Saturn V | Apollo 8,NASA,Saturn V,Launch Successful,1968-12-21 12:51:00+00:00,"LC-39A, Kennedy Space Center, Florida, USA",Unknown,1968,12,21,Saturday,12,35,241,7,34
Cosmos-2I (63SM) | Cosmos 262,RVSN USSR,Cosmos-2I (63SM),Launch Successful,1968-12-26 09:45:00+00:00,"Site 86/1, Kapustin Yar, Russia",Unknown,1968,12,26,Thursday,9,40,79,7,115
Molniya-M /Block VL | Venera 5,RVSN USSR,Molniya-M /Block VL,Launch Successful,1969-01-05 06:28:00+00:00,"Site 1/5, Baikonur Cosmodrome, Kazakhstan",Unknown,1969,1,5,Sunday,6,40,200,7,83
Molniya-M /Block VL | Venera 6,RVSN USSR,Molniya-M /Block VL,Launch Successful,1969-01-10 05:51:00+00:00,"Site 1/5, Baikonur Cosmodrome, Kazakhstan",Unknown,1969,1,10,Friday,5,40,200,7,83
Voskhod | Cosmos 263,RVSN USSR,Voskhod,Launch Successful,1969-01-12 12:10:00+00:00,"Site 41/1, Plesetsk Cosmodrome, Russia",Unknown,1969,1,12,Sunday,12,40,330,7,106
Soyuz | Soyuz 4,RVSN USSR,Soyuz,Launch Successful,1969-01-14 07:30:00+00:00,"Site 31/6, Baikonur Cosmodrome, Kazakhstan",Unknown,1969,1,14,Tuesday,7,40,257,7,101
Soyuz | Soyuz 5,RVSN USSR,Soyuz,Launch Successful,1969-01-15 07:04:00+00:00,"Site 1/5, Baikonur Cosmodrome, Kazakhstan",Unknown,1969,1,15,Wednesday,7,40,257,7,83
Proton K/Block D | Zond,RVSN USSR,Proton K/Block D,Launch Failure,1969-01-20 04:14:00+00:00,"Site 81/23, Baikonur Cosmodrome, Kazakhstan",Unknown,1969,1,20,Monday,4,40,228,7,113
Titan IIIB | OPS 7585,US Air Force,Titan IIIB,Launch Successful,1969-01-22 19:10:00+00:00,"SLC-4W, Vandenberg AFB, California, USA",Unknown,1969,1,22,Wednesday,19,48,305,7,73
Voskhod | Cosmos 264,RVSN USSR,Voskhod,Launch Successful,1969-01-23 09:15:00+00:00,"Site 1/5, Baikonur Cosmodrome, Kazakhstan",Unknown,1969,1,23,Thursday,9,40,330,7,83
Tsyklon-2A | US-A n†­5,RVSN USSR,Tsyklon-2A,Launch Failure,1969-01-25 11:14:00+00:00,"Site 90/19, Baikonur Cosmodrome, Kazakhstan",Unknown,1969,1,25,Saturday,11,40,322,7,116
Vostok-2M | Meteor n†­11,RVSN USSR,Vostok-2M,Launch Failure,1969-02-01 12:11:00+00:00,"Site 41/1, Plesetsk Cosmodrome, Russia",Unknown,1969,2,1,Saturday,12,40,334,7,106
Cosmos-2I (63SM) | Cosmos 265,RVSN USSR,Cosmos-2I (63SM),Launch Successful,1969-02-07 13:59:00+00:00,"Site 133/3, Plesetsk Cosmodrome, Russia",Unknown,1969,2,7,Friday,13,40,79,7,90
Titan IIIC | OPS-0757 (Tacsat),Martin Marietta,Titan IIIC,Launch Successful,1969-02-09 21:09:00+00:00,"SLC-41, Cape Canaveral AFS, Florida, USA",Unknown,1969,2,9,Sunday,21,34,306,7,70
Proton K/Block D | Luna-15a,RVSN USSR,Proton K/Block D,Launch Failure,1969-02-19 06:48:00+00:00,"Site 81/24, Baikonur Cosmodrome, Kazakhstan",Unknown,1969,2,19,Wednesday,6,40,228,7,114
N1-L3 | 3L (Zond L1S-1),RVSN USSR,N1-L3,Launch Failure,1969-02-21 09:18:00+00:00,"Site 110/38, Baikonur Cosmodrome, Kazakhstan",Unknown,1969,2,21,Friday,9,40,212,7,87
Atlas-SLV3C Centaur-D | Mariner 6,General Dynamics,Atlas-SLV3C Centaur-D,Launch Successful,1969-02-25 01:29:00+00:00,"SLC-36B, Cape Canaveral AFS, Florida, USA",Unknown,1969,2,25,Tuesday,1,17,70,7,65
Voskhod | Cosmos 266,RVSN USSR,Voskhod,Launch Successful,1969-02-25 10:20:00+00:00,"Site 41/1, Plesetsk Cosmodrome, Russia",Unknown,1969,2,25,Tuesday,10,40,330,7,106
Voskhod | Cosmos 267,RVSN USSR,Voskhod,Launch Successful,1969-02-26 08:30:00+00:00,"Site 31/6, Baikonur Cosmodrome, Kazakhstan",Unknown,1969,2,26,Wednesday,8,40,330,7,101
Saturn V | Apollo 9,NASA,Saturn V,Launch Successful,1969-03-03 16:00:00+00:00,"LC-39A, Kennedy Space Center, Florida, USA",Unknown,1969,3,3,Monday,16,35,241,7,34
Titan IIIB | OPS 4248,US Air Force,Titan IIIB,Launch Successful,1969-03-04 19:30:00+00:00,"SLC-4W, Vandenberg AFB, California, USA",Unknown,1969,3,4,Tuesday,19,48,305,7,73
Cosmos-2I (63SM) | Cosmos 268,RVSN USSR,Cosmos-2I (63SM),Launch Successful,1969-03-05 13:04:00+00:00,"Site 86/1, Kapustin Yar, Russia",Unknown,1969,3,5,Wednesday,13,40,79,7,115
Cosmos-3M (11K65M) | Cosmos 269,RVSN USSR,Cosmos-3M (11K65M),Launch Successful,1969-03-05 17:25:00+00:00,"Site 132/2, Plesetsk Cosmodrome, Russia",Unknown,1969,3,5,Wednesday,17,40,81,7,89
Voskhod | Cosmos 270,RVSN USSR,Voskhod,Launch Successful,1969-03-06 12:15:00+00:00,"Site 41/1, Plesetsk Cosmodrome, Russia",Unknown,1969,3,6,Thursday,12,40,330,7,106
Voskhod | Cosmos 271,RVSN USSR,Voskhod,Launch Successful,1969-03-15 12:15:00+00:00,"Site 41/1, Plesetsk Cosmodrome, Russia",Unknown,1969,3,15,Saturday,12,40,330,7,106
Cosmos-3M (11K65M) | Cosmos 272,RVSN USSR,Cosmos-3M (11K65M),Launch Successful,1969-03-17 16:40:00+00:00,"Site 132/2, Plesetsk Cosmodrome, Russia",Unknown,1969,3,17,Monday,16,40,81,7,89
Atlas-E/F OV1 | OV1-17/OV1-18/OV1-19,General Dynamics,Atlas-E/F OV1,Launch Successful,1969-03-18 07:47:00+00:00,"LC-576A2, Vandenberg AFB, California, USA",Unknown,1969,3,18,Tuesday,7,17,50,7,38
Voskhod | Cosmos 273,RVSN USSR,Voskhod,Launch Successful,1969-03-22 12:15:00+00:00,"Site 41/1, Plesetsk Cosmodrome, Russia",Unknown,1969,3,22,Saturday,12,40,330,7,106
Voskhod | Cosmos 274,RVSN USSR,Voskhod,Launch Successful,1969-03-24 10:10:00+00:00,"Site 31/6, Baikonur Cosmodrome, Kazakhstan",Unknown,1969,3,24,Monday,10,40,330,7,101
Vostok-2M | Meteor n†­12,RVSN USSR,Vostok-2M,Launch Failure,1969-03-26 12:30:00+00:00,"Site 41/1, Plesetsk Cosmodrome, Russia",Unknown,1969,3,26,Wednesday,12,40,334,7,106
Proton K/Block D | M-69 N†­521,RVSN USSR,Proton K/Block D,Launch Failure,1969-03-27 10:40:00+00:00,"Site 81/23, Baikonur Cosmodrome, Kazakhstan",Unknown,1969,3,27,Thursday,10,40,228,7,113
Atlas-SLV3C Centaur-D | Mariner 7,General Dynamics,Atlas-SLV3C Centaur-D,Launch Successful,1969-03-27 22:22:00+00:00,"SLC-36A, Cape Canaveral AFS, Florida, USA",Unknown,1969,3,27,Thursday,22,17,70,7,64
Cosmos-2I (63SM) | Cosmos 275,RVSN USSR,Cosmos-2I (63SM),Launch Successful,1969-03-28 16:00:00+00:00,"Site 133/3, Plesetsk Cosmodrome, Russia",Unknown,1969,3,28,Friday,16,40,79,7,90
Proton K/Block D | M-69 ???522,RVSN USSR,Proton K/Block D,Launch Failure,1969-04-02 10:33:00+00:00,"Site 81/24, Baikonur Cosmodrome, Kazakhstan",Unknown,1969,4,2,Wednesday,10,40,228,7,114
Voskhod | Cosmos 276,RVSN USSR,Voskhod,Launch Successful,1969-04-04 10:20:00+00:00,"Site 41/1, Plesetsk Cosmodrome, Russia",Unknown,1969,4,4,Friday,10,40,330,7,106
Cosmos-2I (63SM) | Cosmos 277,RVSN USSR,Cosmos-2I (63SM),Launch Successful,1969-04-04 13:00:00+00:00,"Site 133/3, Plesetsk Cosmodrome, Russia",Unknown,1969,4,4,Friday,13,40,79,7,90
Voskhod | Cosmos 278,RVSN USSR,Voskhod,Launch Successful,1969-04-09 13:00:00+00:00,"Site 41/1, Plesetsk Cosmodrome, Russia",Unknown,1969,4,9,Wednesday,13,40,330,7,106
Molniya-M /Block L | Molniya-1 n†­16,RVSN USSR,Molniya-M /Block L,Launch Successful,1969-04-11 02:30:00+00:00,"Site 1/5, Baikonur Cosmodrome, Kazakhstan",Unknown,1969,4,11,Friday,2,40,196,7,83
Atlas-SLV3A Agena-D | Canyon 2 (AFP-827),General Dynamics,Atlas-SLV3A Agena-D,Launch Successful,1969-04-13 02:30:00+00:00,"LC-13, Cape Canaveral AFS, Florida, USA",Unknown,1969,4,13,Sunday,2,17,68,7,23
Voskhod | Cosmos 279,RVSN USSR,Voskhod,Launch Successful,1969-04-15 08:14:00+00:00,"Site 31/6, Baikonur Cosmodrome, Kazakhstan",Unknown,1969,4,15,Tuesday,8,40,330,7,101
Titan IIIB | OPS 5310,US Air Force,Titan IIIB,Launch Successful,1969-04-15 17:30:00+00:00,"SLC-4W, Vandenberg AFB, California, USA",Unknown,1969,4,15,Tuesday,17,48,305,7,73
Voskhod | Cosmos 280,RVSN USSR,Voskhod,Launch Successful,1969-04-23 09:55:00+00:00,"Site 1/5, Baikonur Cosmodrome, Kazakhstan",Unknown,1969,4,23,Wednesday,9,40,330,7,83
Voskhod | Cosmos 281,RVSN USSR,Voskhod,Partial Failure,1969-05-13 09:15:00+00:00,"Site 41/1, Plesetsk Cosmodrome, Russia",Unknown,1969,5,13,Tuesday,9,40,330,7,106
Saturn V | Apollo 10,NASA,Saturn V,Launch Successful,1969-05-18 16:49:00+00:00,"LC-39B, Kennedy Space Center, Florida, USA",Unknown,1969,5,18,Sunday,16,35,241,7,35
Voskhod | Cosmos 282,RVSN USSR,Voskhod,Launch Successful,1969-05-20 08:40:00+00:00,"Site 41/1, Plesetsk Cosmodrome, Russia",Unknown,1969,5,20,Tuesday,8,40,330,7,106
"Titan IIIC | OPS-6909, OPS-6911, OV5-5, OV5-6, OV5-9",Martin Marietta,Titan IIIC,Launch Successful,1969-05-23 07:57:00+00:00,"SLC-41, Cape Canaveral AFS, Florida, USA",Unknown,1969,5,23,Friday,7,34,306,7,70
Cosmos-2I (63SM) | Cosmos 283,RVSN USSR,Cosmos-2I (63SM),Launch Successful,1969-05-27 13:00:00+00:00,"Site 133/3, Plesetsk Cosmodrome, Russia",Unknown,1969,5,27,Tuesday,13,40,79,7,90
Voskhod | Cosmos 284,RVSN USSR,Voskhod,Launch Successful,1969-05-29 06:59:00+00:00,"Site 31/6, Baikonur Cosmodrome, Kazakhstan",Unknown,1969,5,29,Thursday,6,40,330,7,101
Cosmos-2I (63SM) | Cosmos 285,RVSN USSR,Cosmos-2I (63SM),Launch Successful,1969-06-03 12:57:00+00:00,"Site 133/3, Plesetsk Cosmodrome, Russia",Unknown,1969,6,3,Tuesday,12,40,79,7,90
Titan IIIB | OPS 1077,US Air Force,Titan IIIB,Launch Successful,1969-06-03 16:49:00+00:00,"SLC-4W, Vandenberg AFB, California, USA",Unknown,1969,6,3,Tuesday,16,48,305,7,73
Cosmos-3MRB (65MRB) | BOR-2 Shuttle,RVSN USSR,Cosmos-3MRB (65MRB),Launch Successful,1969-06-12 06:00:00+00:00,"Site 86/1, Kapustin Yar, Russia",Unknown,1969,6,12,Thursday,6,40,82,7,115
Proton K/Block D | Luna-15b,RVSN USSR,Proton K/Block D,Launch Failure,1969-06-14 23:59:00+00:00,"Site 81/24, Baikonur Cosmodrome, Kazakhstan",Unknown,1969,6,14,Saturday,23,40,228,7,114
Voskhod | Cosmos 286,RVSN USSR,Voskhod,Launch Successful,1969-06-15 08:59:00+00:00,"Site 41/1, Plesetsk Cosmodrome, Russia",Unknown,1969,6,15,Sunday,8,40,330,7,106
Voskhod | Cosmos 287,RVSN USSR,Voskhod,Launch Successful,1969-06-24 06:50:00+00:00,"Site 31/6, Baikonur Cosmodrome, Kazakhstan",Unknown,1969,6,24,Tuesday,6,40,330,7,101
Voskhod | Cosmos 288,RVSN USSR,Voskhod,Launch Successful,1969-06-27 06:59:00+00:00,"Site 1/5, Baikonur Cosmodrome, Kazakhstan",Unknown,1969,6,27,Friday,6,40,330,7,83
Europa 1 | STV-2,CECLES,Europa 1,Launch Failure,1969-07-03 08:06:00+00:00,"LA-5B, RAAF Woomera Range Complex, Australia",Unknown,1969,7,3,Thursday,8,9,126,7,16
N1-L3 | 5L (Zond L1S-2),RVSN USSR,N1-L3,Launch Failure,1969-07-03 20:18:00+00:00,"Site 110/38, Baikonur Cosmodrome, Kazakhstan",Unknown,1969,7,3,Thursday,20,40,212,7,87
Voskhod | Cosmos 289,RVSN USSR,Voskhod,Launch Successful,1969-07-10 09:00:00+00:00,"Site 41/1, Plesetsk Cosmodrome, Russia",Unknown,1969,7,10,Thursday,9,40,330,7,106
Saturn V | Apollo 11,NASA,Saturn V,Launch Successful,1969-07-16 13:32:00+00:00,"LC-39A, Kennedy Space Center, Florida, USA",Unknown,1969,7,16,Wednesday,13,35,241,7,34
Voskhod | Cosmos 290,RVSN USSR,Voskhod,Launch Successful,1969-07-22 12:30:00+00:00,"Site 41/1, Plesetsk Cosmodrome, Russia",Unknown,1969,7,22,Tuesday,12,40,330,7,106
Molniya-M /Block L | Molniya-1 n†­18,RVSN USSR,Molniya-M /Block L,Launch Successful,1969-07-22 12:55:00+00:00,"Site 1/5, Baikonur Cosmodrome, Kazakhstan",Unknown,1969,7,22,Tuesday,12,40,196,7,83
Cosmos-2I (63SM) | DS-P1-You #23,RVSN USSR,Cosmos-2I (63SM),Launch Failure,1969-07-23 09:00:00+00:00,"Site 133/3, Plesetsk Cosmodrome, Russia",Unknown,1969,7,23,Wednesday,9,40,79,7,90
Tsyklon-2 | Cosmos 291,RVSN USSR,Tsyklon-2,Launch Successful,1969-08-06 05:40:00+00:00,"Site 90/19, Baikonur Cosmodrome, Kazakhstan",Unknown,1969,8,6,Wednesday,5,40,321,7,116
Proton K/Block D | Zond-7,RVSN USSR,Proton K/Block D,Launch Successful,1969-08-07 23:48:00+00:00,"Site 81/23, Baikonur Cosmodrome, Kazakhstan",Unknown,1969,8,7,Thursday,23,40,228,7,113
Atlas-SLV3C Centaur-D | ATS-5,General Dynamics,Atlas-SLV3C Centaur-D,Launch Successful,1969-08-12 11:01:00+00:00,"SLC-36A, Cape Canaveral AFS, Florida, USA",Unknown,1969,8,12,Tuesday,11,17,70,7,64
Cosmos-3M (11K65M) | Cosmos 292,RVSN USSR,Cosmos-3M (11K65M),Launch Successful,1969-08-13 22:00:00+00:00,"Site 132/2, Plesetsk Cosmodrome, Russia",Unknown,1969,8,13,Wednesday,22,40,81,7,89
Voskhod | Cosmos 293,RVSN USSR,Voskhod,Launch Successful,1969-08-16 11:59:00+00:00,"Site 31/6, Baikonur Cosmodrome, Kazakhstan",Unknown,1969,8,16,Saturday,11,40,330,7,101
Voskhod | Cosmos 294,RVSN USSR,Voskhod,Launch Successful,1969-08-19 13:00:00+00:00,"Site 41/1, Plesetsk Cosmodrome, Russia",Unknown,1969,8,19,Tuesday,13,40,330,7,106
Cosmos-2I (63SM) | Cosmos 295,RVSN USSR,Cosmos-2I (63SM),Launch Successful,1969-08-22 14:14:00+00:00,"Site 133/3, Plesetsk Cosmodrome, Russia",Unknown,1969,8,22,Friday,14,40,79,7,90
Titan III(23)B | OPS 7807,US Air Force,Titan III(23)B,Launch Successful,1969-08-23 16:00:00+00:00,"SLC-4W, Vandenberg AFB, California, USA",Unknown,1969,8,23,Saturday,16,48,300,7,73
Voskhod | Cosmos 296,RVSN USSR,Voskhod,Launch Successful,1969-08-29 09:05:00+00:00,"Site 31/6, Baikonur Cosmodrome, Kazakhstan",Unknown,1969,8,29,Friday,9,40,330,7,101
Voskhod | Cosmos 297,RVSN USSR,Voskhod,Launch Successful,1969-09-02 11:00:00+00:00,"Site 41/1, Plesetsk Cosmodrome, Russia",Unknown,1969,9,2,Tuesday,11,40,330,7,106
Tsyklon | Cosmos 298,RVSN USSR,Tsyklon,Launch Successful,1969-09-15 16:00:00+00:00,"Site 191/66, Baikonur Cosmodrome, Kazakhstan",Unknown,1969,9,15,Monday,16,40,320,7,97
Voskhod | Cosmos 299,RVSN USSR,Voskhod,Launch Successful,1969-09-18 08:40:00+00:00,"Site 31/6, Baikonur Cosmodrome, Kazakhstan",Unknown,1969,9,18,Thursday,8,40,330,7,101
Proton K/Block D | Cosmos 300 (luna-16a),RVSN USSR,Proton K/Block D,Launch Successful,1969-09-23 15:00:00+00:00,"Site 81/24, Baikonur Cosmodrome, Kazakhstan",Unknown,1969,9,23,Tuesday,15,40,228,7,114
Voskhod | Cosmos 301,RVSN USSR,Voskhod,Launch Successful,1969-09-24 12:15:00+00:00,"Site 41/1, Plesetsk Cosmodrome, Russia",Unknown,1969,9,24,Wednesday,12,40,330,7,106
Vostok-2M | Meteor n†­13,RVSN USSR,Vostok-2M,Launch Successful,1969-10-06 01:45:00+00:00,"Site 41/1, Plesetsk Cosmodrome, Russia",Unknown,1969,10,6,Monday,1,40,334,7,106
Soyuz | Soyuz 6,RVSN USSR,Soyuz,Launch Successful,1969-10-11 11:10:00+00:00,"Site 31/6, Baikonur Cosmodrome, Kazakhstan",Unknown,1969,10,11,Saturday,11,40,257,7,101
Soyuz | Soyuz 7,RVSN USSR,Soyuz,Launch Successful,1969-10-12 10:44:00+00:00,"Site 1/5, Baikonur Cosmodrome, Kazakhstan",Unknown,1969,10,12,Sunday,10,40,257,7,83
Soyuz | Soyuz 8,RVSN USSR,Soyuz,Launch Successful,1969-10-13 10:19:00+00:00,"Site 31/6, Baikonur Cosmodrome, Kazakhstan",Unknown,1969,10,13,Monday,10,40,257,7,101
Cosmos-2I (63SM) | Intercosmos-1,RVSN USSR,Cosmos-2I (63SM),Launch Successful,1969-10-14 13:19:00+00:00,"Site 86/1, Kapustin Yar, Russia",Unknown,1969,10,14,Tuesday,13,40,79,7,115
Voskhod | Cosmos 302,RVSN USSR,Voskhod,Launch Successful,1969-10-17 11:45:00+00:00,"Site 41/1, Plesetsk Cosmodrome, Russia",Unknown,1969,10,17,Friday,11,40,330,7,106
Cosmos-2I (63SM) | Cosmos 303,RVSN USSR,Cosmos-2I (63SM),Launch Successful,1969-10-18 10:00:00+00:00,"Site 133/3, Plesetsk Cosmodrome, Russia",Unknown,1969,10,18,Saturday,10,40,79,7,90
Cosmos-3M (11K65M) | Cosmos 304,RVSN USSR,Cosmos-3M (11K65M),Launch Successful,1969-10-21 12:49:00+00:00,"Site 132/1, Plesetsk Cosmodrome, Russia",Unknown,1969,10,21,Tuesday,12,40,81,7,88
Proton K/Block D | Cosmos 305 (Luna-16b),RVSN USSR,Proton K/Block D,Launch Failure,1969-10-22 14:09:00+00:00,"Site 81/24, Baikonur Cosmodrome, Kazakhstan",Unknown,1969,10,22,Wednesday,14,40,228,7,114
Voskhod | Cosmos 306,RVSN USSR,Voskhod,Launch Successful,1969-10-24 09:40:00+00:00,"Site 1/5, Baikonur Cosmodrome, Kazakhstan",Unknown,1969,10,24,Friday,9,40,330,7,83
Cosmos-2I (63SM) | Cosmos 307,RVSN USSR,Cosmos-2I (63SM),Launch Successful,1969-10-24 13:01:00+00:00,"Site 86/1, Kapustin Yar, Russia",Unknown,1969,10,24,Friday,13,40,79,7,115
Titan III(23)B | OPS 8455,US Air Force,Titan III(23)B,Launch Successful,1969-10-24 18:10:00+00:00,"SLC-4W, Vandenberg AFB, California, USA",Unknown,1969,10,24,Friday,18,48,300,7,73
Tsyklon-2 | IS Mass Model,Yuzhmash,Tsyklon-2,Launch Successful,1969-11-01 10:59:00+00:00,"Site 90/20, Baikonur Cosmodrome, Kazakhstan",Unknown,1969,11,1,Saturday,10,53,321,7,117
Cosmos-2I (63SM) | Cosmos 308,RVSN USSR,Cosmos-2I (63SM),Launch Successful,1969-11-04 12:00:00+00:00,"Site 133/3, Plesetsk Cosmodrome, Russia",Unknown,1969,11,4,Tuesday,12,40,79,7,90
Voskhod | Cosmos 309,RVSN USSR,Voskhod,Launch Successful,1969-11-12 11:30:00+00:00,"Site 41/1, Plesetsk Cosmodrome, Russia",Unknown,1969,11,12,Wednesday,11,40,330,7,106
Saturn V | Apollo 12,NASA,Saturn V,Launch Successful,1969-11-14 16:22:00+00:00,"LC-39A, Kennedy Space Center, Florida, USA",Unknown,1969,11,14,Friday,16,35,241,7,34
Voskhod | Cosmos 310,RVSN USSR,Voskhod,Launch Successful,1969-11-15 08:30:00+00:00,"Site 31/6, Baikonur Cosmodrome, Kazakhstan",Unknown,1969,11,15,Saturday,8,40,330,7,101
Cosmos-2I (63SM) | Cosmos 311,RVSN USSR,Cosmos-2I (63SM),Launch Successful,1969-11-24 11:04:00+00:00,"Site 133/3, Plesetsk Cosmodrome, Russia",Unknown,1969,11,24,Monday,11,40,79,7,90
Cosmos-3M (11K65M) | Cosmos 312,RVSN USSR,Cosmos-3M (11K65M),Launch Successful,1969-11-24 16:49:00+00:00,"Site 132/1, Plesetsk Cosmodrome, Russia",Unknown,1969,11,24,Monday,16,40,81,7,88
Proton K/Block D | Zond (L1E),RVSN USSR,Proton K/Block D,Launch Failure,1969-11-28 09:00:00+00:00,"Site 81/23, Baikonur Cosmodrome, Kazakhstan",Unknown,1969,11,28,Friday,9,40,228,7,113
Voskhod | Cosmos 313,RVSN USSR,Voskhod,Launch Successful,1969-12-03 13:20:00+00:00,"Site 43/4, Plesetsk Cosmodrome, Russia",Unknown,1969,12,3,Wednesday,13,40,330,7,109
Cosmos-2I (63SM) | Cosmos 314,RVSN USSR,Cosmos-2I (63SM),Launch Successful,1969-12-11 12:59:00+00:00,"Site 133/3, Plesetsk Cosmodrome, Russia",Unknown,1969,12,11,Thursday,12,40,79,7,90
Cosmos-3M (11K65M) | Cosmos 315,RVSN USSR,Cosmos-3M (11K65M),Launch Successful,1969-12-20 03:26:00+00:00,"Site 132/1, Plesetsk Cosmodrome, Russia",Unknown,1969,12,20,Saturday,3,40,81,7,88
Tsyklon-2 | Cosmos 316,RVSN USSR,Tsyklon-2,Launch Successful,1969-12-23 09:25:00+00:00,"Site 90/20, Baikonur Cosmodrome, Kazakhstan",Unknown,1969,12,23,Tuesday,9,40,321,7,117
Voskhod | Cosmos 317,RVSN USSR,Voskhod,Launch Successful,1969-12-23 13:50:00+00:00,"Site 41/1, Plesetsk Cosmodrome, Russia",Unknown,1969,12,23,Tuesday,13,40,330,7,106
Cosmos-2I (63SM) | Intercosmos-2,RVSN USSR,Cosmos-2I (63SM),Launch Successful,1969-12-25 09:59:00+00:00,"Site 86/1, Kapustin Yar, Russia",Unknown,1969,12,25,Thursday,9,40,79,7,115
Cosmos-3M (11K65M) | Ionosfernaya #1,RVSN USSR,Cosmos-3M (11K65M),Launch Failure,1969-12-27 14:20:00+00:00,"Site 132/1, Plesetsk Cosmodrome, Russia",Unknown,1969,12,27,Saturday,14,40,81,7,88
Voskhod | Cosmos 318,RVSN USSR,Voskhod,Launch Successful,1970-01-09 09:20:00+00:00,"Site 31/6, Baikonur Cosmodrome, Kazakhstan",Unknown,1970,1,9,Friday,9,40,330,7,101
Titan III(23)B | OPS 6531,US Air Force,Titan III(23)B,Launch Successful,1970-01-14 18:43:00+00:00,"SLC-4W, Vandenberg AFB, California, USA",Unknown,1970,1,14,Wednesday,18,48,300,7,73
Cosmos-2I (63SM) | Cosmos 319,RVSN USSR,Cosmos-2I (63SM),Launch Successful,1970-01-15 13:40:00+00:00,"Site 133/3, Plesetsk Cosmodrome, Russia",Unknown,1970,1,15,Thursday,13,40,79,7,90
Cosmos-2I (63SM) | Cosmos 320,RVSN USSR,Cosmos-2I (63SM),Launch Successful,1970-01-16 10:59:00+00:00,"Site 86/1, Kapustin Yar, Russia",Unknown,1970,1,16,Friday,10,40,79,7,115
Cosmos-2I (63SM) | Cosmos 321,RVSN USSR,Cosmos-2I (63SM),Launch Successful,1970-01-20 20:20:00+00:00,"Site 133/3, Plesetsk Cosmodrome, Russia",Unknown,1970,1,20,Tuesday,20,40,79,7,90
Voskhod | Cosmos 322,RVSN USSR,Voskhod,Launch Successful,1970-01-21 12:00:00+00:00,"Site 41/1, Plesetsk Cosmodrome, Russia",Unknown,1970,1,21,Wednesday,12,40,330,7,106
Cosmos-2I (63SM) | DS-P1-I #6,RVSN USSR,Cosmos-2I (63SM),Launch Failure,1970-01-30 15:40:00+00:00,"Site 133/3, Plesetsk Cosmodrome, Russia",Unknown,1970,1,30,Friday,15,40,79,7,90
Proton K/Block D | Luna-16c,RVSN USSR,Proton K/Block D,Launch Failure,1970-02-06 04:16:00+00:00,"Site 81/23, Baikonur Cosmodrome, Kazakhstan",Unknown,1970,2,6,Friday,4,40,228,7,113
Voskhod | Cosmos 323,RVSN USSR,Voskhod,Launch Successful,1970-02-10 12:00:00+00:00,"Site 41/1, Plesetsk Cosmodrome, Russia",Unknown,1970,2,10,Tuesday,12,40,330,7,106
Lambda-IV S | Osumi,UT,Lambda-IV S,Launch Successful,1970-02-11 04:25:00+00:00,"Uchinoura Space Center, Japan",Unknown,1970,2,11,Wednesday,4,50,158,7,129
Molniya-M /Block L | Molniya-1 n†­17,RVSN USSR,Molniya-M /Block L,Launch Successful,1970-02-17 18:57:00+00:00,"Site 43/4, Plesetsk Cosmodrome, Russia",Unknown,1970,2,17,Tuesday,18,40,196,7,109
Cosmos-2I (63SM) | Cosmos 324,RVSN USSR,Cosmos-2I (63SM),Launch Successful,1970-02-27 17:24:00+00:00,"Site 133/3, Plesetsk Cosmodrome, Russia",Unknown,1970,2,27,Friday,17,40,79,7,90
Voskhod | Cosmos 325,RVSN USSR,Voskhod,Launch Successful,1970-03-04 12:14:00+00:00,"Site 43/4, Plesetsk Cosmodrome, Russia",Unknown,1970,3,4,Wednesday,12,40,330,7,109
Diamant B | WIKA & MIKA,CNES,Diamant B,Launch Successful,1970-03-10 15:20:00+00:00,"ELD, Guiana Space Centre, French Guiana, France",Unknown,1970,3,10,Tuesday,15,10,116,7,6
Voskhod | Cosmos 326,RVSN USSR,Voskhod,Launch Successful,1970-03-13 08:00:00+00:00,"Site 43/4, Plesetsk Cosmodrome, Russia",Unknown,1970,3,13,Friday,8,40,330,7,109
Vostok-2M | Meteor n†­14,RVSN USSR,Vostok-2M,Partial Failure,1970-03-17 11:10:00+00:00,"Site 41/1, Plesetsk Cosmodrome, Russia",Unknown,1970,3,17,Tuesday,11,40,334,7,106
Cosmos-2I (63SM) | Cosmos 327,RVSN USSR,Cosmos-2I (63SM),Launch Successful,1970-03-18 14:39:00+00:00,"Site 133/3, Plesetsk Cosmodrome, Russia",Unknown,1970,3,18,Wednesday,14,40,79,7,90
Voskhod | Cosmos 328,RVSN USSR,Voskhod,Launch Successful,1970-03-27 11:45:00+00:00,"Site 41/1, Plesetsk Cosmodrome, Russia",Unknown,1970,3,27,Friday,11,40,330,7,106
Voskhod | Cosmos 329,RVSN USSR,Voskhod,Launch Successful,1970-04-03 08:30:00+00:00,"Site 43/4, Plesetsk Cosmodrome, Russia",Unknown,1970,4,3,Friday,8,40,330,7,109
Cosmos-3M (11K65M) | Cosmos 330,RVSN USSR,Cosmos-3M (11K65M),Launch Successful,1970-04-07 11:10:00+00:00,"Site 132/2, Plesetsk Cosmodrome, Russia",Unknown,1970,4,7,Tuesday,11,40,81,7,89
Voskhod | Cosmos 331,RVSN USSR,Voskhod,Launch Successful,1970-04-08 10:15:00+00:00,"Site 31/6, Baikonur Cosmodrome, Kazakhstan",Unknown,1970,4,8,Wednesday,10,40,330,7,101
Titan IIIC | Vela 11 & 12,Martin Marietta,Titan IIIC,Launch Successful,1970-04-08 10:50:00+00:00,"SLC-40, Cape Canaveral AFS, Florida, USA",Unknown,1970,4,8,Wednesday,10,34,306,7,69
Cosmos-3M (11K65M) | Cosmos 332,RVSN USSR,Cosmos-3M (11K65M),Launch Successful,1970-04-11 17:00:00+00:00,"Site 132/2, Plesetsk Cosmodrome, Russia",Unknown,1970,4,11,Saturday,17,40,81,7,89
Saturn V | Apollo 13,NASA,Saturn V,Launch Successful,1970-04-11 19:13:00+00:00,"LC-39A, Kennedy Space Center, Florida, USA",Unknown,1970,4,11,Saturday,19,35,241,7,34
Voskhod | Cosmos 333,RVSN USSR,Voskhod,Launch Successful,1970-04-15 09:00:00+00:00,"Site 41/1, Plesetsk Cosmodrome, Russia",Unknown,1970,4,15,Wednesday,9,40,330,7,106
Titan III(23)B | OPS 2863,US Air Force,Titan III(23)B,Launch Successful,1970-04-15 15:52:00+00:00,"SLC-4W, Vandenberg AFB, California, USA",Unknown,1970,4,15,Wednesday,15,48,300,7,73
Cosmos-2I (63SM) | Cosmos 334,RVSN USSR,Cosmos-2I (63SM),Launch Successful,1970-04-23 13:20:00+00:00,"Site 133/3, Plesetsk Cosmodrome, Russia",Unknown,1970,4,23,Thursday,13,40,79,7,90
Long March 1 | Dong Fang Hong 1,CASC,Long March 1,Launch Successful,1970-04-24 13:35:00+00:00,"Site 5020 (LA-2A), Jiuquan Satellite Launch Center, China",Unknown,1970,4,24,Friday,13,7,160,7,112
Cosmos-2I (63SM) | Cosmos 335,RVSN USSR,Cosmos-2I (63SM),Launch Successful,1970-04-24 22:24:00+00:00,"Site 86/1, Kapustin Yar, Russia",Unknown,1970,4,24,Friday,22,40,79,7,115
Cosmos-3M (11K65M) | Cosmos 336 to 343,RVSN USSR,Cosmos-3M (11K65M),Launch Successful,1970-04-25 17:09:00+00:00,"Site 132/2, Plesetsk Cosmodrome, Russia",Unknown,1970,4,25,Saturday,17,40,81,7,89
Vostok-2M | Meteor n†­15,RVSN USSR,Vostok-2M,Launch Successful,1970-04-28 10:50:00+00:00,"Site 41/1, Plesetsk Cosmodrome, Russia",Unknown,1970,4,28,Tuesday,10,40,334,7,106
Voskhod | Cosmos 344,RVSN USSR,Voskhod,Launch Successful,1970-05-12 10:10:00+00:00,"Site 41/1, Plesetsk Cosmodrome, Russia",Unknown,1970,5,12,Tuesday,10,40,330,7,106
Voskhod | Cosmos 345,RVSN USSR,Voskhod,Launch Successful,1970-05-20 09:20:00+00:00,"Site 31/6, Baikonur Cosmodrome, Kazakhstan",Unknown,1970,5,20,Wednesday,9,40,330,7,101
Cosmos-2I (63SM) | DS-P1-You #36,RVSN USSR,Cosmos-2I (63SM),Launch Failure,1970-05-22 12:39:00+00:00,"Site 133/3, Plesetsk Cosmodrome, Russia",Unknown,1970,5,22,Friday,12,40,79,7,90
Soyuz | Soyuz 9,Roscosmos,Soyuz,Launch Successful,1970-06-01 19:00:00+00:00,"Site 31/6, Baikonur Cosmodrome, Kazakhstan",Unknown,1970,6,1,Monday,19,42,257,7,101
Voskhod | Cosmos 346,RVSN USSR,Voskhod,Launch Successful,1970-06-10 09:30:00+00:00,"Site 31/6, Baikonur Cosmodrome, Kazakhstan",Unknown,1970,6,10,Wednesday,9,40,330,7,101
Europa 1 | STV-3,CECLES,Europa 1,Launch Failure,1970-06-12 06:06:00+00:00,"LA-5B, RAAF Woomera Range Complex, Australia",Unknown,1970,6,12,Friday,6,9,126,7,16
Cosmos-2I (63SM) | Cosmos 347,RVSN USSR,Cosmos-2I (63SM),Launch Successful,1970-06-12 09:30:00+00:00,"Site 86/1, Kapustin Yar, Russia",Unknown,1970,6,12,Friday,9,40,79,7,115
Cosmos-2I (63SM) | Cosmos 348,RVSN USSR,Cosmos-2I (63SM),Launch Successful,1970-06-13 04:59:00+00:00,"Site 133/3, Plesetsk Cosmodrome, Russia",Unknown,1970,6,13,Saturday,4,40,79,7,90
Voskhod | Cosmos 349,RVSN USSR,Voskhod,Launch Successful,1970-06-17 12:59:00+00:00,"Site 43/4, Plesetsk Cosmodrome, Russia",Unknown,1970,6,17,Wednesday,12,40,330,7,109
Atlas-SLV3A Agena-D | AFP-720 (Rhyolite-1),General Dynamics,Atlas-SLV3A Agena-D,Launch Successful,1970-06-19 11:37:00+00:00,"LC-13, Cape Canaveral AFS, Florida, USA",Unknown,1970,6,19,Friday,11,17,68,7,23
Vostok-2M | Meteor n†­16,RVSN USSR,Vostok-2M,Launch Successful,1970-06-23 14:15:00+00:00,"Site 41/1, Plesetsk Cosmodrome, Russia",Unknown,1970,6,23,Tuesday,14,40,334,7,106
Titan III(23)B | OPS 6820,US Air Force,Titan III(23)B,Launch Successful,1970-06-25 14:50:00+00:00,"SLC-4W, Vandenberg AFB, California, USA",Unknown,1970,6,25,Thursday,14,48,300,7,73
Molniya-M /Block L | Molniya-1 n†­21,RVSN USSR,Molniya-M /Block L,Launch Successful,1970-06-26 03:23:00+00:00,"Site 43/4, Plesetsk Cosmodrome, Russia",Unknown,1970,6,26,Friday,3,40,196,7,109
Voskhod | Cosmos 350,RVSN USSR,Voskhod,Launch Successful,1970-06-26 12:00:00+00:00,"Site 31/6, Baikonur Cosmodrome, Kazakhstan",Unknown,1970,6,26,Friday,12,40,330,7,101
Cosmos-2I (63SM) | Cosmos 351,RVSN USSR,Cosmos-2I (63SM),Launch Successful,1970-06-27 07:39:00+00:00,"Site 133/3, Plesetsk Cosmodrome, Russia",Unknown,1970,6,27,Saturday,7,40,79,7,90
Cosmos-3M (11K65M) | Strela-2M satellite,RVSN USSR,Cosmos-3M (11K65M),Launch Failure,1970-06-27 16:40:00+00:00,"Site 132/2, Plesetsk Cosmodrome, Russia",Unknown,1970,6,27,Saturday,16,40,81,7,89
Voskhod | Cosmos 352,RVSN USSR,Voskhod,Launch Successful,1970-07-07 10:30:00+00:00,"Site 31/6, Baikonur Cosmodrome, Kazakhstan",Unknown,1970,7,7,Tuesday,10,40,330,7,101
Voskhod | Cosmos 353,RVSN USSR,Voskhod,Launch Successful,1970-07-09 13:35:00+00:00,"Site 41/1, Plesetsk Cosmodrome, Russia",Unknown,1970,7,9,Thursday,13,40,330,7,106
Voskhod | Zenit-4 n†­75,RVSN USSR,Voskhod,Launch Failure,1970-07-21 12:30:00+00:00,"Site 43/4, Plesetsk Cosmodrome, Russia",Unknown,1970,7,21,Tuesday,12,40,330,7,109
Tsyklon | Cosmos 354,RVSN USSR,Tsyklon,Launch Successful,1970-07-28 22:00:00+00:00,"Site 191/66, Baikonur Cosmodrome, Kazakhstan",Unknown,1970,7,28,Tuesday,22,40,320,7,97
Cosmos-3MRB (65MRB) | BOR-2 Shuttle,RVSN USSR,Cosmos-3MRB (65MRB),Launch Successful,1970-07-31 02:00:00+00:00,"Site 86/1, Kapustin Yar, Russia",Unknown,1970,7,31,Friday,2,40,82,7,115
Cosmos-2I (63SM) | Intercosmos-3,RVSN USSR,Cosmos-2I (63SM),Launch Successful,1970-08-07 02:59:00+00:00,"Site 86/1, Kapustin Yar, Russia",Unknown,1970,8,7,Friday,2,40,79,7,115
Voskhod | Cosmos 355,RVSN USSR,Voskhod,Launch Successful,1970-08-07 09:30:00+00:00,"Site 43/4, Plesetsk Cosmodrome, Russia",Unknown,1970,8,7,Friday,9,40,330,7,109
Cosmos-2I (63SM) | Cosmos 356,RVSN USSR,Cosmos-2I (63SM),Launch Successful,1970-08-10 19:59:00+00:00,"Site 133/3, Plesetsk Cosmodrome, Russia",Unknown,1970,8,10,Monday,19,40,79,7,90
Molniya-M /Block NVL | Venera 7,RVSN USSR,Molniya-M /Block NVL,Launch Successful,1970-08-17 05:38:00+00:00,"Site 31/6, Baikonur Cosmodrome, Kazakhstan",Unknown,1970,8,17,Monday,5,40,198,7,101
Titan III(23)B | OPS 7874,US Air Force,Titan III(23)B,Launch Successful,1970-08-18 14:45:00+00:00,"SLC-4W, Vandenberg AFB, California, USA",Unknown,1970,8,18,Tuesday,14,48,300,7,73
Cosmos-2I (63SM) | Cosmos 357,RVSN USSR,Cosmos-2I (63SM),Launch Successful,1970-08-19 14:59:00+00:00,"Site 133/3, Plesetsk Cosmodrome, Russia",Unknown,1970,8,19,Wednesday,14,40,79,7,90
Cosmos-3M (11K65M) | Cosmos 358,RVSN USSR,Cosmos-3M (11K65M),Partial Failure,1970-08-20 14:30:00+00:00,"Site 132/1, Plesetsk Cosmodrome, Russia",Unknown,1970,8,20,Thursday,14,40,81,7,88
Molniya-M /Block NVL | Cosmos 359,RVSN USSR,Molniya-M /Block NVL,Partial Failure,1970-08-22 05:06:00+00:00,"Site 31/6, Baikonur Cosmodrome, Kazakhstan",Unknown,1970,8,22,Saturday,5,40,198,7,101
Voskhod | Cosmos 360,RVSN USSR,Voskhod,Launch Successful,1970-08-29 08:30:00+00:00,"Site 31/6, Baikonur Cosmodrome, Kazakhstan",Unknown,1970,8,29,Saturday,8,40,330,7,101
Atlas-SLV3A Agena-D | AFP-827 (Canyon-3),General Dynamics,Atlas-SLV3A Agena-D,Launch Successful,1970-09-01 01:00:00+00:00,"LC-13, Cape Canaveral AFS, Florida, USA",Unknown,1970,9,1,Tuesday,1,17,68,7,23
Voskhod | Cosmos 361,RVSN USSR,Voskhod,Launch Successful,1970-09-08 10:30:00+00:00,"Site 41/1, Plesetsk Cosmodrome, Russia",Unknown,1970,9,8,Tuesday,10,40,330,7,106
Proton K/Block D | Luna-16,RVSN USSR,Proton K/Block D,Launch Successful,1970-09-12 13:25:00+00:00,"Site 81/23, Baikonur Cosmodrome, Kazakhstan",Unknown,1970,9,12,Saturday,13,40,228,7,113
Cosmos-2I (63SM) | Cosmos 362,RVSN USSR,Cosmos-2I (63SM),Launch Successful,1970-09-16 12:00:00+00:00,"Site 133/3, Plesetsk Cosmodrome, Russia",Unknown,1970,9,16,Wednesday,12,40,79,7,90
Voskhod | Cosmos 363,RVSN USSR,Voskhod,Launch Successful,1970-09-17 08:10:00+00:00,"Site 31/6, Baikonur Cosmodrome, Kazakhstan",Unknown,1970,9,17,Thursday,8,40,330,7,101
Mu-IV S | Shinsei,ISAS,Mu-IV S,Launch Failure,1970-09-22 05:00:00+00:00,"Mu Pad, Uchinoura Space Center, Japan",Unknown,1970,9,22,Tuesday,5,22,205,7,48
Voskhod | Cosmos 364,RVSN USSR,Voskhod,Launch Successful,1970-09-22 13:00:00+00:00,"Site 41/1, Plesetsk Cosmodrome, Russia",Unknown,1970,9,22,Tuesday,13,40,330,7,106
Tsyklon | Cosmos 365,RVSN USSR,Tsyklon,Launch Successful,1970-09-25 14:05:00+00:00,"Site 161/35, Baikonur Cosmodrome, Kazakhstan",Unknown,1970,9,25,Friday,14,40,320,7,94
Molniya-M /Block L | Molniya-1 n†­19,RVSN USSR,Molniya-M /Block L,Launch Successful,1970-09-29 08:14:00+00:00,"Site 43/4, Plesetsk Cosmodrome, Russia",Unknown,1970,9,29,Tuesday,8,40,196,7,109
Voskhod | Cosmos 366,RVSN USSR,Voskhod,Launch Successful,1970-10-01 08:20:00+00:00,"Site 1/5, Baikonur Cosmodrome, Kazakhstan",Unknown,1970,10,1,Thursday,8,40,330,7,83
Tsyklon-2 | Cosmos 367,RVSN USSR,Tsyklon-2,Launch Successful,1970-10-03 10:26:00+00:00,"Site 90/19, Baikonur Cosmodrome, Kazakhstan",Unknown,1970,10,3,Saturday,10,40,321,7,116
Voskhod | Cosmos 368,RVSN USSR,Voskhod,Launch Successful,1970-10-08 12:39:00+00:00,"Site 31/6, Baikonur Cosmodrome, Kazakhstan",Unknown,1970,10,8,Thursday,12,40,330,7,101
Cosmos-2I (63SM) | Cosmos 369,RVSN USSR,Cosmos-2I (63SM),Launch Successful,1970-10-08 15:10:00+00:00,"Site 133/3, Plesetsk Cosmodrome, Russia",Unknown,1970,10,8,Thursday,15,40,79,7,90
Voskhod | Cosmos 370,RVSN USSR,Voskhod,Launch Successful,1970-10-09 11:04:00+00:00,"Site 1/5, Baikonur Cosmodrome, Kazakhstan",Unknown,1970,10,9,Friday,11,40,330,7,83
Cosmos-3M (11K65M) | Cosmos 371,RVSN USSR,Cosmos-3M (11K65M),Launch Successful,1970-10-12 13:57:00+00:00,"Site 132/1, Plesetsk Cosmodrome, Russia",Unknown,1970,10,12,Monday,13,40,81,7,88
Cosmos-2I (63SM) | Intercosmos-4,RVSN USSR,Cosmos-2I (63SM),Launch Successful,1970-10-14 11:30:00+00:00,"Site 133/3, Plesetsk Cosmodrome, Russia",Unknown,1970,10,14,Wednesday,11,40,79,7,90
Vostok-2M | Meteor n†­17,RVSN USSR,Vostok-2M,Launch Successful,1970-10-15 11:22:00+00:00,"Site 41/1, Plesetsk Cosmodrome, Russia",Unknown,1970,10,15,Thursday,11,40,334,7,106
Cosmos-3M (11K65M) | Cosmos 372,RVSN USSR,Cosmos-3M (11K65M),Launch Successful,1970-10-16 15:00:00+00:00,"Site 132/1, Plesetsk Cosmodrome, Russia",Unknown,1970,10,16,Friday,15,40,81,7,88
Tsyklon-2 | Cosmos 373,RVSN USSR,Tsyklon-2,Launch Successful,1970-10-20 05:38:00+00:00,"Site 90/19, Baikonur Cosmodrome, Kazakhstan",Unknown,1970,10,20,Tuesday,5,40,321,7,116
Proton K/Block D | Zond-8,RVSN USSR,Proton K/Block D,Launch Successful,1970-10-20 19:55:00+00:00,"Site 81/23, Baikonur Cosmodrome, Kazakhstan",Unknown,1970,10,20,Tuesday,19,40,228,7,113
Tsyklon-2 | Cosmos 374,RVSN USSR,Tsyklon-2,Launch Successful,1970-10-23 04:42:00+00:00,"Site 90/20, Baikonur Cosmodrome, Kazakhstan",Unknown,1970,10,23,Friday,4,40,321,7,117
Titan III(23)B | OPS 7568,US Air Force,Titan III(23)B,Launch Successful,1970-10-23 17:40:00+00:00,"SLC-4W, Vandenberg AFB, California, USA",Unknown,1970,10,23,Friday,17,48,300,7,73
Tsyklon-2 | Cosmos 375,RVSN USSR,Tsyklon-2,Launch Successful,1970-10-30 02:36:00+00:00,"Site 90/20, Baikonur Cosmodrome, Kazakhstan",Unknown,1970,10,30,Friday,2,40,321,7,117
Voskhod | Cosmos 376,RVSN USSR,Voskhod,Launch Successful,1970-10-30 13:20:00+00:00,"Site 43/4, Plesetsk Cosmodrome, Russia",Unknown,1970,10,30,Friday,13,40,330,7,109
Black Arrow | Orba,RAE,Black Arrow,Launch Failure,1970-11-02 00:34:00+00:00,"LA-5B, RAAF Woomera Range Complex, Australia",Unknown,1970,11,2,Monday,0,39,73,7,16
Titan III(23)C | OPS-5960 (IMEWS-1/DSP-1),Martin Marietta,Titan III(23)C,Partial Failure,1970-11-06 10:35:00+00:00,"SLC-40, Cape Canaveral AFS, Florida, USA",Unknown,1970,11,6,Friday,10,34,301,7,69
Proton K/Block D | Luna-17,RVSN USSR,Proton K/Block D,Launch Successful,1970-11-10 14:40:00+00:00,"Site 81/23, Baikonur Cosmodrome, Kazakhstan",Unknown,1970,11,10,Tuesday,14,40,228,7,113
Voskhod | Cosmos 377,RVSN USSR,Voskhod,Launch Successful,1970-11-11 09:20:00+00:00,"Site 31/6, Baikonur Cosmodrome, Kazakhstan",Unknown,1970,11,11,Wednesday,9,40,330,7,101
Soyuz L | Cosmos 379 (T2K Lunar Lander),RVSN USSR,Soyuz L,Launch Successful,1970-11-24 05:15:00+00:00,"Site 31/6, Baikonur Cosmodrome, Kazakhstan",Unknown,1970,11,24,Tuesday,5,40,269,7,101
Cosmos-2I (63SM) | Cosmos 380,RVSN USSR,Cosmos-2I (63SM),Launch Successful,1970-11-24 10:59:00+00:00,"Site 133/3, Plesetsk Cosmodrome, Russia",Unknown,1970,11,24,Tuesday,10,40,79,7,90
Molniya-M /Block L | Molniya-1 n†­23,RVSN USSR,Molniya-M /Block L,Launch Successful,1970-11-27 15:47:00+00:00,"Site 43/4, Plesetsk Cosmodrome, Russia",Unknown,1970,11,27,Friday,15,40,196,7,109
Atlas-SLV3C Centaur-D | OAO-B,General Dynamics,Atlas-SLV3C Centaur-D,Launch Failure,1970-11-30 22:40:00+00:00,"SLC-36B, Cape Canaveral AFS, Florida, USA",Unknown,1970,11,30,Monday,22,17,70,7,65
Cosmos-3M (11K65M) | Cosmos 381,RVSN USSR,Cosmos-3M (11K65M),Launch Successful,1970-12-02 04:00:00+00:00,"Site 132/2, Plesetsk Cosmodrome, Russia",Unknown,1970,12,2,Wednesday,4,40,81,7,89
Proton K/Block D | Cosmos 382 (L1E),RVSN USSR,Proton K/Block D,Launch Successful,1970-12-02 17:00:00+00:00,"Site 81/23, Baikonur Cosmodrome, Kazakhstan",Unknown,1970,12,2,Wednesday,17,40,228,7,113
Voskhod | Cosmos 383,RVSN USSR,Voskhod,Launch Successful,1970-12-03 13:55:00+00:00,"Site 43/4, Plesetsk Cosmodrome, Russia",Unknown,1970,12,3,Thursday,13,40,330,7,109
Voskhod | Cosmos 384,RVSN USSR,Voskhod,Launch Successful,1970-12-10 11:10:00+00:00,"Site 41/1, Plesetsk Cosmodrome, Russia",Unknown,1970,12,10,Thursday,11,40,330,7,106
Scout B | Explorer 42,ASI,Scout B,Launch Successful,1970-12-12 10:53:00+00:00,"SM Launch Tab, San Marco Launch Platform, Kenya",Unknown,1970,12,12,Saturday,10,2,242,7,80
Diamant B | P??ole,CNES,Diamant B,Launch Successful,1970-12-12 12:00:00+00:00,"ELD, Guiana Space Centre, French Guiana, France",Unknown,1970,12,12,Saturday,12,10,116,7,6
Cosmos-3M (11K65M) | Cosmos 385,RVSN USSR,Cosmos-3M (11K65M),Launch Successful,1970-12-12 13:00:00+00:00,"Site 132/2, Plesetsk Cosmodrome, Russia",Unknown,1970,12,12,Saturday,13,40,81,7,89
Voskhod | Cosmos 386,RVSN USSR,Voskhod,Launch Successful,1970-12-15 10:00:00+00:00,"Site 31/6, Baikonur Cosmodrome, Kazakhstan",Unknown,1970,12,15,Tuesday,10,40,330,7,101
Cosmos-3M (11K65M) | Cosmos 387,RVSN USSR,Cosmos-3M (11K65M),Launch Successful,1970-12-16 04:30:00+00:00,"Site 132/2, Plesetsk Cosmodrome, Russia",Unknown,1970,12,16,Wednesday,4,40,81,7,89
Cosmos-2I (63SM) | Cosmos 388,RVSN USSR,Cosmos-2I (63SM),Launch Successful,1970-12-18 09:39:00+00:00,"Site 133/3, Plesetsk Cosmodrome, Russia",Unknown,1970,12,18,Friday,9,40,79,7,90
Vostok-2M | Cosmos 389,RVSN USSR,Vostok-2M,Launch Successful,1970-12-18 16:15:00+00:00,"Site 41/1, Plesetsk Cosmodrome, Russia",Unknown,1970,12,18,Friday,16,40,334,7,106
Cosmos-3M (11K65M) | DS-P1-M #1,RVSN USSR,Cosmos-3M (11K65M),Launch Failure,1970-12-22 21:30:00+00:00,"Site 132/2, Plesetsk Cosmodrome, Russia",Unknown,1970,12,22,Tuesday,21,40,81,7,89
Molniya-M /Block L | Molniya-1 n†­22,RVSN USSR,Molniya-M /Block L,Launch Successful,1970-12-25 03:50:00+00:00,"Site 1/5, Baikonur Cosmodrome, Kazakhstan",Unknown,1970,12,25,Friday,3,40,196,7,83
Voskhod | Cosmos 390,RVSN USSR,Voskhod,Launch Successful,1971-01-12 09:30:00+00:00,"Site 31/6, Baikonur Cosmodrome, Kazakhstan",Unknown,1971,1,12,Tuesday,9,40,330,7,101
Cosmos-2I (63SM) | Cosmos 391,RVSN USSR,Cosmos-2I (63SM),Launch Successful,1971-01-14 12:00:00+00:00,"Site 133/3, Plesetsk Cosmodrome, Russia",Unknown,1971,1,14,Thursday,12,40,79,7,90
Vostok-2M | Meteor n†­18,RVSN USSR,Vostok-2M,Launch Successful,1971-01-20 11:24:00+00:00,"Site 41/1, Plesetsk Cosmodrome, Russia",Unknown,1971,1,20,Wednesday,11,40,334,7,106
Voskhod | Cosmos 392,RVSN USSR,Voskhod,Launch Successful,1971-01-21 08:40:00+00:00,"Site 31/6, Baikonur Cosmodrome, Kazakhstan",Unknown,1971,1,21,Thursday,8,40,330,7,101
Titan III(23)B | OPS 7776,US Air Force,Titan III(23)B,Launch Successful,1971-01-21 18:28:00+00:00,"SLC-4W, Vandenberg AFB, California, USA",Unknown,1971,1,21,Thursday,18,48,300,7,73
Atlas-SLV3C Centaur-D | Intelsat 4 F2,General Dynamics,Atlas-SLV3C Centaur-D,Launch Successful,1971-01-26 00:36:00+00:00,"SLC-36A, Cape Canaveral AFS, Florida, USA",Unknown,1971,1,26,Tuesday,0,17,70,7,64
Cosmos-2I (63SM) | Cosmos 393,RVSN USSR,Cosmos-2I (63SM),Launch Successful,1971-01-26 12:44:00+00:00,"Site 133/3, Plesetsk Cosmodrome, Russia",Unknown,1971,1,26,Tuesday,12,40,79,7,90
Saturn V | Apollo 14,NASA,Saturn V,Launch Successful,1971-01-31 21:03:00+00:00,"LC-39A, Kennedy Space Center, Florida, USA",Unknown,1971,1,31,Sunday,21,35,241,7,34
Cosmos-3M (11K65M) | Cosmos 394,RVSN USSR,Cosmos-3M (11K65M),Launch Successful,1971-02-09 18:48:00+00:00,"Site 132/1, Plesetsk Cosmodrome, Russia",Unknown,1971,2,9,Tuesday,18,40,81,7,88
Mu-IV S | Tansei 1,ISAS,Mu-IV S,Launch Successful,1971-02-16 04:00:00+00:00,"Mu Pad, Uchinoura Space Center, Japan",Unknown,1971,2,16,Tuesday,4,22,205,7,48
Cosmos-3M (11K65M) | Cosmos 395,RVSN USSR,Cosmos-3M (11K65M),Launch Successful,1971-02-17 21:10:00+00:00,"Site 132/1, Plesetsk Cosmodrome, Russia",Unknown,1971,2,17,Wednesday,21,40,81,7,88
Voskhod | Cosmos 396,RVSN USSR,Voskhod,Launch Successful,1971-02-18 13:59:00+00:00,"Site 43/3, Plesetsk Cosmodrome, Russia",Unknown,1971,2,18,Thursday,13,40,330,7,108
Mu-III C | Hakucho,ISAS,Mu-III C,Launch Successful,1971-02-21 05:00:00+00:00,"Mu Pad, Uchinoura Space Center, Japan",Unknown,1971,2,21,Sunday,5,22,201,7,48
Tsyklon-2 | Cosmos 397,RVSN USSR,Tsyklon-2,Launch Successful,1971-02-25 11:11:00+00:00,"Site 90/20, Baikonur Cosmodrome, Kazakhstan",Unknown,1971,2,25,Thursday,11,40,321,7,117
Soyuz L | Cosmos 398 (T2K Lunar Lander),RVSN USSR,Soyuz L,Launch Successful,1971-02-26 05:06:00+00:00,"Site 31/6, Baikonur Cosmodrome, Kazakhstan",Unknown,1971,2,26,Friday,5,40,269,7,101
Voskhod | Cosmos 399,RVSN USSR,Voskhod,Launch Successful,1971-03-03 09:30:00+00:00,"Site 31/6, Baikonur Cosmodrome, Kazakhstan",Unknown,1971,3,3,Wednesday,9,40,330,7,101
Long March 1 | Shijian 1,CASC,Long March 1,Launch Successful,1971-03-03 12:15:00+00:00,"Site 5020 (LA-2A), Jiuquan Satellite Launch Center, China",Unknown,1971,3,3,Wednesday,12,7,160,7,112
Tsyklon-2 | Cosmos 404,RVSN USSR,Tsyklon-2,Launch Successful,1971-03-04 14:27:00+00:00,"Site 90/20, Baikonur Cosmodrome, Kazakhstan",Unknown,1971,3,4,Thursday,14,40,321,7,117
Voskhod | Zenit-2M n†­17,RVSN USSR,Voskhod,Launch Failure,1971-03-05 01:02:00+00:00,"Site 43/4, Plesetsk Cosmodrome, Russia",Unknown,1971,3,5,Friday,1,40,330,7,109
Cosmos-2I (63SM) | DS-P1-You #39,RVSN USSR,Cosmos-2I (63SM),Launch Failure,1971-03-05 08:15:00+00:00,"Site 86/1, Kapustin Yar, Russia",Unknown,1971,3,5,Friday,8,40,79,7,115
Cosmos-3M (11K65M) | Cosmos 400,RVSN USSR,Cosmos-3M (11K65M),Launch Successful,1971-03-18 21:45:00+00:00,"Site 132/1, Plesetsk Cosmodrome, Russia",Unknown,1971,3,18,Thursday,21,40,81,7,88
Titan-III(33)B Agena-D | Jumpseat 1,Martin Marietta,Titan-III(33)B Agena-D,Launch Successful,1971-03-21 03:45:00+00:00,"SLC-4W, Vandenberg AFB, California, USA",Unknown,1971,3,21,Sunday,3,34,319,7,73
Cosmos-3M (11K65M) | Cosmos 407,RVSN USSR,Cosmos-3M (11K65M),Launch Successful,1971-03-23 11:30:00+00:00,"Site 132/1, Plesetsk Cosmodrome, Russia",Unknown,1971,3,23,Tuesday,11,40,81,7,88
Voskhod | Cosmos 401,RVSN USSR,Voskhod,Launch Successful,1971-03-27 10:59:00+00:00,"Site 43/4, Plesetsk Cosmodrome, Russia",Unknown,1971,3,27,Saturday,10,40,330,7,109
Tsyklon-2 | Cosmos 402,RVSN USSR,Tsyklon-2,Launch Successful,1971-04-01 11:29:00+00:00,"Site 90/19, Baikonur Cosmodrome, Kazakhstan",Unknown,1971,4,1,Thursday,11,40,321,7,116
Voskhod | Cosmos 403,RVSN USSR,Voskhod,Launch Successful,1971-04-02 08:20:00+00:00,"Site 43/3, Plesetsk Cosmodrome, Russia",Unknown,1971,4,2,Friday,8,40,330,7,108
Vostok-2M | Cosmos 405,RVSN USSR,Vostok-2M,Launch Successful,1971-04-07 07:10:00+00:00,"Site 43/4, Plesetsk Cosmodrome, Russia",Unknown,1971,4,7,Wednesday,7,40,334,7,109
Voskhod | Cosmos 406,RVSN USSR,Voskhod,Launch Successful,1971-04-14 08:00:00+00:00,"Site 43/3, Plesetsk Cosmodrome, Russia",Unknown,1971,4,14,Wednesday,8,40,330,7,108
Diamant B | Tournesol,CNES,Diamant B,Launch Successful,1971-04-15 09:09:00+00:00,"ELD, Guiana Space Centre, French Guiana, France",Unknown,1971,4,15,Thursday,9,10,116,7,6
Vostok-2M | Meteor n†­19,RVSN USSR,Vostok-2M,Launch Successful,1971-04-17 11:44:00+00:00,"Site 43/4, Plesetsk Cosmodrome, Russia",Unknown,1971,4,17,Saturday,11,40,334,7,109
Proton K | Saliout-1,RVSN USSR,Proton K,Launch Successful,1971-04-19 01:40:00+00:00,"Site 81/24, Baikonur Cosmodrome, Kazakhstan",Unknown,1971,4,19,Monday,1,40,227,7,114
Cosmos-3MRB (65MRB) | BOR-2 Shuttle,RVSN USSR,Cosmos-3MRB (65MRB),Launch Successful,1971-04-22 04:22:00+00:00,"Site 86/1, Kapustin Yar, Russia",Unknown,1971,4,22,Thursday,4,40,82,7,115
Titan III(23)B | OPS 7899,US Air Force,Titan III(23)B,Launch Successful,1971-04-22 15:30:00+00:00,"SLC-4W, Vandenberg AFB, California, USA",Unknown,1971,4,22,Thursday,15,48,300,7,73
Soyuz | Soyuz 10,RVSN USSR,Soyuz,Launch Successful,1971-04-22 23:54:00+00:00,"Site 1/5, Baikonur Cosmodrome, Kazakhstan",Unknown,1971,4,22,Thursday,23,40,257,7,83
Scout B | San Marco 3,ASI,Scout B,Launch Successful,1971-04-24 07:32:00+00:00,"Santa Rita 2, San Marco Launch Platform, Kenya",Unknown,1971,4,24,Saturday,7,2,242,7,81
Cosmos-2I (63SM) | Cosmos 408,RVSN USSR,Cosmos-2I (63SM),Launch Successful,1971-04-24 11:15:00+00:00,"Site 133/3, Plesetsk Cosmodrome, Russia",Unknown,1971,4,24,Saturday,11,40,79,7,90
Cosmos-3M (11K65M) | Cosmos 409,RVSN USSR,Cosmos-3M (11K65M),Launch Successful,1971-04-28 14:35:00+00:00,"Site 132/1, Plesetsk Cosmodrome, Russia",Unknown,1971,4,28,Wednesday,14,40,81,7,88
Titan III(23)C | DSP-2,Martin Marietta,Titan III(23)C,Launch Successful,1971-05-05 07:43:00+00:00,"SLC-40, Cape Canaveral AFS, Florida, USA",Unknown,1971,5,5,Wednesday,7,34,301,7,69
Voskhod | Cosmos 410,RVSN USSR,Voskhod,Launch Successful,1971-05-06 06:20:00+00:00,"Site 31/6, Baikonur Cosmodrome, Kazakhstan",Unknown,1971,5,6,Thursday,6,40,330,7,101
Cosmos-3M (11K65M) | Cosmos 411 to 418,RVSN USSR,Cosmos-3M (11K65M),Launch Successful,1971-05-07 14:20:00+00:00,"Site 132/1, Plesetsk Cosmodrome, Russia",Unknown,1971,5,7,Friday,14,40,81,7,88
Atlas-SLV3C Centaur-D | Mariner 8,General Dynamics,Atlas-SLV3C Centaur-D,Launch Failure,1971-05-09 01:11:00+00:00,"SLC-36A, Cape Canaveral AFS, Florida, USA",Unknown,1971,5,9,Sunday,1,17,70,7,64
Proton K/Block D | Cosmos 419,RVSN USSR,Proton K/Block D,Launch Successful,1971-05-10 16:58:00+00:00,"Site 81/23, Baikonur Cosmodrome, Kazakhstan",Unknown,1971,5,10,Monday,16,40,228,7,113
Voskhod | Cosmos 420,RVSN USSR,Voskhod,Launch Successful,1971-05-18 08:00:00+00:00,"Site 31/6, Baikonur Cosmodrome, Kazakhstan",Unknown,1971,5,18,Tuesday,8,40,330,7,101
Cosmos-2I (63SM) | Cosmos 421,RVSN USSR,Cosmos-2I (63SM),Launch Successful,1971-05-19 10:20:00+00:00,"Site 133/3, Plesetsk Cosmodrome, Russia",Unknown,1971,5,19,Wednesday,10,40,79,7,90
Proton K/Block D | Mars-2,RVSN USSR,Proton K/Block D,Launch Successful,1971-05-19 16:22:00+00:00,"Site 81/24, Baikonur Cosmodrome, Kazakhstan",Unknown,1971,5,19,Wednesday,16,40,228,7,114
Cosmos-3M (11K65M) | Cosmos 422,RVSN USSR,Cosmos-3M (11K65M),Launch Successful,1971-05-22 00:51:00+00:00,"Site 132/1, Plesetsk Cosmodrome, Russia",Unknown,1971,5,22,Saturday,0,40,81,7,88
Cosmos-2I (63SM) | Cosmos 423,RVSN USSR,Cosmos-2I (63SM),Launch Successful,1971-05-27 11:59:00+00:00,"Site 133/3, Plesetsk Cosmodrome, Russia",Unknown,1971,5,27,Thursday,11,40,79,7,90
Voskhod | Cosmos 424,RVSN USSR,Voskhod,Launch Successful,1971-05-28 10:30:00+00:00,"Site 43/4, Plesetsk Cosmodrome, Russia",Unknown,1971,5,28,Friday,10,40,330,7,109
Proton K/Block D | Mars-3,RVSN USSR,Proton K/Block D,Launch Successful,1971-05-28 15:26:00+00:00,"Site 81/23, Baikonur Cosmodrome, Kazakhstan",Unknown,1971,5,28,Friday,15,40,228,7,113
Cosmos-3M (11K65M) | Cosmos 425,RVSN USSR,Cosmos-3M (11K65M),Launch Successful,1971-05-29 03:48:00+00:00,"Site 132/1, Plesetsk Cosmodrome, Russia",Unknown,1971,5,29,Saturday,3,40,81,7,88
Atlas-SLV3C Centaur-D | Mariner 9,General Dynamics,Atlas-SLV3C Centaur-D,Launch Successful,1971-05-30 22:23:00+00:00,"SLC-36B, Cape Canaveral AFS, Florida, USA",Unknown,1971,5,30,Sunday,22,17,70,7,65
Soyuz | Soyuz 11,RVSN USSR,Soyuz,Launch Successful,1971-06-06 04:55:00+00:00,"Site 1/5, Baikonur Cosmodrome, Kazakhstan",Unknown,1971,6,6,Sunday,4,40,257,7,83
Voskhod | Cosmos 427,RVSN USSR,Voskhod,Launch Successful,1971-06-11 10:00:00+00:00,"Site 43/4, Plesetsk Cosmodrome, Russia",Unknown,1971,6,11,Friday,10,40,330,7,109
Soyuz L | Cosmos 434 (T2K Lunar Lander),RVSN USSR,Soyuz L,Launch Successful,1971-06-12 05:30:00+00:00,"Site 31/6, Baikonur Cosmodrome, Kazakhstan",Unknown,1971,6,12,Saturday,5,40,269,7,101
Titan IIID | KH-9,Martin Marietta,Titan IIID,Launch Successful,1971-06-15 18:41:00+00:00,"SLC-4E, Vandenberg AFB, California, USA",Unknown,1971,6,15,Tuesday,18,34,307,7,72
Voskhod | Cosmos 428,RVSN USSR,Voskhod,Launch Successful,1971-06-24 07:59:00+00:00,"Site 31/6, Baikonur Cosmodrome, Kazakhstan",Unknown,1971,6,24,Thursday,7,40,330,7,101
Voskhod | Zenit-4M n†­17,RVSN USSR,Voskhod,Launch Failure,1971-06-25 10:30:00+00:00,"Site 43/4, Plesetsk Cosmodrome, Russia",Unknown,1971,6,25,Friday,10,40,330,7,109
N1-L3 | 6L (Test flight),RVSN USSR,N1-L3,Launch Failure,1971-06-26 23:15:00+00:00,"Site 110/37, Baikonur Cosmodrome, Kazakhstan",Unknown,1971,6,26,Saturday,23,40,212,7,86
Vostok-2M | Meteor n†­20,RVSN USSR,Vostok-2M,Launch Successful,1971-07-16 01:41:00+00:00,"Site 43/4, Plesetsk Cosmodrome, Russia",Unknown,1971,7,16,Friday,1,40,334,7,109
Voskhod | Cosmos 429,RVSN USSR,Voskhod,Launch Successful,1971-07-20 10:00:00+00:00,"Site 31/6, Baikonur Cosmodrome, Kazakhstan",Unknown,1971,7,20,Tuesday,10,40,330,7,101
Cosmos-3M (11K65M) | Tselina-OM #10,RVSN USSR,Cosmos-3M (11K65M),Launch Failure,1971-07-22 13:45:00+00:00,"Site 132/2, Plesetsk Cosmodrome, Russia",Unknown,1971,7,22,Thursday,13,40,81,7,89
Voskhod | Cosmos 430,RVSN USSR,Voskhod,Launch Successful,1971-07-23 11:00:00+00:00,"Site 43/3, Plesetsk Cosmodrome, Russia",Unknown,1971,7,23,Friday,11,40,330,7,108
Saturn V | Apollo 15,NASA,Saturn V,Launch Successful,1971-07-26 13:34:00+00:00,"LC-39A, Kennedy Space Center, Florida, USA",Unknown,1971,7,26,Monday,13,35,241,7,34
Molniya-M /Block L | Molniya-1 n†­20,RVSN USSR,Molniya-M /Block L,Launch Successful,1971-07-28 03:29:00+00:00,"Site 43/4, Plesetsk Cosmodrome, Russia",Unknown,1971,7,28,Wednesday,3,40,196,7,109
Voskhod | Cosmos 512,RVSN USSR,Voskhod,Launch Successful,1971-07-28 10:19:00+00:00,"Site 43/4, Plesetsk Cosmodrome, Russia",Unknown,1971,7,28,Wednesday,10,40,330,7,109
Voskhod | Cosmos 431,RVSN USSR,Voskhod,Launch Successful,1971-07-30 08:29:00+00:00,"Site 31/6, Baikonur Cosmodrome, Kazakhstan",Unknown,1971,7,30,Friday,8,40,330,7,101
Cosmos-2I (63SM) | DS-P1-You #33,RVSN USSR,Cosmos-2I (63SM),Launch Failure,1971-08-03 11:00:00+00:00,"Site 133/3, Plesetsk Cosmodrome, Russia",Unknown,1971,8,3,Tuesday,11,40,79,7,90
Voskhod | Cosmos 432,RVSN USSR,Voskhod,Launch Successful,1971-08-05 10:00:00+00:00,"Site 31/6, Baikonur Cosmodrome, Kazakhstan",Unknown,1971,8,5,Thursday,10,40,330,7,101
Atlas-E/F OV1 | OV1-20 OV1-21,General Dynamics,Atlas-E/F OV1,Launch Successful,1971-08-07 00:11:00+00:00,"LC-576A2, Vandenberg AFB, California, USA",Unknown,1971,8,7,Saturday,0,17,50,7,38
Tsyklon | Cosmos 433,RVSN USSR,Tsyklon,Launch Successful,1971-08-08 23:45:00+00:00,"Site 161/35, Baikonur Cosmodrome, Kazakhstan",Unknown,1971,8,8,Sunday,23,40,320,7,94
Titan III(24)B | OPS 8607,US Air Force,Titan III(24)B,Launch Successful,1971-08-12 15:30:00+00:00,"SLC-4W, Vandenberg AFB, California, USA",Unknown,1971,8,12,Thursday,15,48,302,7,73
Voskhod | Zenit-2M n†­22,RVSN USSR,Voskhod,Launch Failure,1971-08-19 06:30:00+00:00,"Site 31/6, Baikonur Cosmodrome, Kazakhstan",Unknown,1971,8,19,Thursday,6,40,330,7,101
Cosmos-2I (63SM) | Cosmos 435,RVSN USSR,Cosmos-2I (63SM),Launch Successful,1971-08-27 10:54:00+00:00,"Site 133/3, Plesetsk Cosmodrome, Russia",Unknown,1971,8,27,Friday,10,40,79,7,90
Proton K/Block D | Luna-18,RVSN USSR,Proton K/Block D,Launch Successful,1971-09-02 13:40:00+00:00,"Site 81/24, Baikonur Cosmodrome, Kazakhstan",Unknown,1971,9,2,Thursday,13,40,228,7,114
Cosmos-3M (11K65M) | Cosmos 436,RVSN USSR,Cosmos-3M (11K65M),Launch Successful,1971-09-07 01:15:00+00:00,"Site 132/2, Plesetsk Cosmodrome, Russia",Unknown,1971,9,7,Tuesday,1,40,81,7,89
Cosmos-3M (11K65M) | Cosmos 437,RVSN USSR,Cosmos-3M (11K65M),Launch Successful,1971-09-10 03:38:00+00:00,"Site 132/2, Plesetsk Cosmodrome, Russia",Unknown,1971,9,10,Friday,3,40,81,7,89
Voskhod | Cosmos 438,RVSN USSR,Voskhod,Launch Successful,1971-09-14 13:00:00+00:00,"Site 41/1, Plesetsk Cosmodrome, Russia",Unknown,1971,9,14,Tuesday,13,40,330,7,106
Voskhod | Cosmos 439,RVSN USSR,Voskhod,Launch Successful,1971-09-21 12:00:00+00:00,"Site 43/3, Plesetsk Cosmodrome, Russia",Unknown,1971,9,21,Tuesday,12,40,330,7,108
Cosmos-2I (63SM) | Cosmos 440,RVSN USSR,Cosmos-2I (63SM),Launch Successful,1971-09-24 10:30:00+00:00,"Site 133/3, Plesetsk Cosmodrome, Russia",Unknown,1971,9,24,Friday,10,40,79,7,90
Mu-IV S | Shinsei,ISAS,Mu-IV S,Launch Successful,1971-09-28 04:00:00+00:00,"Mu Pad, Uchinoura Space Center, Japan",Unknown,1971,9,28,Tuesday,4,22,205,7,48
Voskhod | Cosmos 441,RVSN USSR,Voskhod,Launch Successful,1971-09-28 07:40:00+00:00,"Site 31/6, Baikonur Cosmodrome, Kazakhstan",Unknown,1971,9,28,Tuesday,7,40,330,7,101
Proton K/Block D | Luna-19,RVSN USSR,Proton K/Block D,Launch Successful,1971-09-28 10:00:00+00:00,"Site 81/24, Baikonur Cosmodrome, Kazakhstan",Unknown,1971,9,28,Tuesday,10,40,228,7,114
Voskhod | Cosmos 442,RVSN USSR,Voskhod,Launch Successful,1971-09-29 11:30:00+00:00,"Site 43/3, Plesetsk Cosmodrome, Russia",Unknown,1971,9,29,Wednesday,11,40,330,7,108
Voskhod | Cosmos 443,RVSN USSR,Voskhod,Launch Successful,1971-10-07 12:30:00+00:00,"Site 43/3, Plesetsk Cosmodrome, Russia",Unknown,1971,10,7,Thursday,12,40,330,7,108
Cosmos-3M (11K65M) | Cosmos 444 to 451,RVSN USSR,Cosmos-3M (11K65M),Launch Successful,1971-10-13 13:41:00+00:00,"Site 132/2, Plesetsk Cosmodrome, Russia",Unknown,1971,10,13,Wednesday,13,40,81,7,89
Voskhod | Cosmos 452,RVSN USSR,Voskhod,Launch Successful,1971-10-14 09:00:00+00:00,"Site 31/6, Baikonur Cosmodrome, Kazakhstan",Unknown,1971,10,14,Thursday,9,40,330,7,101
Cosmos-2I (63SM) | Cosmos 453,RVSN USSR,Cosmos-2I (63SM),Launch Successful,1971-10-19 12:40:00+00:00,"Site 133/3, Plesetsk Cosmodrome, Russia",Unknown,1971,10,19,Tuesday,12,40,79,7,90
Titan III(24)B | OPS 7616,US Air Force,Titan III(24)B,Launch Successful,1971-10-23 17:16:00+00:00,"SLC-4W, Vandenberg AFB, California, USA",Unknown,1971,10,23,Saturday,17,48,302,7,73
Black Arrow | Prospero,RAE,Black Arrow,Launch Successful,1971-10-28 04:09:00+00:00,"LA-5B, RAAF Woomera Range Complex, Australia",Unknown,1971,10,28,Thursday,4,39,73,7,16
Voskhod | Cosmos 454,RVSN USSR,Voskhod,Launch Successful,1971-11-02 14:25:00+00:00,"Site 41/1, Plesetsk Cosmodrome, Russia",Unknown,1971,11,2,Tuesday,14,40,330,7,106
Titan III(23)C | DSCS-II 1&2,Martin Marietta,Titan III(23)C,Launch Successful,1971-11-03 03:09:00+00:00,"SLC-40, Cape Canaveral AFS, Florida, USA",Unknown,1971,11,3,Wednesday,3,34,301,7,69
Europa 2 | Test flight,CECLES,Europa 2,Launch Failure,1971-11-04 21:10:00+00:00,"ELA-1, Guiana Space Centre, French Guiana, France",Unknown,1971,11,4,Thursday,21,9,127,7,3
Scout B | Explorer 45,ASI,Scout B,Launch Successful,1971-11-15 05:52:00+00:00,"SM Launch Tab, San Marco Launch Platform, Kenya",Unknown,1971,11,15,Monday,5,2,242,7,80
Cosmos-2I (63SM) | Cosmos 455,RVSN USSR,Cosmos-2I (63SM),Launch Successful,1971-11-17 11:09:00+00:00,"Site 133/3, Plesetsk Cosmodrome, Russia",Unknown,1971,11,17,Wednesday,11,40,79,7,90
Voskhod | Cosmos 456,RVSN USSR,Voskhod,Partial Failure,1971-11-19 12:00:00+00:00,"Site 43/3, Plesetsk Cosmodrome, Russia",Unknown,1971,11,19,Friday,12,40,330,7,108
Cosmos-3M (11K65M) | Cosmos 457,RVSN USSR,Cosmos-3M (11K65M),Launch Successful,1971-11-20 18:00:00+00:00,"Site 132/2, Plesetsk Cosmodrome, Russia",Unknown,1971,11,20,Saturday,18,40,81,7,89
Molniya-M /Block L | Molniya-2 n†­24,RVSN USSR,Molniya-M /Block L,Launch Successful,1971-11-24 09:30:00+00:00,"Site 43/4, Plesetsk Cosmodrome, Russia",Unknown,1971,11,24,Wednesday,9,40,196,7,109
Cosmos-2I (63SM) | Cosmos 458,RVSN USSR,Cosmos-2I (63SM),Launch Successful,1971-11-29 10:09:00+00:00,"Site 133/3, Plesetsk Cosmodrome, Russia",Unknown,1971,11,29,Monday,10,40,79,7,90
Cosmos-3M (11K65M) | Cosmos 459,RVSN USSR,Cosmos-3M (11K65M),Launch Successful,1971-11-29 17:30:00+00:00,"Site 132/1, Plesetsk Cosmodrome, Russia",Unknown,1971,11,29,Monday,17,40,81,7,88
Cosmos-3M (11K65M) | Cosmos 460,RVSN USSR,Cosmos-3M (11K65M),Launch Successful,1971-11-30 16:39:00+00:00,"Site 132/2, Plesetsk Cosmodrome, Russia",Unknown,1971,11,30,Tuesday,16,40,81,7,89
Cosmos-2I (63SM) | Intercosmos-5,RVSN USSR,Cosmos-2I (63SM),Launch Successful,1971-12-02 08:25:00+00:00,"Site 86/1, Kapustin Yar, Russia",Unknown,1971,12,2,Thursday,8,40,79,7,115
Voskhod | Zenit-2M n†­25,RVSN USSR,Voskhod,Launch Failure,1971-12-03 13:00:00+00:00,"Site 43/4, Plesetsk Cosmodrome, Russia",Unknown,1971,12,3,Friday,13,40,330,7,109
Tsyklon-2 | Cosmos 462,RVSN USSR,Tsyklon-2,Launch Successful,1971-12-03 13:19:00+00:00,"Site 90/20, Baikonur Cosmodrome, Kazakhstan",Unknown,1971,12,3,Friday,13,40,321,7,117
Atlas-SLV3A Agena-D | AFP-827 (Canyon-4),General Dynamics,Atlas-SLV3A Agena-D,Launch Failure,1971-12-04 22:33:00+00:00,"LC-13, Cape Canaveral AFS, Florida, USA",Unknown,1971,12,4,Saturday,22,17,68,7,23
Diamant B | Polaire,CNES,Diamant B,Launch Failure,1971-12-05 15:30:00+00:00,"ELD, Guiana Space Centre, French Guiana, France",Unknown,1971,12,5,Sunday,15,10,116,7,6
Voskhod | Cosmos 463,RVSN USSR,Voskhod,Launch Successful,1971-12-06 09:50:00+00:00,"Site 31/6, Baikonur Cosmodrome, Kazakhstan",Unknown,1971,12,6,Monday,9,40,330,7,101
Voskhod | Cosmos 464,RVSN USSR,Voskhod,Launch Successful,1971-12-10 11:00:00+00:00,"Site 43/3, Plesetsk Cosmodrome, Russia",Unknown,1971,12,10,Friday,11,40,330,7,108
Cosmos-3M (11K65M) | Cosmos 465,RVSN USSR,Cosmos-3M (11K65M),Launch Successful,1971-12-15 04:31:00+00:00,"Site 132/2, Plesetsk Cosmodrome, Russia",Unknown,1971,12,15,Wednesday,4,40,81,7,89
Voskhod | Cosmos 466,RVSN USSR,Voskhod,Launch Successful,1971-12-16 09:39:00+00:00,"Site 31/6, Baikonur Cosmodrome, Kazakhstan",Unknown,1971,12,16,Thursday,9,40,330,7,101
Cosmos-2I (63SM) | Cosmos 467,RVSN USSR,Cosmos-2I (63SM),Launch Successful,1971-12-17 10:39:00+00:00,"Site 133/3, Plesetsk Cosmodrome, Russia",Unknown,1971,12,17,Friday,10,40,79,7,90
Cosmos-3M (11K65M) | Cosmos 468,RVSN USSR,Cosmos-3M (11K65M),Launch Successful,1971-12-17 13:00:00+00:00,"Site 132/2, Plesetsk Cosmodrome, Russia",Unknown,1971,12,17,Friday,13,40,81,7,89
Molniya-M /Block L | Molniya-1 n†­25,RVSN USSR,Molniya-M /Block L,Launch Successful,1971-12-19 22:50:00+00:00,"Site 43/4, Plesetsk Cosmodrome, Russia",Unknown,1971,12,19,Sunday,22,40,196,7,109
Atlas-SLV3C Centaur-D | Intelsat 4 F3,General Dynamics,Atlas-SLV3C Centaur-D,Launch Successful,1971-12-20 01:10:00+00:00,"SLC-36A, Cape Canaveral AFS, Florida, USA",Unknown,1971,12,20,Monday,1,17,70,7,64
Tsyklon-2 | Cosmos 469,RVSN USSR,Tsyklon-2,Launch Successful,1971-12-25 11:29:00+00:00,"Site 90/19, Baikonur Cosmodrome, Kazakhstan",Unknown,1971,12,25,Saturday,11,40,321,7,116
Soyuz M | Cosmos 470,RVSN USSR,Soyuz M,Partial Failure,1971-12-27 14:04:00+00:00,"Site 41/1, Plesetsk Cosmodrome, Russia",Unknown,1971,12,27,Monday,14,40,270,7,106
Vostok-2M | Meteor n†­21,RVSN USSR,Vostok-2M,Launch Successful,1971-12-29 10:50:00+00:00,"Site 43/4, Plesetsk Cosmodrome, Russia",Unknown,1971,12,29,Wednesday,10,40,334,7,109
Voskhod | Cosmos 471,RVSN USSR,Voskhod,Launch Successful,1972-01-12 09:59:00+00:00,"Site 31/6, Baikonur Cosmodrome, Kazakhstan",Unknown,1972,1,12,Wednesday,9,40,330,7,101
Titan IIID | KH-9 & SSF-B-22,Martin Marietta,Titan IIID,Launch Successful,1972-01-20 18:36:00+00:00,"SLC-4E, Vandenberg AFB, California, USA",Unknown,1972,1,20,Thursday,18,34,307,7,72
Atlas-SLV3C Centaur-D | Intelsat 4 F4,General Dynamics,Atlas-SLV3C Centaur-D,Launch Successful,1972-01-23 00:12:00+00:00,"SLC-36B, Cape Canaveral AFS, Florida, USA",Unknown,1972,1,23,Sunday,0,17,70,7,65
Cosmos-2I (63SM) | Cosmos 472,RVSN USSR,Cosmos-2I (63SM),Launch Successful,1972-01-25 11:15:00+00:00,"Site 133/3, Plesetsk Cosmodrome, Russia",Unknown,1972,1,25,Tuesday,11,40,79,7,90
Voskhod | Cosmos 473,RVSN USSR,Voskhod,Launch Successful,1972-02-03 08:40:00+00:00,"Site 31/6, Baikonur Cosmodrome, Kazakhstan",Unknown,1972,2,3,Thursday,8,40,330,7,101
Cosmos-3MRB (65MRB) | BOR-2 Shuttle,RVSN USSR,Cosmos-3MRB (65MRB),Launch Successful,1972-02-08 05:59:00+00:00,"Site 86/1, Kapustin Yar, Russia",Unknown,1972,2,8,Tuesday,5,40,82,7,115
Proton K/Block D | Luna-20,RVSN USSR,Proton K/Block D,Launch Successful,1972-02-14 03:27:00+00:00,"Site 81/24, Baikonur Cosmodrome, Kazakhstan",Unknown,1972,2,14,Monday,3,40,228,7,114
Voskhod | Cosmos 474,RVSN USSR,Voskhod,Launch Successful,1972-02-16 09:30:00+00:00,"Site 31/6, Baikonur Cosmodrome, Kazakhstan",Unknown,1972,2,16,Wednesday,9,40,330,7,101
Titan-III(33)B Agena-D | Jumpseat 2,Martin Marietta,Titan-III(33)B Agena-D,Launch Failure,1972-02-16 09:59:00+00:00,"SLC-4W, Vandenberg AFB, California, USA",Unknown,1972,2,16,Wednesday,9,34,319,7,73
Cosmos-3M (11K65M) | Cosmos 475,RVSN USSR,Cosmos-3M (11K65M),Launch Successful,1972-02-25 07:52:00+00:00,"Site 132/2, Plesetsk Cosmodrome, Russia",Unknown,1972,2,25,Friday,7,40,81,7,89
Titan III(23)C | DSP-3,Martin Marietta,Titan III(23)C,Launch Successful,1972-03-01 09:39:00+00:00,"SLC-40, Cape Canaveral AFS, Florida, USA",Unknown,1972,3,1,Wednesday,9,34,301,7,69
Vostok-2M | Cosmos 476,RVSN USSR,Vostok-2M,Launch Successful,1972-03-01 11:15:00+00:00,"Site 43/4, Plesetsk Cosmodrome, Russia",Unknown,1972,3,1,Wednesday,11,40,334,7,109
Atlas-SLV3C Centaur-D | Pioneer 10,General Dynamics,Atlas-SLV3C Centaur-D,Launch Successful,1972-03-03 01:49:00+00:00,"SLC-36A, Cape Canaveral AFS, Florida, USA",Unknown,1972,3,3,Friday,1,17,70,7,64
Voskhod | Cosmos 477,RVSN USSR,Voskhod,Launch Successful,1972-03-04 10:00:00+00:00,"Site 41/1, Plesetsk Cosmodrome, Russia",Unknown,1972,3,4,Saturday,10,40,330,7,106
Voskhod | Cosmos 478,RVSN USSR,Voskhod,Launch Successful,1972-03-15 13:00:00+00:00,"Site 43/3, Plesetsk Cosmodrome, Russia",Unknown,1972,3,15,Wednesday,13,40,330,7,108
Titan III(24)B | OPS 1678,US Air Force,Titan III(24)B,Launch Successful,1972-03-17 17:00:00+00:00,"SLC-4W, Vandenberg AFB, California, USA",Unknown,1972,3,17,Friday,17,48,302,7,73
Cosmos-3M (11K65M) | Cosmos 479,RVSN USSR,Cosmos-3M (11K65M),Launch Successful,1972-03-22 20:31:00+00:00,"Site 132/2, Plesetsk Cosmodrome, Russia",Unknown,1972,3,22,Wednesday,20,40,81,7,89
Cosmos-3M (11K65M) | Cosmos 480,RVSN USSR,Cosmos-3M (11K65M),Launch Successful,1972-03-25 02:20:00+00:00,"Site 132/2, Plesetsk Cosmodrome, Russia",Unknown,1972,3,25,Saturday,2,40,81,7,89
Cosmos-2I (63SM) | Cosmos 481,RVSN USSR,Cosmos-2I (63SM),Launch Successful,1972-03-25 10:40:00+00:00,"Site 133/3, Plesetsk Cosmodrome, Russia",Unknown,1972,3,25,Saturday,10,40,79,7,90
Molniya-M /Block NVL | Venera 8,RVSN USSR,Molniya-M /Block NVL,Launch Successful,1972-03-27 04:15:00+00:00,"Site 31/6, Baikonur Cosmodrome, Kazakhstan",Unknown,1972,3,27,Monday,4,40,198,7,101
Vostok-2M | Meteor n†­22,RVSN USSR,Vostok-2M,Launch Successful,1972-03-30 14:05:00+00:00,"Site 41/1, Plesetsk Cosmodrome, Russia",Unknown,1972,3,30,Thursday,14,40,334,7,106
Molniya-M /Block NVL | Cosmos 482,RVSN USSR,Molniya-M /Block NVL,Partial Failure,1972-03-31 04:02:00+00:00,"Site 31/6, Baikonur Cosmodrome, Kazakhstan",Unknown,1972,3,31,Friday,4,40,198,7,101
Voskhod | Cosmos 483,RVSN USSR,Voskhod,Launch Successful,1972-04-03 10:15:00+00:00,"Site 41/1, Plesetsk Cosmodrome, Russia",Unknown,1972,4,3,Monday,10,40,330,7,106
Molniya-M /Block L | Molniya-1 n†­26 & SRET-1,RVSN USSR,Molniya-M /Block L,Launch Successful,1972-04-04 20:38:00+00:00,"Site 43/4, Plesetsk Cosmodrome, Russia",Unknown,1972,4,4,Tuesday,20,40,196,7,109
Voskhod | Cosmos 484,RVSN USSR,Voskhod,Launch Successful,1972-04-06 08:00:00+00:00,"Site 43/3, Plesetsk Cosmodrome, Russia",Unknown,1972,4,6,Thursday,8,40,330,7,108
Cosmos-2I (63SM) | Cosmos 485,RVSN USSR,Cosmos-2I (63SM),Launch Successful,1972-04-11 11:04:00+00:00,"Site 133/3, Plesetsk Cosmodrome, Russia",Unknown,1972,4,11,Tuesday,11,40,79,7,90
Voskhod | Cosmos 486,RVSN USSR,Voskhod,Launch Successful,1972-04-14 18:00:00+00:00,"Site 43/3, Plesetsk Cosmodrome, Russia",Unknown,1972,4,14,Friday,18,40,330,7,108
Saturn V | Apollo 16,NASA,Saturn V,Launch Successful,1972-04-16 17:54:00+00:00,"LC-39A, Kennedy Space Center, Florida, USA",Unknown,1972,4,16,Sunday,17,35,241,7,34
Cosmos-2I (63SM) | Cosmos 487,RVSN USSR,Cosmos-2I (63SM),Launch Successful,1972-04-21 12:00:00+00:00,"Site 133/3, Plesetsk Cosmodrome, Russia",Unknown,1972,4,21,Friday,12,40,79,7,90
Cosmos-2I (63SM) | DS-P1-You #51,RVSN USSR,Cosmos-2I (63SM),Launch Failure,1972-04-25 11:30:00+00:00,"Site 133/3, Plesetsk Cosmodrome, Russia",Unknown,1972,4,25,Tuesday,11,40,79,7,90
Voskhod | Cosmos 488,RVSN USSR,Voskhod,Launch Successful,1972-05-05 11:20:00+00:00,"Site 43/4, Plesetsk Cosmodrome, Russia",Unknown,1972,5,5,Friday,11,40,330,7,109
Cosmos-3M (11K65M) | Cosmos 489,RVSN USSR,Cosmos-3M (11K65M),Launch Successful,1972-05-06 11:24:00+00:00,"Site 132/1, Plesetsk Cosmodrome, Russia",Unknown,1972,5,6,Saturday,11,40,81,7,88
Voskhod | Cosmos 490,RVSN USSR,Voskhod,Launch Successful,1972-05-17 10:19:00+00:00,"Site 43/3, Plesetsk Cosmodrome, Russia",Unknown,1972,5,17,Wednesday,10,40,330,7,108
Molniya-M /Block L | Molniya-2 n†­27,RVSN USSR,Molniya-M /Block L,Launch Successful,1972-05-19 14:30:00+00:00,"Site 43/4, Plesetsk Cosmodrome, Russia",Unknown,1972,5,19,Friday,14,40,196,7,109
Titan III(24)B | OPS 6574,US Air Force,Titan III(24)B,Launch Failure,1972-05-20 15:30:00+00:00,"SLC-4W, Vandenberg AFB, California, USA",Unknown,1972,5,20,Saturday,15,48,302,7,73
Voskhod | Cosmos 491,RVSN USSR,Voskhod,Launch Successful,1972-05-25 06:35:00+00:00,"Site 31/6, Baikonur Cosmodrome, Kazakhstan",Unknown,1972,5,25,Thursday,6,40,330,7,101
Voskhod | Cosmos 492,RVSN USSR,Voskhod,Launch Successful,1972-06-09 06:59:00+00:00,"Site 31/6, Baikonur Cosmodrome, Kazakhstan",Unknown,1972,6,9,Friday,6,40,330,7,101
Atlas-SLV3C Centaur-D | Intelsat 4 F5,General Dynamics,Atlas-SLV3C Centaur-D,Launch Successful,1972-06-13 21:53:00+00:00,"SLC-36B, Cape Canaveral AFS, Florida, USA",Unknown,1972,6,13,Tuesday,21,17,70,7,65
Voskhod | Cosmos 493,RVSN USSR,Voskhod,Launch Successful,1972-06-21 06:25:00+00:00,"Site 31/6, Baikonur Cosmodrome, Kazakhstan",Unknown,1972,6,21,Wednesday,6,40,330,7,101
Cosmos-3M (11K65M) | Cosmos 494,RVSN USSR,Cosmos-3M (11K65M),Launch Successful,1972-06-23 09:24:00+00:00,"Site 132/2, Plesetsk Cosmodrome, Russia",Unknown,1972,6,23,Friday,9,40,81,7,89
Voskhod | Cosmos 495,RVSN USSR,Voskhod,Launch Successful,1972-06-23 11:19:00+00:00,"Site 43/3, Plesetsk Cosmodrome, Russia",Unknown,1972,6,23,Friday,11,40,330,7,108
Cosmos-2I (63SM) | Cosmos 497,RVSN USSR,Cosmos-2I (63SM),Launch Successful,1972-06-30 06:19:00+00:00,"Site 133/3, Plesetsk Cosmodrome, Russia",Unknown,1972,6,30,Friday,6,40,79,7,90
Vostok-2M | Meteor n†­23,RVSN USSR,Vostok-2M,Launch Successful,1972-06-30 18:52:00+00:00,"Site 41/1, Plesetsk Cosmodrome, Russia",Unknown,1972,6,30,Friday,18,40,334,7,106
Soyuz | Cosmos 496,RVSN USSR,Soyuz,Launch Successful,1972-07-02 07:20:00+00:00,"Site 1/5, Baikonur Cosmodrome, Kazakhstan",Unknown,1972,7,2,Sunday,7,40,257,7,83
Cosmos-2I (63SM) | Cosmos 498,RVSN USSR,Cosmos-2I (63SM),Launch Successful,1972-07-05 09:29:00+00:00,"Site 133/3, Plesetsk Cosmodrome, Russia",Unknown,1972,7,5,Wednesday,9,40,79,7,90
Voskhod | Cosmos 499,RVSN USSR,Voskhod,Launch Successful,1972-07-06 10:40:00+00:00,"Site 31/6, Baikonur Cosmodrome, Kazakhstan",Unknown,1972,7,6,Thursday,10,40,330,7,101
Titan IIID | KH-9 & SSF-B-23,Martin Marietta,Titan IIID,Launch Successful,1972-07-07 17:46:00+00:00,"SLC-4E, Vandenberg AFB, California, USA",Unknown,1972,7,7,Friday,17,34,307,7,72
Cosmos-3M (11K65M) | Cosmos 500,RVSN USSR,Cosmos-3M (11K65M),Launch Successful,1972-07-10 06:15:00+00:00,"Site 132/2, Plesetsk Cosmodrome, Russia",Unknown,1972,7,10,Monday,6,40,81,7,89
Cosmos-2I (63SM) | Cosmos 501,RVSN USSR,Cosmos-2I (63SM),Launch Successful,1972-07-12 05:59:00+00:00,"Site 86/1, Kapustin Yar, Russia",Unknown,1972,7,12,Wednesday,5,40,79,7,115
Soyuz M | Cosmos 502,RVSN USSR,Soyuz M,Partial Failure,1972-07-13 14:30:00+00:00,"Site 43/4, Plesetsk Cosmodrome, Russia",Unknown,1972,7,13,Thursday,14,40,270,7,109
Voskhod | Cosmos 503,RVSN USSR,Voskhod,Launch Successful,1972-07-19 13:45:00+00:00,"Site 43/3, Plesetsk Cosmodrome, Russia",Unknown,1972,7,19,Wednesday,13,40,330,7,108
Cosmos-3M (11K65M) | Cosmos 504 to 511,RVSN USSR,Cosmos-3M (11K65M),Launch Successful,1972-07-20 18:10:00+00:00,"Site 132/2, Plesetsk Cosmodrome, Russia",Unknown,1972,7,20,Thursday,18,40,81,7,89
Proton K/Block D | DOS-2,RVSN USSR,Proton K/Block D,Launch Failure,1972-07-29 03:20:00+00:00,"Site 81/23, Baikonur Cosmodrome, Kazakhstan",Unknown,1972,7,29,Saturday,3,40,228,7,113
Voskhod | Cosmos 513,RVSN USSR,Voskhod,Launch Successful,1972-08-02 08:15:00+00:00,"Site 31/6, Baikonur Cosmodrome, Kazakhstan",Unknown,1972,8,2,Wednesday,8,40,330,7,101
Feng Bao 1 | Shiyan Peizhong,CASC,Feng Bao 1,Launch Successful,1972-08-10 00:32:00+00:00,"Site 138 (LA-2B), Jiuquan Satellite Launch Center, China",Unknown,1972,8,10,Thursday,0,7,135,7,91
Cosmos-3M (11K65M) | Cosmos 514,RVSN USSR,Cosmos-3M (11K65M),Launch Successful,1972-08-16 13:40:00+00:00,"Site 132/2, Plesetsk Cosmodrome, Russia",Unknown,1972,8,16,Wednesday,13,40,81,7,89
Voskhod | Cosmos 515,RVSN USSR,Voskhod,Launch Successful,1972-08-18 10:00:00+00:00,"Site 43/4, Plesetsk Cosmodrome, Russia",Unknown,1972,8,18,Friday,10,40,330,7,109
Mu-IV S | Denpa,ISAS,Mu-IV S,Launch Successful,1972-08-19 02:40:00+00:00,"Mu Pad, Uchinoura Space Center, Japan",Unknown,1972,8,19,Saturday,2,22,205,7,48
Atlas-SLV3C Centaur-D | OAO-3,General Dynamics,Atlas-SLV3C Centaur-D,Launch Successful,1972-08-21 10:28:00+00:00,"SLC-36B, Cape Canaveral AFS, Florida, USA",Unknown,1972,8,21,Monday,10,17,70,7,65
Tsyklon-2 | Cosmos 516,RVSN USSR,Tsyklon-2,Launch Successful,1972-08-21 10:36:00+00:00,"Site 90/19, Baikonur Cosmodrome, Kazakhstan",Unknown,1972,8,21,Monday,10,40,321,7,116
Cosmos-2I (63SM) | Intercosmos-7,RVSN USSR,Cosmos-2I (63SM),Launch Successful,1972-08-30 05:58:00+00:00,"Site 86/1, Kapustin Yar, Russia",Unknown,1972,8,30,Wednesday,5,40,79,7,115
Voskhod | Cosmos 517,RVSN USSR,Voskhod,Launch Successful,1972-08-30 08:19:00+00:00,"Site 31/6, Baikonur Cosmodrome, Kazakhstan",Unknown,1972,8,30,Wednesday,8,40,330,7,101
Titan III(24)B | OPS 8888,US Air Force,Titan III(24)B,Launch Successful,1972-09-01 17:45:00+00:00,"SLC-4W, Vandenberg AFB, California, USA",Unknown,1972,9,1,Friday,17,48,302,7,73
Voskhod | Zenit-4M n†­40,RVSN USSR,Voskhod,Launch Failure,1972-09-02 10:49:00+00:00,"Site 43/4, Plesetsk Cosmodrome, Russia",Unknown,1972,9,2,Saturday,10,40,330,7,109
Voskhod | Cosmos 518,RVSN USSR,Voskhod,Launch Successful,1972-09-15 09:40:00+00:00,"Site 43/4, Plesetsk Cosmodrome, Russia",Unknown,1972,9,15,Friday,9,40,330,7,109
Voskhod | Cosmos 519,RVSN USSR,Voskhod,Launch Successful,1972-09-16 08:20:00+00:00,"Site 31/6, Baikonur Cosmodrome, Kazakhstan",Unknown,1972,9,16,Saturday,8,40,330,7,101
Molniya-M /Block 2BL | Cosmos 520,RVSN USSR,Molniya-M /Block 2BL,Launch Successful,1972-09-19 19:19:00+00:00,"Site 41/1, Plesetsk Cosmodrome, Russia",Unknown,1972,9,19,Tuesday,19,40,195,7,106
Cosmos-3M (11K65M) | Cosmos 521,RVSN USSR,Cosmos-3M (11K65M),Launch Successful,1972-09-29 20:19:00+00:00,"Site 132/2, Plesetsk Cosmodrome, Russia",Unknown,1972,9,29,Friday,20,40,81,7,89
Molniya-M /Block L | Molniya-2 n†­28,RVSN USSR,Molniya-M /Block L,Launch Successful,1972-09-30 20:19:00+00:00,"Site 41/1, Plesetsk Cosmodrome, Russia",Unknown,1972,9,30,Saturday,20,40,196,7,106
Atlas-E/F Burner | P72-1,General Dynamics,Atlas-E/F Burner,Launch Successful,1972-10-02 20:10:00+00:00,"LC-576A1, Vandenberg AFB, California, USA",Unknown,1972,10,2,Monday,20,17,47,7,37
Voskhod | Cosmos 522,RVSN USSR,Voskhod,Launch Successful,1972-10-04 12:00:00+00:00,"Site 41/1, Plesetsk Cosmodrome, Russia",Unknown,1972,10,4,Wednesday,12,40,330,7,106
Cosmos-2I (63SM) | Cosmos 523,RVSN USSR,Cosmos-2I (63SM),Launch Successful,1972-10-05 11:30:00+00:00,"Site 133/3, Plesetsk Cosmodrome, Russia",Unknown,1972,10,5,Thursday,11,40,79,7,90
Titan IIID | KH-9 & SSF-C-3,Martin Marietta,Titan IIID,Launch Successful,1972-10-10 18:03:00+00:00,"SLC-4E, Vandenberg AFB, California, USA",Unknown,1972,10,10,Tuesday,18,34,307,7,72
Cosmos-2I (63SM) | Cosmos 524,RVSN USSR,Cosmos-2I (63SM),Launch Successful,1972-10-11 13:19:00+00:00,"Site 133/3, Plesetsk Cosmodrome, Russia",Unknown,1972,10,11,Wednesday,13,40,79,7,90
Molniya-M /Block L | Molniya-1 n†­29,RVSN USSR,Molniya-M /Block L,Launch Successful,1972-10-14 06:16:00+00:00,"Site 41/1, Plesetsk Cosmodrome, Russia",Unknown,1972,10,14,Saturday,6,40,196,7,106
Cosmos-3M (11K65M) | Strela-2M satellite,RVSN USSR,Cosmos-3M (11K65M),Launch Failure,1972-10-17 19:59:00+00:00,"Site 132/1, Plesetsk Cosmodrome, Russia",Unknown,1972,10,17,Tuesday,19,40,81,7,88
Voskhod | Cosmos 525,RVSN USSR,Voskhod,Launch Successful,1972-10-18 11:59:00+00:00,"Site 43/4, Plesetsk Cosmodrome, Russia",Unknown,1972,10,18,Wednesday,11,40,330,7,109
Cosmos-2I (63SM) | Cosmos 526,RVSN USSR,Cosmos-2I (63SM),Launch Successful,1972-10-25 10:39:00+00:00,"Site 133/3, Plesetsk Cosmodrome, Russia",Unknown,1972,10,25,Wednesday,10,40,79,7,90
Vostok-2M | Meteor n†­24,RVSN USSR,Vostok-2M,Launch Successful,1972-10-26 22:05:00+00:00,"Site 43/4, Plesetsk Cosmodrome, Russia",Unknown,1972,10,26,Thursday,22,40,334,7,109
Voskhod | Cosmos 527,RVSN USSR,Voskhod,Launch Successful,1972-10-31 13:29:00+00:00,"Site 43/4, Plesetsk Cosmodrome, Russia",Unknown,1972,10,31,Tuesday,13,40,330,7,109
Cosmos-3M (11K65M) | Cosmos 528 to 535,RVSN USSR,Cosmos-3M (11K65M),Launch Successful,1972-11-01 12:08:00+00:00,"Site 132/2, Plesetsk Cosmodrome, Russia",Unknown,1972,11,1,Wednesday,12,40,81,7,89
Cosmos-3M (11K65M) | Cosmos 536,RVSN USSR,Cosmos-3M (11K65M),Launch Successful,1972-11-03 01:34:00+00:00,"Site 132/1, Plesetsk Cosmodrome, Russia",Unknown,1972,11,3,Friday,1,40,81,7,88
Scout D1 | Explorer 48,ASI,Scout D1,Launch Successful,1972-11-15 22:13:00+00:00,"SM Launch Tab, San Marco Launch Platform, Kenya",Unknown,1972,11,15,Wednesday,22,2,244,7,80
N1-L3 | 7L (Soyuz 7K-LOK No.1),RVSN USSR,N1-L3,Launch Failure,1972-11-23 06:11:00+00:00,"Site 110/37, Baikonur Cosmodrome, Kazakhstan",Unknown,1972,11,23,Thursday,6,40,212,7,86
Voskhod | Cosmos 537,RVSN USSR,Voskhod,Launch Successful,1972-11-25 09:10:00+00:00,"Site 31/6, Baikonur Cosmodrome, Kazakhstan",Unknown,1972,11,25,Saturday,9,40,330,7,101
Cosmos-2I (63SM) | Intercosmos-8,RVSN USSR,Cosmos-2I (63SM),Launch Successful,1972-11-30 21:49:00+00:00,"Site 86/1, Kapustin Yar, Russia",Unknown,1972,11,30,Thursday,21,40,79,7,115
Molniya-M /Block L | Molniya-1 n†­30,RVSN USSR,Molniya-M /Block L,Launch Successful,1972-12-02 04:39:00+00:00,"Site 1/5, Baikonur Cosmodrome, Kazakhstan",Unknown,1972,12,2,Saturday,4,40,196,7,83
Molniya-M /Block L | Molniya-2 n†­31,RVSN USSR,Molniya-M /Block L,Launch Successful,1972-12-12 06:51:00+00:00,"Site 41/1, Plesetsk Cosmodrome, Russia",Unknown,1972,12,12,Tuesday,6,40,196,7,106
Voskhod | Cosmos 538,RVSN USSR,Voskhod,Launch Successful,1972-12-14 13:40:00+00:00,"Site 43/4, Plesetsk Cosmodrome, Russia",Unknown,1972,12,14,Thursday,13,40,330,7,109
Saturn V | Apollo 17,NASA,Saturn V,Launch Successful,1972-12-19 19:24:00+00:00,"LC-39A, Kennedy Space Center, Florida, USA",Unknown,1972,12,19,Tuesday,19,35,241,7,34
Atlas-SLV3A Agena-D | AFP-827 (Canyon-5),General Dynamics,Atlas-SLV3A Agena-D,Launch Successful,1972-12-20 22:20:00+00:00,"LC-13, Cape Canaveral AFS, Florida, USA",Unknown,1972,12,20,Wednesday,22,17,68,7,23
Cosmos-3M (11K65M) | Cosmos 539,RVSN USSR,Cosmos-3M (11K65M),Launch Successful,1972-12-21 02:05:00+00:00,"Site 132/2, Plesetsk Cosmodrome, Russia",Unknown,1972,12,21,Thursday,2,40,81,7,89
Titan III(24)B | OPS 3978,US Air Force,Titan III(24)B,Launch Successful,1972-12-21 17:45:00+00:00,"SLC-4W, Vandenberg AFB, California, USA",Unknown,1972,12,21,Thursday,17,48,302,7,73
Cosmos-3M (11K65M) | Cosmos 540,RVSN USSR,Cosmos-3M (11K65M),Launch Successful,1972-12-25 23:05:00+00:00,"Site 132/2, Plesetsk Cosmodrome, Russia",Unknown,1972,12,25,Monday,23,40,81,7,89
Soyuz M | Cosmos 541,RVSN USSR,Soyuz M,Launch Successful,1972-12-27 10:30:00+00:00,"Site 41/1, Plesetsk Cosmodrome, Russia",Unknown,1972,12,27,Wednesday,10,40,270,7,106
Vostok-2M | Cosmos 542,RVSN USSR,Vostok-2M,Partial Failure,1972-12-28 11:00:00+00:00,"Site 43/4, Plesetsk Cosmodrome, Russia",Unknown,1972,12,28,Thursday,11,40,334,7,109
Voskhod | Cosmos 543,RVSN USSR,Voskhod,Launch Successful,1973-01-11 10:00:00+00:00,"Site 31/6, Baikonur Cosmodrome, Kazakhstan",Unknown,1973,1,11,Thursday,10,40,330,7,101
Cosmos-3M (11K65M) | Cosmos 544,RVSN USSR,Cosmos-3M (11K65M),Launch Successful,1973-01-20 03:36:00+00:00,"Site 132/1, Plesetsk Cosmodrome, Russia",Unknown,1973,1,20,Saturday,3,40,81,7,88
Cosmos-2I (63SM) | Cosmos 545,RVSN USSR,Cosmos-2I (63SM),Launch Successful,1973-01-24 11:44:00+00:00,"Site 133/3, Plesetsk Cosmodrome, Russia",Unknown,1973,1,24,Wednesday,11,40,79,7,90
Cosmos-3M (11K65M) | Cosmos 546,RVSN USSR,Cosmos-3M (11K65M),Launch Successful,1973-01-26 11:44:00+00:00,"Site 107/1, Kapustin Yar, Russia",Unknown,1973,1,26,Friday,11,40,81,7,84
Voskhod | Cosmos 547,RVSN USSR,Voskhod,Launch Successful,1973-02-01 08:30:00+00:00,"Site 31/6, Baikonur Cosmodrome, Kazakhstan",Unknown,1973,2,1,Thursday,8,40,330,7,101
Molniya-M /Block L | Molniya-1 n†­32,RVSN USSR,Molniya-M /Block L,Launch Successful,1973-02-03 05:48:00+00:00,"Site 1/5, Baikonur Cosmodrome, Kazakhstan",Unknown,1973,2,3,Saturday,5,40,196,7,83
Voskhod | Cosmos 548,RVSN USSR,Voskhod,Launch Successful,1973-02-08 13:15:00+00:00,"Site 43/4, Plesetsk Cosmodrome, Russia",Unknown,1973,2,8,Thursday,13,40,330,7,109
Cosmos-3M (11K65M) | Cosmos 549,RVSN USSR,Cosmos-3M (11K65M),Launch Successful,1973-02-28 04:37:00+00:00,"Site 132/1, Plesetsk Cosmodrome, Russia",Unknown,1973,2,28,Wednesday,4,40,81,7,88
Voskhod | Cosmos 550,RVSN USSR,Voskhod,Launch Successful,1973-03-01 12:40:00+00:00,"Site 41/1, Plesetsk Cosmodrome, Russia",Unknown,1973,3,1,Thursday,12,40,330,7,106
Voskhod | Cosmos 551,RVSN USSR,Voskhod,Launch Successful,1973-03-06 09:20:00+00:00,"Site 31/6, Baikonur Cosmodrome, Kazakhstan",Unknown,1973,3,6,Tuesday,9,40,330,7,101
Atlas-SLV3A Agena-D | AFP-720 (Rhyolite-2),General Dynamics,Atlas-SLV3A Agena-D,Launch Successful,1973-03-06 09:30:00+00:00,"LC-13, Cape Canaveral AFS, Florida, USA",Unknown,1973,3,6,Tuesday,9,17,68,7,23
Titan IIID | KH-9,Martin Marietta,Titan IIID,Launch Successful,1973-03-09 21:00:00+00:00,"SLC-4E, Vandenberg AFB, California, USA",Unknown,1973,3,9,Friday,21,34,307,7,72
Vostok-2M | Meteor n†­25,RVSN USSR,Vostok-2M,Launch Successful,1973-03-20 11:20:00+00:00,"Site 41/1, Plesetsk Cosmodrome, Russia",Unknown,1973,3,20,Tuesday,11,40,334,7,106
Voskhod | Cosmos 552,RVSN USSR,Voskhod,Launch Successful,1973-03-22 10:00:00+00:00,"Site 43/4, Plesetsk Cosmodrome, Russia",Unknown,1973,3,22,Thursday,10,40,330,7,109
Proton K | Saliout-2,RVSN USSR,Proton K,Launch Successful,1973-04-03 09:00:00+00:00,"Site 81/23, Baikonur Cosmodrome, Kazakhstan",Unknown,1973,4,3,Tuesday,9,40,227,7,113
Molniya-M /Block L | Molniya-2 n†­33,RVSN USSR,Molniya-M /Block L,Launch Successful,1973-04-05 11:11:00+00:00,"Site 41/1, Plesetsk Cosmodrome, Russia",Unknown,1973,4,5,Thursday,11,40,196,7,106
Atlas-SLV3D Centaur-D1A | Pioneer 11,General Dynamics,Atlas-SLV3D Centaur-D1A,Launch Successful,1973-04-06 02:11:00+00:00,"SLC-36B, Cape Canaveral AFS, Florida, USA",Unknown,1973,4,6,Friday,2,17,71,7,65
Cosmos-2I (63SM) | Cosmos 553,RVSN USSR,Cosmos-2I (63SM),Launch Successful,1973-04-12 11:49:00+00:00,"Site 133/3, Plesetsk Cosmodrome, Russia",Unknown,1973,4,12,Thursday,11,40,79,7,90
Voskhod | Cosmos 554,RVSN USSR,Voskhod,Launch Successful,1973-04-19 08:59:00+00:00,"Site 43/4, Plesetsk Cosmodrome, Russia",Unknown,1973,4,19,Thursday,8,40,330,7,109
Cosmos-2I (63SM) | Intercosmos-9,RVSN USSR,Cosmos-2I (63SM),Launch Successful,1973-04-19 10:20:00+00:00,"Site 86/1, Kapustin Yar, Russia",Unknown,1973,4,19,Thursday,10,40,79,7,115
Tsyklon-2 | Cosmos 556,RVSN USSR,Tsyklon-2,Launch Failure,1973-04-25 09:10:00+00:00,"Site 90/19, Baikonur Cosmodrome, Kazakhstan",Unknown,1973,4,25,Wednesday,9,40,321,7,116
Voskhod | Cosmos 555,RVSN USSR,Voskhod,Launch Successful,1973-04-25 10:45:00+00:00,"Site 43/4, Plesetsk Cosmodrome, Russia",Unknown,1973,4,25,Wednesday,10,40,330,7,109
Voskhod | Cosmos 554,RVSN USSR,Voskhod,Launch Successful,1973-05-05 07:00:00+00:00,"Site 41/1, Plesetsk Cosmodrome, Russia",Unknown,1973,5,5,Saturday,7,40,330,7,106
Saturn V | Skylab 1,NASA,Saturn V,Launch Successful,1973-05-14 17:30:00+00:00,"LC-39A, Kennedy Space Center, Florida, USA",Unknown,1973,5,14,Monday,17,35,241,7,34
Titan III(24)B | OPS 2093,US Air Force,Titan III(24)B,Launch Successful,1973-05-16 16:40:00+00:00,"SLC-4W, Vandenberg AFB, California, USA",Unknown,1973,5,16,Wednesday,16,48,302,7,73
Cosmos-2I (63SM) | Cosmos 558,RVSN USSR,Cosmos-2I (63SM),Launch Successful,1973-05-17 13:19:00+00:00,"Site 133/3, Plesetsk Cosmodrome, Russia",Unknown,1973,5,17,Thursday,13,40,79,7,90
Soyuz U | Cosmos 559,RVSN USSR,Soyuz U,Launch Successful,1973-05-18 11:00:00+00:00,"Site 43/3, Plesetsk Cosmodrome, Russia",Unknown,1973,5,18,Friday,11,40,275,7,108
Diamant B | Castor & Pollux,CNES,Diamant B,Launch Failure,1973-05-22 21:37:00+00:00,"ELD, Guiana Space Centre, French Guiana, France",Unknown,1973,5,22,Tuesday,21,10,116,7,6
Voskhod | Cosmos 560,RVSN USSR,Voskhod,Launch Successful,1973-05-23 10:30:00+00:00,"Site 43/4, Plesetsk Cosmodrome, Russia",Unknown,1973,5,23,Wednesday,10,40,330,7,109
Cosmos-3MRB (65MRB) | BOR-3 Shuttle,RVSN USSR,Cosmos-3MRB (65MRB),Launch Successful,1973-05-24 03:50:00+00:00,"Site 86/1, Kapustin Yar, Russia",Unknown,1973,5,24,Thursday,3,40,82,7,115
Cosmos-3M (11K65M) | Zaliv #17,RVSN USSR,Cosmos-3M (11K65M),Launch Failure,1973-05-25 09:15:00+00:00,"Site 132/1, Plesetsk Cosmodrome, Russia",Unknown,1973,5,25,Friday,9,40,81,7,88
Saturn IB | Skylab 2,NASA,Saturn IB,Launch Successful,1973-05-25 13:00:00+00:00,"LC-39B, Kennedy Space Center, Florida, USA",Unknown,1973,5,25,Friday,13,35,240,7,35
Voskhod | Cosmos 561,RVSN USSR,Voskhod,Launch Successful,1973-05-25 13:30:00+00:00,"Site 43/4, Plesetsk Cosmodrome, Russia",Unknown,1973,5,25,Friday,13,40,330,7,109
Vostok-2M | Meteor n†­26,RVSN USSR,Vostok-2M,Launch Successful,1973-05-29 10:16:00+00:00,"Site 41/1, Plesetsk Cosmodrome, Russia",Unknown,1973,5,29,Tuesday,10,40,334,7,106
Cosmos-2I (63SM) | Cosmos 562,RVSN USSR,Cosmos-2I (63SM),Launch Successful,1973-06-05 11:29:00+00:00,"Site 133/3, Plesetsk Cosmodrome, Russia",Unknown,1973,6,5,Tuesday,11,40,79,7,90
Voskhod | Cosmos 563,RVSN USSR,Voskhod,Launch Successful,1973-06-06 11:30:00+00:00,"Site 43/4, Plesetsk Cosmodrome, Russia",Unknown,1973,6,6,Wednesday,11,40,330,7,109
Cosmos-3M (11K65M) | Cosmos 564 to 571,RVSN USSR,Cosmos-3M (11K65M),Launch Successful,1973-06-08 15:50:00+00:00,"Site 132/1, Plesetsk Cosmodrome, Russia",Unknown,1973,6,8,Friday,15,40,81,7,88
Voskhod | Cosmos 572,RVSN USSR,Voskhod,Launch Successful,1973-06-10 10:10:00+00:00,"Site 1/5, Baikonur Cosmodrome, Kazakhstan",Unknown,1973,6,10,Sunday,10,40,330,7,83
Titan III(23)C | DSP-4,Martin Marietta,Titan III(23)C,Launch Successful,1973-06-12 07:14:00+00:00,"SLC-40, Cape Canaveral AFS, Florida, USA",Unknown,1973,6,12,Tuesday,7,34,301,7,69
Soyuz | Cosmos 573,RVSN USSR,Soyuz,Launch Successful,1973-06-15 06:00:00+00:00,"Site 1/5, Baikonur Cosmodrome, Kazakhstan",Unknown,1973,6,15,Friday,6,40,257,7,83
Cosmos-3M (11K65M) | Cosmos 574,RVSN USSR,Cosmos-3M (11K65M),Launch Successful,1973-06-20 06:16:00+00:00,"Site 132/1, Plesetsk Cosmodrome, Russia",Unknown,1973,6,20,Wednesday,6,40,81,7,88
Voskhod | Cosmos 575,RVSN USSR,Voskhod,Launch Successful,1973-06-21 13:29:00+00:00,"Site 43/4, Plesetsk Cosmodrome, Russia",Unknown,1973,6,21,Thursday,13,40,330,7,109
Soyuz M | Cosmos 576,RVSN USSR,Soyuz M,Launch Successful,1973-06-27 11:50:00+00:00,"Site 41/1, Plesetsk Cosmodrome, Russia",Unknown,1973,6,27,Wednesday,11,40,270,7,106
Voskhod | Zenit-4M n†­50,RVSN USSR,Voskhod,Launch Failure,1973-07-04 10:59:00+00:00,"Site 43/3, Plesetsk Cosmodrome, Russia",Unknown,1973,7,4,Wednesday,10,40,330,7,108
Molniya-M /Block L | Molniya-2 n†­34,RVSN USSR,Molniya-M /Block L,Launch Successful,1973-07-11 09:58:00+00:00,"Site 41/1, Plesetsk Cosmodrome, Russia",Unknown,1973,7,11,Wednesday,9,40,196,7,106
Titan IIID | KH-9,Martin Marietta,Titan IIID,Launch Successful,1973-07-13 20:24:00+00:00,"SLC-4E, Vandenberg AFB, California, USA",Unknown,1973,7,13,Friday,20,34,307,7,72
Voskhod | Cosmos 577,RVSN USSR,Voskhod,Launch Successful,1973-07-25 11:30:00+00:00,"Site 43/4, Plesetsk Cosmodrome, Russia",Unknown,1973,7,25,Wednesday,11,40,330,7,109
Saturn IB | Skylab 3,NASA,Saturn IB,Launch Successful,1973-07-28 11:10:00+00:00,"LC-39B, Kennedy Space Center, Florida, USA",Unknown,1973,7,28,Saturday,11,35,240,7,35
Voskhod | Cosmos 578,RVSN USSR,Voskhod,Launch Successful,1973-08-01 14:00:00+00:00,"Site 43/4, Plesetsk Cosmodrome, Russia",Unknown,1973,8,1,Wednesday,14,40,330,7,109
Voskhod | Cosmos 579,RVSN USSR,Voskhod,Launch Successful,1973-08-21 12:30:00+00:00,"Site 41/1, Plesetsk Cosmodrome, Russia",Unknown,1973,8,21,Tuesday,12,40,330,7,106
Titan-III(33)B Agena-D | Jumpseat 3,Martin Marietta,Titan-III(33)B Agena-D,Launch Successful,1973-08-21 16:07:00+00:00,"SLC-4W, Vandenberg AFB, California, USA",Unknown,1973,8,21,Tuesday,16,34,319,7,73
Cosmos-2I (63SM) | Cosmos 580,RVSN USSR,Cosmos-2I (63SM),Launch Successful,1973-08-22 11:24:00+00:00,"Site 133/3, Plesetsk Cosmodrome, Russia",Unknown,1973,8,22,Wednesday,11,40,79,7,90
Atlas-SLV3D Centaur-D1A | Intelsat 4 F7,General Dynamics,Atlas-SLV3D Centaur-D1A,Launch Successful,1973-08-23 22:57:00+00:00,"SLC-36A, Cape Canaveral AFS, Florida, USA",Unknown,1973,8,23,Thursday,22,17,71,7,64
Voskhod | Cosmos 581,RVSN USSR,Voskhod,Launch Successful,1973-08-24 10:59:00+00:00,"Site 1/5, Baikonur Cosmodrome, Kazakhstan",Unknown,1973,8,24,Friday,10,40,330,7,83
Cosmos-3M (11K65M) | Cosmos 582,RVSN USSR,Cosmos-3M (11K65M),Launch Successful,1973-08-28 10:08:00+00:00,"Site 132/2, Plesetsk Cosmodrome, Russia",Unknown,1973,8,28,Tuesday,10,40,81,7,89
Molniya-M /Block L | Molniya-1 n†­35,RVSN USSR,Molniya-M /Block L,Launch Successful,1973-08-30 00:07:00+00:00,"Site 41/1, Plesetsk Cosmodrome, Russia",Unknown,1973,8,30,Thursday,0,40,196,7,106
Voskhod | Cosmos 583,RVSN USSR,Voskhod,Launch Successful,1973-08-30 10:30:00+00:00,"Site 1/5, Baikonur Cosmodrome, Kazakhstan",Unknown,1973,8,30,Thursday,10,40,330,7,83
Voskhod | Cosmos 584,RVSN USSR,Voskhod,Launch Successful,1973-09-06 10:40:00+00:00,"Site 41/1, Plesetsk Cosmodrome, Russia",Unknown,1973,9,6,Thursday,10,40,330,7,106
Cosmos-3M (11K65M) | Cosmos 585,RVSN USSR,Cosmos-3M (11K65M),Launch Successful,1973-09-08 01:50:00+00:00,"Site 132/2, Plesetsk Cosmodrome, Russia",Unknown,1973,9,8,Saturday,1,40,81,7,89
Cosmos-3M (11K65M) | Cosmos 586,RVSN USSR,Cosmos-3M (11K65M),Launch Successful,1973-09-14 00:31:00+00:00,"Site 132/2, Plesetsk Cosmodrome, Russia",Unknown,1973,9,14,Friday,0,40,81,7,89
Feng Bao 1 | JSSW-1,CASC,Feng Bao 1,Launch Failure,1973-09-18 12:12:00+00:00,"Site 138 (LA-2B), Jiuquan Satellite Launch Center, China",Unknown,1973,9,18,Tuesday,12,7,135,7,91
Soyuz U | Cosmos 587,RVSN USSR,Soyuz U,Launch Successful,1973-09-21 13:05:00+00:00,"Site 43/3, Plesetsk Cosmodrome, Russia",Unknown,1973,9,21,Friday,13,40,275,7,108
Soyuz | Soyuz 12,RVSN USSR,Soyuz,Launch Successful,1973-09-27 12:18:00+00:00,"Site 1/5, Baikonur Cosmodrome, Kazakhstan",Unknown,1973,9,27,Thursday,12,40,257,7,83
Titan III(24)B | OPS 6275,US Air Force,Titan III(24)B,Launch Successful,1973-09-27 17:15:00+00:00,"SLC-4W, Vandenberg AFB, California, USA",Unknown,1973,9,27,Thursday,17,48,302,7,73
Cosmos-3M (11K65M) | Cosmos 588 to 595,RVSN USSR,Cosmos-3M (11K65M),Launch Successful,1973-10-02 21:46:00+00:00,"Site 132/2, Plesetsk Cosmodrome, Russia",Unknown,1973,10,2,Tuesday,21,40,81,7,89
Voskhod | Cosmos 596,RVSN USSR,Voskhod,Launch Successful,1973-10-03 13:00:00+00:00,"Site 41/1, Plesetsk Cosmodrome, Russia",Unknown,1973,10,3,Wednesday,13,40,330,7,106
Voskhod | Cosmos 597,RVSN USSR,Voskhod,Launch Successful,1973-10-06 12:30:00+00:00,"Site 41/1, Plesetsk Cosmodrome, Russia",Unknown,1973,10,6,Saturday,12,40,330,7,106
Voskhod | Cosmos 598,RVSN USSR,Voskhod,Launch Successful,1973-10-10 10:45:00+00:00,"Site 41/1, Plesetsk Cosmodrome, Russia",Unknown,1973,10,10,Wednesday,10,40,330,7,106
Voskhod | Cosmos 599,RVSN USSR,Voskhod,Launch Successful,1973-10-15 08:45:00+00:00,"Site 1/5, Baikonur Cosmodrome, Kazakhstan",Unknown,1973,10,15,Monday,8,40,330,7,83
Voskhod | Cosmos 600,RVSN USSR,Voskhod,Launch Successful,1973-10-16 12:00:00+00:00,"Site 43/4, Plesetsk Cosmodrome, Russia",Unknown,1973,10,16,Tuesday,12,40,330,7,109
Cosmos-2I (63SM) | Cosmos 601,RVSN USSR,Cosmos-2I (63SM),Launch Successful,1973-10-16 14:00:00+00:00,"Site 133/3, Plesetsk Cosmodrome, Russia",Unknown,1973,10,16,Tuesday,14,40,79,7,90
Molniya-M /Block L | Molniya-2 n†­36,RVSN USSR,Molniya-M /Block L,Launch Successful,1973-10-19 10:26:00+00:00,"Site 41/1, Plesetsk Cosmodrome, Russia",Unknown,1973,10,19,Friday,10,40,196,7,106
Voskhod | Cosmos 602,RVSN USSR,Voskhod,Launch Successful,1973-10-20 10:14:00+00:00,"Site 43/4, Plesetsk Cosmodrome, Russia",Unknown,1973,10,20,Saturday,10,40,330,7,109
Voskhod | Cosmos 603,RVSN USSR,Voskhod,Launch Successful,1973-10-27 11:09:00+00:00,"Site 41/1, Plesetsk Cosmodrome, Russia",Unknown,1973,10,27,Saturday,11,40,330,7,106
Vostok-2M | Cosmos 604,RVSN USSR,Vostok-2M,Launch Successful,1973-10-29 14:00:00+00:00,"Site 43/4, Plesetsk Cosmodrome, Russia",Unknown,1973,10,29,Monday,14,40,334,7,109
Cosmos-3M (11K65M) | Intercosmos-10,RVSN USSR,Cosmos-3M (11K65M),Launch Successful,1973-10-30 19:00:00+00:00,"Site 132/2, Plesetsk Cosmodrome, Russia",Unknown,1973,10,30,Tuesday,19,40,81,7,89
Soyuz U | Cosmos 605,RVSN USSR,Soyuz U,Launch Successful,1973-10-31 18:24:00+00:00,"Site 43/3, Plesetsk Cosmodrome, Russia",Unknown,1973,10,31,Wednesday,18,40,275,7,108
Molniya-M /Block 2BL | Cosmos 606,RVSN USSR,Molniya-M /Block 2BL,Launch Successful,1973-11-02 13:01:00+00:00,"Site 41/1, Plesetsk Cosmodrome, Russia",Unknown,1973,11,2,Friday,13,40,195,7,106
Atlas-SLV3D Centaur-D1A | Mariner 10,General Dynamics,Atlas-SLV3D Centaur-D1A,Launch Successful,1973-11-03 05:45:00+00:00,"SLC-36B, Cape Canaveral AFS, Florida, USA",Unknown,1973,11,3,Saturday,5,17,71,7,65
Voskhod | Cosmos 607,RVSN USSR,Voskhod,Launch Successful,1973-11-10 12:38:00+00:00,"Site 43/4, Plesetsk Cosmodrome, Russia",Unknown,1973,11,10,Saturday,12,40,330,7,109
"Titan IIID | KH-9, SSF-B-24 & SSF-C-4",Martin Marietta,Titan IIID,Launch Successful,1973-11-10 20:09:00+00:00,"SLC-4E, Vandenberg AFB, California, USA",Unknown,1973,11,10,Saturday,20,34,307,7,72
Molniya-M /Block L | Molniya-1 n†­37,RVSN USSR,Molniya-M /Block L,Launch Successful,1973-11-14 20:40:00+00:00,"Site 1/5, Baikonur Cosmodrome, Kazakhstan",Unknown,1973,11,14,Wednesday,20,40,196,7,83
Saturn IB | Skylab 4,NASA,Saturn IB,Launch Successful,1973-11-16 14:01:00+00:00,"LC-39B, Kennedy Space Center, Florida, USA",Unknown,1973,11,16,Friday,14,35,240,7,35
Cosmos-2I (63SM) | Cosmos 608,RVSN USSR,Cosmos-2I (63SM),Launch Successful,1973-11-20 12:29:00+00:00,"Site 133/3, Plesetsk Cosmodrome, Russia",Unknown,1973,11,20,Tuesday,12,40,79,7,90
Voskhod | Cosmos 609,RVSN USSR,Voskhod,Launch Successful,1973-11-21 10:00:00+00:00,"Site 1/5, Baikonur Cosmodrome, Kazakhstan",Unknown,1973,11,21,Wednesday,10,40,330,7,83
Cosmos-3M (11K65M) | Cosmos 610,RVSN USSR,Cosmos-3M (11K65M),Launch Successful,1973-11-27 00:08:00+00:00,"Site 132/2, Plesetsk Cosmodrome, Russia",Unknown,1973,11,27,Tuesday,0,40,81,7,89
Cosmos-2I (63SM) | Cosmos 611,RVSN USSR,Cosmos-2I (63SM),Launch Successful,1973-11-28 09:29:00+00:00,"Site 133/3, Plesetsk Cosmodrome, Russia",Unknown,1973,11,28,Wednesday,9,40,79,7,90
Voskhod | Cosmos 612,RVSN USSR,Voskhod,Launch Successful,1973-11-28 11:43:00+00:00,"Site 43/4, Plesetsk Cosmodrome, Russia",Unknown,1973,11,28,Wednesday,11,40,330,7,109
Molniya-M /Block L | Molniya-1 n†­38,RVSN USSR,Molniya-M /Block L,Launch Successful,1973-11-30 13:08:00+00:00,"Site 41/1, Plesetsk Cosmodrome, Russia",Unknown,1973,11,30,Friday,13,40,196,7,106
Cosmos-3M (11K65M) | Cosmos 614,RVSN USSR,Cosmos-3M (11K65M),Launch Successful,1973-12-04 15:00:00+00:00,"Site 132/2, Plesetsk Cosmodrome, Russia",Unknown,1973,12,4,Tuesday,15,40,81,7,89
Cosmos-2I (63SM) | Cosmos 615,RVSN USSR,Cosmos-2I (63SM),Launch Successful,1973-12-13 11:10:00+00:00,"Site 133/3, Plesetsk Cosmodrome, Russia",Unknown,1973,12,13,Thursday,11,40,79,7,90
Titan III(23)C | DSCS-II 3&4,Martin Marietta,Titan III(23)C,Launch Successful,1973-12-13 23:57:00+00:00,"SLC-40, Cape Canaveral AFS, Florida, USA",Unknown,1973,12,13,Thursday,23,34,301,7,69
Soyuz M | Cosmos 616,RVSN USSR,Soyuz M,Launch Successful,1973-12-17 12:00:00+00:00,"Site 41/1, Plesetsk Cosmodrome, Russia",Unknown,1973,12,17,Monday,12,40,270,7,106
Soyuz | Soyuz 13,RVSN USSR,Soyuz,Launch Successful,1973-12-18 11:55:00+00:00,"Site 1/5, Baikonur Cosmodrome, Kazakhstan",Unknown,1973,12,18,Tuesday,11,40,257,7,83
Cosmos-3M (11K65M) | Cosmos 617 to 624,RVSN USSR,Cosmos-3M (11K65M),Launch Successful,1973-12-19 09:43:00+00:00,"Site 132/2, Plesetsk Cosmodrome, Russia",Unknown,1973,12,19,Wednesday,9,40,81,7,89
Voskhod | Cosmos 625,RVSN USSR,Voskhod,Launch Successful,1973-12-21 12:30:00+00:00,"Site 43/4, Plesetsk Cosmodrome, Russia",Unknown,1973,12,21,Friday,12,40,330,7,109
Molniya-M /Block L | Molniya-2 n†­39,RVSN USSR,Molniya-M /Block L,Launch Successful,1973-12-25 11:17:00+00:00,"Site 41/1, Plesetsk Cosmodrome, Russia",Unknown,1973,12,25,Tuesday,11,40,196,7,106
Tsyklon-2 | Cosmos 626,RVSN USSR,Tsyklon-2,Launch Successful,1973-12-27 20:19:00+00:00,"Site 90/19, Baikonur Cosmodrome, Kazakhstan",Unknown,1973,12,27,Thursday,20,40,321,7,116
Cosmos-3M (11K65M) | Cosmos 627,RVSN USSR,Cosmos-3M (11K65M),Launch Successful,1973-12-29 04:12:00+00:00,"Site 132/2, Plesetsk Cosmodrome, Russia",Unknown,1973,12,29,Saturday,4,40,81,7,89
Cosmos-3M (11K65M) | Cosmos 628,RVSN USSR,Cosmos-3M (11K65M),Launch Successful,1974-01-17 10:07:00+00:00,"Site 132/2, Plesetsk Cosmodrome, Russia",Unknown,1974,1,17,Thursday,10,40,81,7,89
Voskhod | Cosmos 629,RVSN USSR,Voskhod,Launch Successful,1974-01-24 15:00:00+00:00,"Site 43/4, Plesetsk Cosmodrome, Russia",Unknown,1974,1,24,Thursday,15,40,330,7,109
Soyuz | Cosmos 613,RVSN USSR,Soyuz,Launch Successful,1974-01-29 05:29:00+00:00,"Site 1/5, Baikonur Cosmodrome, Kazakhstan",Unknown,1974,1,29,Tuesday,5,40,257,7,83
Voskhod | Cosmos 630,RVSN USSR,Voskhod,Launch Successful,1974-01-30 11:00:00+00:00,"Site 43/4, Plesetsk Cosmodrome, Russia",Unknown,1974,1,30,Wednesday,11,40,330,7,109
Mu-III H | Tansei 2,ISAS,Mu-III H,Launch Successful,1974-02-04 05:00:00+00:00,"Mu Pad, Uchinoura Space Center, Japan",Unknown,1974,2,4,Monday,5,22,202,7,48
Cosmos-3M (11K65M) | Cosmos 631,RVSN USSR,Cosmos-3M (11K65M),Launch Successful,1974-02-06 00:33:00+00:00,"Site 132/2, Plesetsk Cosmodrome, Russia",Unknown,1974,2,6,Wednesday,0,40,81,7,89
Titan IIIE | Sphinx & Viking-DS,Martin Marietta,Titan IIIE,Launch Failure,1974-02-11 13:48:00+00:00,"SLC-41, Cape Canaveral AFS, Florida, USA",Unknown,1974,2,11,Monday,13,34,308,7,70
Voskhod | Cosmos 632,RVSN USSR,Voskhod,Launch Successful,1974-02-12 08:56:00+00:00,"Site 31/6, Baikonur Cosmodrome, Kazakhstan",Unknown,1974,2,12,Tuesday,8,40,330,7,101
Titan III(24)B | OPS 6889,US Air Force,Titan III(24)B,Launch Successful,1974-02-13 18:00:00+00:00,"SLC-4W, Vandenberg AFB, California, USA",Unknown,1974,2,13,Wednesday,18,48,302,7,73
Scout D1 | San Marco 4,ASI,Scout D1,Launch Successful,1974-02-18 10:05:00+00:00,"SM Launch Tab, San Marco Launch Platform, Kenya",Unknown,1974,2,18,Monday,10,2,244,7,80
Cosmos-2I (63SM) | Cosmos 633,RVSN USSR,Cosmos-2I (63SM),Launch Successful,1974-02-27 11:05:00+00:00,"Site 133/3, Plesetsk Cosmodrome, Russia",Unknown,1974,2,27,Wednesday,11,40,79,7,90
Vostok-2M | Meteor n†­27,RVSN USSR,Vostok-2M,Launch Successful,1974-03-05 11:38:00+00:00,"Site 43/4, Plesetsk Cosmodrome, Russia",Unknown,1974,3,5,Tuesday,11,40,334,7,109
Cosmos-2I (63SM) | Cosmos 634,RVSN USSR,Cosmos-2I (63SM),Launch Successful,1974-03-05 16:05:00+00:00,"Site 133/3, Plesetsk Cosmodrome, Russia",Unknown,1974,3,5,Tuesday,16,40,79,7,90
Voskhod | Cosmos 635,RVSN USSR,Voskhod,Launch Successful,1974-03-14 10:29:00+00:00,"Site 43/4, Plesetsk Cosmodrome, Russia",Unknown,1974,3,14,Thursday,10,40,330,7,109
Soyuz U | Cosmos 636,RVSN USSR,Soyuz U,Launch Successful,1974-03-20 08:30:00+00:00,"Site 31/6, Baikonur Cosmodrome, Kazakhstan",Unknown,1974,3,20,Wednesday,8,40,275,7,101
Cosmos-3M (11K65M) | Cosmos 641 to 648,RVSN USSR,Cosmos-3M (11K65M),Launch Successful,1974-03-23 14:14:00+00:00,"Site 132/2, Plesetsk Cosmodrome, Russia",Unknown,1974,3,23,Saturday,14,40,81,7,89
Proton K/Block-DM | Cosmos 637,RVSN USSR,Proton K/Block-DM,Launch Successful,1974-03-26 13:35:00+00:00,"Site 81/23, Baikonur Cosmodrome, Kazakhstan",Unknown,1974,3,26,Tuesday,13,40,230,7,113
Soyuz U | Cosmos 638,RVSN USSR,Soyuz U,Launch Successful,1974-04-03 07:30:00+00:00,"Site 31/6, Baikonur Cosmodrome, Kazakhstan",Unknown,1974,4,3,Wednesday,7,40,275,7,101
Voskhod | Cosmos 639,RVSN USSR,Voskhod,Launch Successful,1974-04-04 08:30:00+00:00,"Site 41/1, Plesetsk Cosmodrome, Russia",Unknown,1974,4,4,Thursday,8,40,330,7,106
"Titan IIID | KH-9, SSF-B-25, IRCB",Martin Marietta,Titan IIID,Launch Successful,1974-04-10 20:20:00+00:00,"SLC-4E, Vandenberg AFB, California, USA",Unknown,1974,4,10,Wednesday,20,34,307,7,72
Voskhod | Cosmos 640,RVSN USSR,Voskhod,Launch Successful,1974-04-11 12:22:00+00:00,"Site 43/4, Plesetsk Cosmodrome, Russia",Unknown,1974,4,11,Thursday,12,40,330,7,109
Voskhod | Zenit-4MK n†­23,RVSN USSR,Voskhod,Launch Failure,1974-04-12 08:00:00+00:00,"Site 31/6, Baikonur Cosmodrome, Kazakhstan",Unknown,1974,4,12,Friday,8,40,330,7,101
Molniya-M /Block ML | Molniya-1 n†­40,RVSN USSR,Molniya-M /Block ML,Launch Successful,1974-04-20 20:53:00+00:00,"Site 43/4, Plesetsk Cosmodrome, Russia",Unknown,1974,4,20,Saturday,20,40,197,7,109
Vostok-2M | Meteor n†­28,RVSN USSR,Vostok-2M,Launch Successful,1974-04-24 11:50:00+00:00,"Site 43/4, Plesetsk Cosmodrome, Russia",Unknown,1974,4,24,Wednesday,11,40,334,7,109
Molniya-M /Block L | Molniya-2 n†­41,RVSN USSR,Molniya-M /Block L,Launch Successful,1974-04-26 14:22:00+00:00,"Site 41/1, Plesetsk Cosmodrome, Russia",Unknown,1974,4,26,Friday,14,40,196,7,106
Voskhod | Cosmos 649,RVSN USSR,Voskhod,Launch Successful,1974-04-29 13:29:00+00:00,"Site 43/4, Plesetsk Cosmodrome, Russia",Unknown,1974,4,29,Monday,13,40,330,7,109
Cosmos-3M (11K65M) | Cosmos 650,RVSN USSR,Cosmos-3M (11K65M),Launch Successful,1974-04-29 17:10:00+00:00,"Site 132/2, Plesetsk Cosmodrome, Russia",Unknown,1974,4,29,Monday,17,40,81,7,89
Tsyklon-2 | Cosmos 651,RVSN USSR,Tsyklon-2,Launch Successful,1974-05-15 07:30:00+00:00,"Site 90/19, Baikonur Cosmodrome, Kazakhstan",Unknown,1974,5,15,Wednesday,7,40,321,7,116
Soyuz U | Cosmos 652,RVSN USSR,Soyuz U,Launch Successful,1974-05-15 08:30:00+00:00,"Site 31/6, Baikonur Cosmodrome, Kazakhstan",Unknown,1974,5,15,Wednesday,8,40,275,7,101
Voskhod | Cosmos 653,RVSN USSR,Voskhod,Launch Successful,1974-05-15 12:30:00+00:00,"Site 43/4, Plesetsk Cosmodrome, Russia",Unknown,1974,5,15,Wednesday,12,40,330,7,109
Tsyklon-2 | Cosmos 654,RVSN USSR,Tsyklon-2,Launch Successful,1974-05-17 06:53:00+00:00,"Site 90/19, Baikonur Cosmodrome, Kazakhstan",Unknown,1974,5,17,Friday,6,40,321,7,116
Cosmos-3M (11K65M) | Intercosmos-11,RVSN USSR,Cosmos-3M (11K65M),Launch Successful,1974-05-17 11:00:00+00:00,"Site 132/1, Plesetsk Cosmodrome, Russia",Unknown,1974,5,17,Friday,11,40,81,7,88
Cosmos-3M (11K65M) | Cosmos 655,RVSN USSR,Cosmos-3M (11K65M),Launch Successful,1974-05-21 06:15:00+00:00,"Site 132/2, Plesetsk Cosmodrome, Russia",Unknown,1974,5,21,Tuesday,6,40,81,7,89
Soyuz U | Yantar-2K n†­01,RVSN USSR,Soyuz U,Launch Failure,1974-05-23 12:16:00+00:00,"Site 43/3, Plesetsk Cosmodrome, Russia",Unknown,1974,5,23,Thursday,12,40,275,7,108
Soyuz | Cosmos 656,RVSN USSR,Soyuz,Launch Successful,1974-05-27 07:20:00+00:00,"Site 1/5, Baikonur Cosmodrome, Kazakhstan",Unknown,1974,5,27,Monday,7,40,257,7,83
Proton K/Block D | Luna-22,RVSN USSR,Proton K/Block D,Launch Successful,1974-05-29 08:56:00+00:00,"Site 81/24, Baikonur Cosmodrome, Kazakhstan",Unknown,1974,5,29,Wednesday,8,40,228,7,114
Voskhod | Cosmos 657,RVSN USSR,Voskhod,Launch Successful,1974-05-30 12:44:00+00:00,"Site 43/4, Plesetsk Cosmodrome, Russia",Unknown,1974,5,30,Thursday,12,40,330,7,109
Titan III(23)C | ATS-6,Martin Marietta,Titan III(23)C,Launch Successful,1974-05-30 13:00:00+00:00,"SLC-40, Cape Canaveral AFS, Florida, USA",Unknown,1974,5,30,Thursday,13,34,301,7,69
Voskhod | Cosmos 658,RVSN USSR,Voskhod,Launch Successful,1974-06-06 06:20:00+00:00,"Site 31/6, Baikonur Cosmodrome, Kazakhstan",Unknown,1974,6,6,Thursday,6,40,330,7,101
Titan III(24)B | OPS 1776,US Air Force,Titan III(24)B,Launch Successful,1974-06-06 16:30:00+00:00,"SLC-4W, Vandenberg AFB, California, USA",Unknown,1974,6,6,Thursday,16,48,302,7,73
Voskhod | Cosmos 659,RVSN USSR,Voskhod,Launch Successful,1974-06-13 12:29:00+00:00,"Site 43/4, Plesetsk Cosmodrome, Russia",Unknown,1974,6,13,Thursday,12,40,330,7,109
Cosmos-3M (11K65M) | Cosmos 660,RVSN USSR,Cosmos-3M (11K65M),Launch Successful,1974-06-18 13:00:00+00:00,"Site 132/2, Plesetsk Cosmodrome, Russia",Unknown,1974,6,18,Tuesday,13,40,81,7,89
Cosmos-3M (11K65M) | Cosmos 661,RVSN USSR,Cosmos-3M (11K65M),Launch Successful,1974-06-21 09:03:00+00:00,"Site 132/2, Plesetsk Cosmodrome, Russia",Unknown,1974,6,21,Friday,9,40,81,7,89
Cosmos-2I (63SM) | Cosmos 662,RVSN USSR,Cosmos-2I (63SM),Launch Successful,1974-06-26 12:30:00+00:00,"Site 133/3, Plesetsk Cosmodrome, Russia",Unknown,1974,6,26,Wednesday,12,40,79,7,90
Cosmos-3M (11K65M) | Cosmos 663,RVSN USSR,Cosmos-3M (11K65M),Launch Successful,1974-06-27 15:39:00+00:00,"Site 132/1, Plesetsk Cosmodrome, Russia",Unknown,1974,6,27,Thursday,15,40,81,7,88
Soyuz M | Cosmos 664,RVSN USSR,Soyuz M,Launch Successful,1974-06-29 12:50:00+00:00,"Site 43/4, Plesetsk Cosmodrome, Russia",Unknown,1974,6,29,Saturday,12,40,270,7,109
Molniya-M /Block 2BL | Cosmos 665,RVSN USSR,Molniya-M /Block 2BL,Launch Successful,1974-06-29 15:59:00+00:00,"Site 41/1, Plesetsk Cosmodrome, Russia",Unknown,1974,6,29,Saturday,15,40,195,7,106
Soyuz | Soyuz 14,RVSN USSR,Soyuz,Launch Successful,1974-07-03 18:51:00+00:00,"Site 1/5, Baikonur Cosmodrome, Kazakhstan",Unknown,1974,7,3,Wednesday,18,40,257,7,83
Vostok-2M | Meteor-Priroda n†­1,RVSN USSR,Vostok-2M,Launch Successful,1974-07-09 14:39:00+00:00,"Site 43/4, Plesetsk Cosmodrome, Russia",Unknown,1974,7,9,Tuesday,14,40,334,7,109
Cosmos-3MRB (65MRB) | BOR-3 Shuttle,RVSN USSR,Cosmos-3MRB (65MRB),Launch Successful,1974-07-11 05:01:00+00:00,"Site 86/1, Kapustin Yar, Russia",Unknown,1974,7,11,Thursday,5,40,82,7,115
Cosmos-2I (63SM) | DS-P1-You n†­68,RVSN USSR,Cosmos-2I (63SM),Launch Failure,1974-07-11 11:00:00+00:00,"Site 133/3, Plesetsk Cosmodrome, Russia",Unknown,1974,7,11,Thursday,11,40,79,7,90
Voskhod | Cosmos 666,RVSN USSR,Voskhod,Launch Successful,1974-07-12 12:15:00+00:00,"Site 43/4, Plesetsk Cosmodrome, Russia",Unknown,1974,7,12,Friday,12,40,330,7,109
Feng Bao 1 | JSSW-2,CASC,Feng Bao 1,Launch Failure,1974-07-12 13:55:00+00:00,"Site 138 (LA-2B), Jiuquan Satellite Launch Center, China",Unknown,1974,7,12,Friday,13,7,135,7,91
Atlas-E/F PTS | P73-3,General Dynamics,Atlas-E/F PTS,Launch Successful,1974-07-14 05:17:00+00:00,"SLC-3W, Vandenberg AFB, California, USA",Unknown,1974,7,14,Sunday,5,17,51,7,68
Molniya-M /Block L | Molniya-2 n†­42,RVSN USSR,Molniya-M /Block L,Launch Successful,1974-07-23 01:23:00+00:00,"Site 43/4, Plesetsk Cosmodrome, Russia",Unknown,1974,7,23,Tuesday,1,40,196,7,109
Voskhod | Cosmos 667,RVSN USSR,Voskhod,Launch Successful,1974-07-25 07:00:00+00:00,"Site 31/6, Baikonur Cosmodrome, Kazakhstan",Unknown,1974,7,25,Thursday,7,40,330,7,101
Cosmos-2I (63SM) | Cosmos 668,RVSN USSR,Cosmos-2I (63SM),Launch Successful,1974-07-25 12:00:00+00:00,"Site 133/3, Plesetsk Cosmodrome, Russia",Unknown,1974,7,25,Thursday,12,40,79,7,90
Voskhod | Cosmos 669,RVSN USSR,Voskhod,Launch Successful,1974-07-26 06:59:00+00:00,"Site 43/4, Plesetsk Cosmodrome, Russia",Unknown,1974,7,26,Friday,6,40,330,7,109
Soyuz U | Cosmos 670,RVSN USSR,Soyuz U,Launch Successful,1974-08-06 00:02:00+00:00,"Site 1/5, Baikonur Cosmodrome, Kazakhstan",Unknown,1974,8,6,Tuesday,0,40,275,7,83
Voskhod | Cosmos 671,RVSN USSR,Voskhod,Launch Successful,1974-08-07 12:49:00+00:00,"Site 43/4, Plesetsk Cosmodrome, Russia",Unknown,1974,8,7,Wednesday,12,40,330,7,109
Titan III(24)B | OPS 3004,US Air Force,Titan III(24)B,Launch Successful,1974-08-14 15:45:00+00:00,"SLC-4W, Vandenberg AFB, California, USA",Unknown,1974,8,14,Wednesday,15,48,302,7,73
Vostok-2M | Cosmos 673,RVSN USSR,Vostok-2M,Launch Successful,1974-08-16 03:41:00+00:00,"Site 43/4, Plesetsk Cosmodrome, Russia",Unknown,1974,8,16,Friday,3,40,334,7,109
Soyuz | Soyuz 15,RVSN USSR,Soyuz,Launch Successful,1974-08-28 20:10:00+00:00,"Site 1/5, Baikonur Cosmodrome, Kazakhstan",Unknown,1974,8,28,Wednesday,20,40,257,7,83
Voskhod | Cosmos 674,RVSN USSR,Voskhod,Launch Successful,1974-08-29 07:39:00+00:00,"Site 31/6, Baikonur Cosmodrome, Kazakhstan",Unknown,1974,8,29,Thursday,7,40,330,7,101
Cosmos-3M (11K65M) | Cosmos 675,RVSN USSR,Cosmos-3M (11K65M),Launch Successful,1974-08-29 15:00:00+00:00,"Site 132/2, Plesetsk Cosmodrome, Russia",Unknown,1974,8,29,Thursday,15,40,81,7,89
Voskhod | Zenit-2M n†­51,RVSN USSR,Voskhod,Launch Failure,1974-08-30 09:00:00+00:00,"Site 41/1, Plesetsk Cosmodrome, Russia",Unknown,1974,8,30,Friday,9,40,330,7,106
Cosmos-3M (11K65M) | Cosmos 676,RVSN USSR,Cosmos-3M (11K65M),Launch Successful,1974-09-11 17:40:00+00:00,"Site 132/2, Plesetsk Cosmodrome, Russia",Unknown,1974,9,11,Wednesday,17,40,81,7,89
Cosmos-3M (11K65M) | Cosmos 677 to 684,RVSN USSR,Cosmos-3M (11K65M),Launch Successful,1974-09-19 14:57:00+00:00,"Site 132/2, Plesetsk Cosmodrome, Russia",Unknown,1974,9,19,Thursday,14,40,81,7,89
Voskhod | Cosmos 685,RVSN USSR,Voskhod,Launch Successful,1974-09-20 09:30:00+00:00,"Site 31/6, Baikonur Cosmodrome, Kazakhstan",Unknown,1974,9,20,Friday,9,40,330,7,101
Cosmos-2I (63SM) | Cosmos 686,RVSN USSR,Cosmos-2I (63SM),Launch Successful,1974-09-26 16:34:00+00:00,"Site 133/3, Plesetsk Cosmodrome, Russia",Unknown,1974,9,26,Thursday,16,40,79,7,90
Cosmos-3M (11K65M) | Cosmos 687,RVSN USSR,Cosmos-3M (11K65M),Launch Successful,1974-10-11 11:29:00+00:00,"Site 132/2, Plesetsk Cosmodrome, Russia",Unknown,1974,10,11,Friday,11,40,81,7,89
Scout B1 | Ariel 5,ASI,Scout B1,Launch Successful,1974-10-15 07:47:00+00:00,"SM Launch Tab, San Marco Launch Platform, Kenya",Unknown,1974,10,15,Tuesday,7,2,243,7,80
Voskhod | Cosmos 688,RVSN USSR,Voskhod,Launch Successful,1974-10-18 15:00:00+00:00,"Site 41/1, Plesetsk Cosmodrome, Russia",Unknown,1974,10,18,Friday,15,40,330,7,106
Cosmos-3M (11K65M) | Cosmos 689,RVSN USSR,Cosmos-3M (11K65M),Launch Successful,1974-10-18 22:36:00+00:00,"Site 132/2, Plesetsk Cosmodrome, Russia",Unknown,1974,10,18,Friday,22,40,81,7,89
Soyuz U | Cosmos 690,RVSN USSR,Soyuz U,Launch Successful,1974-10-22 17:59:00+00:00,"Site 43/3, Plesetsk Cosmodrome, Russia",Unknown,1974,10,22,Tuesday,17,40,275,7,108
Molniya-M /Block L | Molniya-1 n†­44,RVSN USSR,Molniya-M /Block L,Launch Successful,1974-10-24 12:38:00+00:00,"Site 41/1, Plesetsk Cosmodrome, Russia",Unknown,1974,10,24,Thursday,12,40,196,7,106
Soyuz U | Cosmos 691,RVSN USSR,Soyuz U,Launch Successful,1974-10-25 09:30:00+00:00,"Site 31/6, Baikonur Cosmodrome, Kazakhstan",Unknown,1974,10,25,Friday,9,40,275,7,101
Vostok-2M | Meteor n†­29,RVSN USSR,Vostok-2M,Launch Successful,1974-10-28 10:17:00+00:00,"Site 43/4, Plesetsk Cosmodrome, Russia",Unknown,1974,10,28,Monday,10,40,334,7,109
"Titan IIID | KH-9, S3 & SSF-B-26",Martin Marietta,Titan IIID,Launch Successful,1974-10-29 19:30:00+00:00,"SLC-4E, Vandenberg AFB, California, USA",Unknown,1974,10,29,Tuesday,19,34,307,7,72
Cosmos-3M (11K65M) | Intercosmos-12,RVSN USSR,Cosmos-3M (11K65M),Launch Successful,1974-10-31 10:00:00+00:00,"Site 132/2, Plesetsk Cosmodrome, Russia",Unknown,1974,10,31,Thursday,10,40,81,7,89
Voskhod | Cosmos 692,RVSN USSR,Voskhod,Launch Successful,1974-11-01 14:20:00+00:00,"Site 43/4, Plesetsk Cosmodrome, Russia",Unknown,1974,11,1,Friday,14,40,330,7,109
Soyuz M | Cosmos 693,RVSN USSR,Soyuz M,Launch Successful,1974-11-04 10:40:00+00:00,"Site 41/1, Plesetsk Cosmodrome, Russia",Unknown,1974,11,4,Monday,10,40,270,7,106
Long March 2 | FSW-0 No.0,CASC,Long March 2,Launch Failure,1974-11-05 09:40:00+00:00,"Site 138 (LA-2B), Jiuquan Satellite Launch Center, China",Unknown,1974,11,5,Tuesday,9,7,163,7,91
Voskhod | Cosmos 694,RVSN USSR,Voskhod,Launch Successful,1974-11-16 11:45:00+00:00,"Site 43/4, Plesetsk Cosmodrome, Russia",Unknown,1974,11,16,Saturday,11,40,330,7,109
Cosmos-2I (63SM) | Cosmos 695,RVSN USSR,Cosmos-2I (63SM),Launch Successful,1974-11-20 12:00:00+00:00,"Site 133/3, Plesetsk Cosmodrome, Russia",Unknown,1974,11,20,Wednesday,12,40,79,7,90
Molniya-M /Block L | Molniya-3 n†­45,RVSN USSR,Molniya-M /Block L,Launch Successful,1974-11-21 10:33:00+00:00,"Site 41/1, Plesetsk Cosmodrome, Russia",Unknown,1974,11,21,Thursday,10,40,196,7,106
Atlas-SLV3D Centaur-D1A | Intelsat 4 F8,General Dynamics,Atlas-SLV3D Centaur-D1A,Launch Successful,1974-11-21 23:43:00+00:00,"SLC-36B, Cape Canaveral AFS, Florida, USA",Unknown,1974,11,21,Thursday,23,17,71,7,65
Voskhod | Cosmos 696,RVSN USSR,Voskhod,Launch Successful,1974-11-27 11:44:00+00:00,"Site 43/4, Plesetsk Cosmodrome, Russia",Unknown,1974,11,27,Wednesday,11,40,330,7,109
Soyuz U | Soyuz 16,RVSN USSR,Soyuz U,Launch Successful,1974-12-02 09:40:00+00:00,"Site 1/5, Baikonur Cosmodrome, Kazakhstan",Unknown,1974,12,2,Monday,9,40,275,7,83
Titan IIIE | Helios-1,Martin Marietta,Titan IIIE,Launch Successful,1974-12-10 07:11:00+00:00,"SLC-41, Cape Canaveral AFS, Florida, USA",Unknown,1974,12,10,Tuesday,7,34,308,7,70
Soyuz U | Cosmos 697,RVSN USSR,Soyuz U,Partial Failure,1974-12-13 13:30:00+00:00,"Site 43/3, Plesetsk Cosmodrome, Russia",Unknown,1974,12,13,Friday,13,40,275,7,108
Vostok-2M | Meteor n†­30,RVSN USSR,Vostok-2M,Launch Successful,1974-12-17 11:45:00+00:00,"Site 43/4, Plesetsk Cosmodrome, Russia",Unknown,1974,12,17,Tuesday,11,40,334,7,109
Cosmos-3M (11K65M) | Cosmos 698,RVSN USSR,Cosmos-3M (11K65M),Launch Successful,1974-12-18 14:12:00+00:00,"Site 132/1, Plesetsk Cosmodrome, Russia",Unknown,1974,12,18,Wednesday,14,40,81,7,88
Molniya-M /Block L | Molniya-2 n†­46,RVSN USSR,Molniya-M /Block L,Launch Successful,1974-12-21 02:19:00+00:00,"Site 41/1, Plesetsk Cosmodrome, Russia",Unknown,1974,12,21,Saturday,2,40,196,7,106
Tsyklon-2 | Cosmos 699,RVSN USSR,Tsyklon-2,Launch Successful,1974-12-24 11:00:00+00:00,"Site 90/20, Baikonur Cosmodrome, Kazakhstan",Unknown,1974,12,24,Tuesday,11,40,321,7,117
Cosmos-3M (11K65M) | Cosmos 700,RVSN USSR,Cosmos-3M (11K65M),Launch Successful,1974-12-26 11:59:00+00:00,"Site 132/1, Plesetsk Cosmodrome, Russia",Unknown,1974,12,26,Thursday,11,40,81,7,88
Voskhod | Cosmos 701,RVSN USSR,Voskhod,Launch Successful,1974-12-27 09:10:00+00:00,"Site 31/6, Baikonur Cosmodrome, Kazakhstan",Unknown,1974,12,27,Friday,9,40,330,7,101
Soyuz | Soyuz 17,RVSN USSR,Soyuz,Launch Successful,1975-01-10 21:43:00+00:00,"Site 1/5, Baikonur Cosmodrome, Kazakhstan",Unknown,1975,1,10,Friday,21,40,257,7,83
Voskhod | Cosmos 702,RVSN USSR,Voskhod,Launch Successful,1975-01-17 09:00:00+00:00,"Site 31/6, Baikonur Cosmodrome, Kazakhstan",Unknown,1975,1,17,Friday,9,40,330,7,101
Cosmos-2I (63SM) | Cosmos 703,RVSN USSR,Cosmos-2I (63SM),Launch Successful,1975-01-21 11:04:00+00:00,"Site 133/3, Plesetsk Cosmodrome, Russia",Unknown,1975,1,21,Tuesday,11,40,79,7,90
Voskhod | Cosmos 704,RVSN USSR,Voskhod,Launch Successful,1975-01-23 11:00:00+00:00,"Site 41/1, Plesetsk Cosmodrome, Russia",Unknown,1975,1,23,Thursday,11,40,330,7,106
Cosmos-2I (63SM) | Cosmos 705,RVSN USSR,Cosmos-2I (63SM),Launch Successful,1975-01-28 12:05:00+00:00,"Site 133/3, Plesetsk Cosmodrome, Russia",Unknown,1975,1,28,Tuesday,12,40,79,7,90
Molniya-M /Block 2BL | Cosmos 706,RVSN USSR,Molniya-M /Block 2BL,Launch Successful,1975-01-30 15:02:00+00:00,"Site 41/1, Plesetsk Cosmodrome, Russia",Unknown,1975,1,30,Thursday,15,40,195,7,106
Cosmos-3M (11K65M) | Cosmos 707,RVSN USSR,Cosmos-3M (11K65M),Launch Successful,1975-02-05 13:15:00+00:00,"Site 132/1, Plesetsk Cosmodrome, Russia",Unknown,1975,2,5,Wednesday,13,40,81,7,88
Molniya-M /Block L | Molniya-2 n†­47,RVSN USSR,Molniya-M /Block L,Launch Successful,1975-02-06 04:49:00+00:00,"Site 41/1, Plesetsk Cosmodrome, Russia",Unknown,1975,2,6,Thursday,4,40,196,7,106
Diamant BP4 | Starlette,CNES,Diamant BP4,Launch Successful,1975-02-06 16:35:00+00:00,"ELD, Guiana Space Centre, French Guiana, France",Unknown,1975,2,6,Thursday,16,10,117,7,6
Cosmos-3M (11K65M) | Cosmos 708,RVSN USSR,Cosmos-3M (11K65M),Launch Successful,1975-02-12 03:30:00+00:00,"Site 132/1, Plesetsk Cosmodrome, Russia",Unknown,1975,2,12,Wednesday,3,40,81,7,88
Voskhod | Cosmos 709,RVSN USSR,Voskhod,Launch Successful,1975-02-12 14:30:00+00:00,"Site 41/1, Plesetsk Cosmodrome, Russia",Unknown,1975,2,12,Wednesday,14,40,330,7,106
Atlas-SLV3D Centaur-D1A | Intelsat 4 F6,General Dynamics,Atlas-SLV3D Centaur-D1A,Launch Failure,1975-02-20 23:35:00+00:00,"SLC-36A, Cape Canaveral AFS, Florida, USA",Unknown,1975,2,20,Thursday,23,17,71,7,64
Mu-III C | Taiyo,ISAS,Mu-III C,Launch Successful,1975-02-24 05:25:00+00:00,"Mu Pad, Uchinoura Space Center, Japan",Unknown,1975,2,24,Monday,5,22,201,7,48
Voskhod | Cosmos 710,RVSN USSR,Voskhod,Launch Successful,1975-02-26 09:00:00+00:00,"Site 31/6, Baikonur Cosmodrome, Kazakhstan",Unknown,1975,2,26,Wednesday,9,40,330,7,101
Cosmos-3M (11K65M) | Cosmos 711 to 718,RVSN USSR,Cosmos-3M (11K65M),Launch Successful,1975-02-28 14:01:00+00:00,"Site 132/2, Plesetsk Cosmodrome, Russia",Unknown,1975,2,28,Friday,14,40,81,7,89
Titan III(34)B Agena-D | Jumpseat 4,Martin Marietta,Titan III(34)B Agena-D,Launch Successful,1975-03-10 04:41:00+00:00,"SLC-4W, Vandenberg AFB, California, USA",Unknown,1975,3,10,Monday,4,34,303,7,73
Voskhod | Cosmos 719,RVSN USSR,Voskhod,Launch Successful,1975-03-12 08:55:00+00:00,"Site 31/6, Baikonur Cosmodrome, Kazakhstan",Unknown,1975,3,12,Wednesday,8,40,330,7,101
Soyuz U | Cosmos 720,RVSN USSR,Soyuz U,Launch Successful,1975-03-21 06:50:00+00:00,"Site 43/3, Plesetsk Cosmodrome, Russia",Unknown,1975,3,21,Friday,6,40,275,7,108
Voskhod | Cosmos 721,RVSN USSR,Voskhod,Launch Successful,1975-03-26 08:50:00+00:00,"Site 41/1, Plesetsk Cosmodrome, Russia",Unknown,1975,3,26,Wednesday,8,40,330,7,106
Voskhod | Cosmos 722,RVSN USSR,Voskhod,Launch Successful,1975-03-27 08:00:00+00:00,"Site 31/6, Baikonur Cosmodrome, Kazakhstan",Unknown,1975,3,27,Thursday,8,40,330,7,101
Cosmos-3M (11K65M) | Intercosmos-13,RVSN USSR,Cosmos-3M (11K65M),Launch Successful,1975-03-27 14:30:00+00:00,"Site 132/1, Plesetsk Cosmodrome, Russia",Unknown,1975,3,27,Thursday,14,40,81,7,88
Vostok-2M | Meteor n†­31,RVSN USSR,Vostok-2M,Launch Successful,1975-04-01 12:30:00+00:00,"Site 41/1, Plesetsk Cosmodrome, Russia",Unknown,1975,4,1,Tuesday,12,40,334,7,106
Tsyklon-2 | Cosmos 723,RVSN USSR,Tsyklon-2,Launch Successful,1975-04-02 11:00:00+00:00,"Site 90/20, Baikonur Cosmodrome, Kazakhstan",Unknown,1975,4,2,Wednesday,11,40,321,7,117
Soyuz | Soyuz 18a (7K-T n†­39),RVSN USSR,Soyuz,Launch Failure,1975-04-05 11:04:00+00:00,"Site 1/5, Baikonur Cosmodrome, Kazakhstan",Unknown,1975,4,5,Saturday,11,40,257,7,83
Tsyklon-2 | Cosmos 724,RVSN USSR,Tsyklon-2,Launch Successful,1975-04-07 11:00:00+00:00,"Site 90/20, Baikonur Cosmodrome, Kazakhstan",Unknown,1975,4,7,Monday,11,40,321,7,117
Cosmos-2I (63SM) | Cosmos 725,RVSN USSR,Cosmos-2I (63SM),Launch Successful,1975-04-08 18:30:00+00:00,"Site 133/3, Plesetsk Cosmodrome, Russia",Unknown,1975,4,8,Tuesday,18,40,79,7,90
Cosmos-3M (11K65M) | Cosmos 726,RVSN USSR,Cosmos-3M (11K65M),Launch Successful,1975-04-11 07:57:00+00:00,"Site 132/1, Plesetsk Cosmodrome, Russia",Unknown,1975,4,11,Friday,7,40,81,7,88
Atlas-E/F Star-17A | P72-2,General Dynamics,Atlas-E/F Star-17A,Launch Failure,1975-04-13 00:51:00+00:00,"SLC-3W, Vandenberg AFB, California, USA",Unknown,1975,4,13,Sunday,0,17,54,7,68
Molniya-M /Block ML | Molniya-3 n†­48,RVSN USSR,Molniya-M /Block ML,Launch Successful,1975-04-14 17:52:00+00:00,"Site 41/1, Plesetsk Cosmodrome, Russia",Unknown,1975,4,14,Monday,17,40,197,7,106
Soyuz U | Cosmos 727,RVSN USSR,Soyuz U,Launch Successful,1975-04-16 08:00:00+00:00,"Site 31/6, Baikonur Cosmodrome, Kazakhstan",Unknown,1975,4,16,Wednesday,8,40,275,7,101
Voskhod | Cosmos 728,RVSN USSR,Voskhod,Launch Successful,1975-04-18 10:00:00+00:00,"Site 41/1, Plesetsk Cosmodrome, Russia",Unknown,1975,4,18,Friday,10,40,330,7,106
Titan III(24)B | OPS 4883,US Air Force,Titan III(24)B,Launch Successful,1975-04-18 16:48:00+00:00,"SLC-4W, Vandenberg AFB, California, USA",Unknown,1975,4,18,Friday,16,48,302,7,73
Cosmos-3M (11K65M) | Aryabhata,RVSN USSR,Cosmos-3M (11K65M),Launch Successful,1975-04-19 07:58:00+00:00,"Site 132/2, Plesetsk Cosmodrome, Russia",Unknown,1975,4,19,Saturday,7,40,81,7,89
Cosmos-3M (11K65M) | Cosmos 729,RVSN USSR,Cosmos-3M (11K65M),Launch Successful,1975-04-22 21:10:00+00:00,"Site 132/1, Plesetsk Cosmodrome, Russia",Unknown,1975,4,22,Tuesday,21,40,81,7,88
Voskhod | Cosmos 730,RVSN USSR,Voskhod,Launch Successful,1975-04-24 08:04:00+00:00,"Site 43/3, Plesetsk Cosmodrome, Russia",Unknown,1975,4,24,Thursday,8,40,330,7,108
Molniya-M /Block ML | Molniya-1 n†­49,RVSN USSR,Molniya-M /Block ML,Launch Successful,1975-04-29 10:23:00+00:00,"Site 41/1, Plesetsk Cosmodrome, Russia",Unknown,1975,4,29,Tuesday,10,40,197,7,106
Scout F1 | Explorer 53,ASI,Scout F1,Launch Successful,1975-05-07 22:45:00+00:00,"SM Launch Tab, San Marco Launch Platform, Kenya",Unknown,1975,5,7,Wednesday,22,2,245,7,80
Diamant BP4 | Castor & Pollux,CNES,Diamant BP4,Launch Successful,1975-05-17 14:47:00+00:00,"ELD, Guiana Space Centre, French Guiana, France",Unknown,1975,5,17,Saturday,14,10,117,7,6
Titan III(23)C | DSCS-II 5&6,Martin Marietta,Titan III(23)C,Launch Failure,1975-05-20 14:03:00+00:00,"SLC-40, Cape Canaveral AFS, Florida, USA",Unknown,1975,5,20,Tuesday,14,34,301,7,69
Voskhod | Cosmos 731,RVSN USSR,Voskhod,Launch Successful,1975-05-21 06:59:00+00:00,"Site 31/6, Baikonur Cosmodrome, Kazakhstan",Unknown,1975,5,21,Wednesday,6,40,330,7,101
Atlas-SLV3D Centaur-D1A | Intelsat 4 F1,General Dynamics,Atlas-SLV3D Centaur-D1A,Launch Successful,1975-05-22 22:04:00+00:00,"SLC-36A, Cape Canaveral AFS, Florida, USA",Unknown,1975,5,22,Thursday,22,17,71,7,64
Soyuz | Soyuz 18,RVSN USSR,Soyuz,Launch Successful,1975-05-24 14:58:00+00:00,"Site 1/5, Baikonur Cosmodrome, Kazakhstan",Unknown,1975,5,24,Saturday,14,40,257,7,83
Soyuz U | Cosmos 1012,RVSN USSR,Soyuz U,Launch Successful,1975-05-25 14:30:00+00:00,"Site 43/3, Plesetsk Cosmodrome, Russia",Unknown,1975,5,25,Sunday,14,40,275,7,108
Cosmos-3M (11K65M) | Cosmos 732 to 739,RVSN USSR,Cosmos-3M (11K65M),Launch Successful,1975-05-28 00:25:00+00:00,"Site 132/1, Plesetsk Cosmodrome, Russia",Unknown,1975,5,28,Wednesday,0,40,81,7,88
Voskhod | Cosmos 740,RVSN USSR,Voskhod,Launch Successful,1975-05-28 07:29:00+00:00,"Site 31/6, Baikonur Cosmodrome, Kazakhstan",Unknown,1975,5,28,Wednesday,7,40,330,7,101
Voskhod | Cosmos 741,RVSN USSR,Voskhod,Launch Successful,1975-05-30 06:45:00+00:00,"Site 43/3, Plesetsk Cosmodrome, Russia",Unknown,1975,5,30,Friday,6,40,330,7,108
Cosmos-3M (11K65M) | DS-U3 satellite,RVSN USSR,Cosmos-3M (11K65M),Launch Failure,1975-06-03 09:00:00+00:00,"Site 107/1, Kapustin Yar, Russia",Unknown,1975,6,3,Tuesday,9,40,81,7,84
Voskhod | Cosmos 742,RVSN USSR,Voskhod,Launch Successful,1975-06-03 13:20:00+00:00,"Site 43/3, Plesetsk Cosmodrome, Russia",Unknown,1975,6,3,Tuesday,13,40,330,7,108
Molniya-M /Block ML | Molniya-1 n†­50 & SRET-2,RVSN USSR,Molniya-M /Block ML,Launch Successful,1975-06-05 01:37:00+00:00,"Site 41/1, Plesetsk Cosmodrome, Russia",Unknown,1975,6,5,Thursday,1,40,197,7,106
Titan IIID | KH-9 & SSF-C-5,Martin Marietta,Titan IIID,Launch Successful,1975-06-08 18:30:00+00:00,"SLC-4E, Vandenberg AFB, California, USA",Unknown,1975,6,8,Sunday,18,34,307,7,72
Soyuz U | Cosmos 743,RVSN USSR,Soyuz U,Launch Successful,1975-06-12 12:30:00+00:00,"Site 43/3, Plesetsk Cosmodrome, Russia",Unknown,1975,6,12,Thursday,12,40,275,7,108
Atlas-SLV3A Agena-D | AFP-827 (Canyon-6),General Dynamics,Atlas-SLV3A Agena-D,Launch Successful,1975-06-18 09:00:00+00:00,"LC-13, Cape Canaveral AFS, Florida, USA",Unknown,1975,6,18,Wednesday,9,17,68,7,23
Vostok-2M | Cosmos 744,RVSN USSR,Vostok-2M,Launch Successful,1975-06-20 06:54:00+00:00,"Site 41/1, Plesetsk Cosmodrome, Russia",Unknown,1975,6,20,Friday,6,40,334,7,106
Cosmos-2I (63SM) | Cosmos 745,RVSN USSR,Cosmos-2I (63SM),Launch Successful,1975-06-24 12:05:00+00:00,"Site 133/3, Plesetsk Cosmodrome, Russia",Unknown,1975,6,24,Tuesday,12,40,79,7,90
Voskhod | Cosmos 746,RVSN USSR,Voskhod,Launch Successful,1975-06-25 12:59:00+00:00,"Site 43/3, Plesetsk Cosmodrome, Russia",Unknown,1975,6,25,Wednesday,12,40,330,7,108
Voskhod | Cosmos 747,RVSN USSR,Voskhod,Launch Successful,1975-06-27 13:00:00+00:00,"Site 41/1, Plesetsk Cosmodrome, Russia",Unknown,1975,6,27,Friday,13,40,330,7,106
Voskhod | Cosmos 748,RVSN USSR,Voskhod,Launch Successful,1975-07-03 13:40:00+00:00,"Site 41/1, Plesetsk Cosmodrome, Russia",Unknown,1975,7,3,Thursday,13,40,330,7,106
Cosmos-3M (11K65M) | Cosmos 749,RVSN USSR,Cosmos-3M (11K65M),Launch Successful,1975-07-04 00:56:00+00:00,"Site 132/1, Plesetsk Cosmodrome, Russia",Unknown,1975,7,4,Friday,0,40,81,7,88
Molniya-M /Block ML | Molniya-2 n†­51,RVSN USSR,Molniya-M /Block ML,Launch Successful,1975-07-08 05:05:00+00:00,"Site 41/1, Plesetsk Cosmodrome, Russia",Unknown,1975,7,8,Tuesday,5,40,197,7,106
Vostok-2M | Meteor-2 n†­1,RVSN USSR,Vostok-2M,Launch Successful,1975-07-11 04:15:00+00:00,"Site 41/1, Plesetsk Cosmodrome, Russia",Unknown,1975,7,11,Friday,4,40,334,7,106
Soyuz U | Soyuz 19 (Apollo-Soyuz),RVSN USSR,Soyuz U,Launch Successful,1975-07-15 12:20:00+00:00,"Site 1/5, Baikonur Cosmodrome, Kazakhstan",Unknown,1975,7,15,Tuesday,12,40,275,7,83
Saturn IB | ASTP (Apollo???Soyuz Test Project),NASA,Saturn IB,Launch Successful,1975-07-15 19:50:00+00:00,"LC-39B, Kennedy Space Center, Florida, USA",Unknown,1975,7,15,Tuesday,19,35,240,7,35
Cosmos-2I (63SM) | Cosmos 750,RVSN USSR,Cosmos-2I (63SM),Launch Successful,1975-07-17 09:10:00+00:00,"Site 133/3, Plesetsk Cosmodrome, Russia",Unknown,1975,7,17,Thursday,9,40,79,7,90
Voskhod | Cosmos 751,RVSN USSR,Voskhod,Launch Successful,1975-07-23 13:00:00+00:00,"Site 43/3, Plesetsk Cosmodrome, Russia",Unknown,1975,7,23,Wednesday,13,40,330,7,108
Cosmos-3M (11K65M) | Cosmos 752,RVSN USSR,Cosmos-3M (11K65M),Launch Successful,1975-07-24 19:00:00+00:00,"Site 132/1, Plesetsk Cosmodrome, Russia",Unknown,1975,7,24,Thursday,19,40,81,7,88
Feng Bao 1 | JSSW-3,CASC,Feng Bao 1,Launch Successful,1975-07-26 13:30:00+00:00,"Site 138 (LA-2B), Jiuquan Satellite Launch Center, China",Unknown,1975,7,26,Saturday,13,7,135,7,91
Voskhod | Cosmos 753,RVSN USSR,Voskhod,Launch Successful,1975-07-31 13:00:00+00:00,"Site 43/3, Plesetsk Cosmodrome, Russia",Unknown,1975,7,31,Thursday,13,40,330,7,108
Voskhod | Cosmos 754,RVSN USSR,Voskhod,Launch Successful,1975-08-13 07:21:00+00:00,"Site 31/6, Baikonur Cosmodrome, Kazakhstan",Unknown,1975,8,13,Wednesday,7,40,330,7,101
Cosmos-3M (11K65M) | Cosmos 755,RVSN USSR,Cosmos-3M (11K65M),Launch Successful,1975-08-14 13:29:00+00:00,"Site 132/1, Plesetsk Cosmodrome, Russia",Unknown,1975,8,14,Thursday,13,40,81,7,88
Titan IIIE | Viking 1,Martin Marietta,Titan IIIE,Launch Successful,1975-08-20 21:22:00+00:00,"SLC-41, Cape Canaveral AFS, Florida, USA",Unknown,1975,8,20,Wednesday,21,34,308,7,70
Vostok-2M | Cosmos 756,RVSN USSR,Vostok-2M,Launch Successful,1975-08-22 02:11:00+00:00,"Site 41/1, Plesetsk Cosmodrome, Russia",Unknown,1975,8,22,Friday,2,40,334,7,106
Voskhod | Cosmos 757,RVSN USSR,Voskhod,Launch Successful,1975-08-27 14:45:00+00:00,"Site 41/1, Plesetsk Cosmodrome, Russia",Unknown,1975,8,27,Wednesday,14,40,330,7,106
Molniya-M /Block ML | Molniya-1 n†­52,RVSN USSR,Molniya-M /Block ML,Launch Successful,1975-09-02 13:09:00+00:00,"Site 41/1, Plesetsk Cosmodrome, Russia",Unknown,1975,9,2,Tuesday,13,40,197,7,106
Soyuz U | Cosmos 758,RVSN USSR,Soyuz U,Launch Successful,1975-09-05 14:49:00+00:00,"Site 43/3, Plesetsk Cosmodrome, Russia",Unknown,1975,9,5,Friday,14,40,275,7,108
Molniya-M /Block ML | Molniya-2 n†­53,RVSN USSR,Molniya-M /Block ML,Launch Successful,1975-09-09 00:19:00+00:00,"Site 41/1, Plesetsk Cosmodrome, Russia",Unknown,1975,9,9,Tuesday,0,40,197,7,106
N-I | Kiku 1,MHI,N-I,Launch Successful,1975-09-09 05:30:00+00:00,"LA-Y1, Tanegashima Space Center, Japan",Unknown,1975,9,9,Tuesday,5,32,208,7,17
Titan IIIE | Viking 2,Martin Marietta,Titan IIIE,Launch Successful,1975-09-09 18:39:00+00:00,"SLC-41, Cape Canaveral AFS, Florida, USA",Unknown,1975,9,9,Tuesday,18,34,308,7,70
Soyuz U | Cosmos 759,RVSN USSR,Soyuz U,Launch Successful,1975-09-12 05:30:00+00:00,"Site 43/3, Plesetsk Cosmodrome, Russia",Unknown,1975,9,12,Friday,5,40,275,7,108
Voskhod | Cosmos 760,RVSN USSR,Voskhod,Launch Successful,1975-09-16 09:00:00+00:00,"Site 31/6, Baikonur Cosmodrome, Kazakhstan",Unknown,1975,9,16,Tuesday,9,40,330,7,101
Cosmos-3M (11K65M) | Cosmos 761 to 768,RVSN USSR,Cosmos-3M (11K65M),Launch Successful,1975-09-17 07:10:00+00:00,"Site 132/1, Plesetsk Cosmodrome, Russia",Unknown,1975,9,17,Wednesday,7,40,81,7,88
Vostok-2M | Meteor n†­32,RVSN USSR,Vostok-2M,Launch Successful,1975-09-18 00:12:00+00:00,"Site 41/1, Plesetsk Cosmodrome, Russia",Unknown,1975,9,18,Thursday,0,40,334,7,106
Voskhod | Cosmos 769,RVSN USSR,Voskhod,Launch Successful,1975-09-23 10:00:00+00:00,"Site 41/1, Plesetsk Cosmodrome, Russia",Unknown,1975,9,23,Tuesday,10,40,330,7,106
Cosmos-3M (11K65M) | Cosmos 770,RVSN USSR,Cosmos-3M (11K65M),Launch Successful,1975-09-24 12:00:00+00:00,"Site 132/1, Plesetsk Cosmodrome, Russia",Unknown,1975,9,24,Wednesday,12,40,81,7,88
Soyuz U | Cosmos 771,RVSN USSR,Soyuz U,Launch Successful,1975-09-25 09:49:00+00:00,"Site 43/3, Plesetsk Cosmodrome, Russia",Unknown,1975,9,25,Thursday,9,40,275,7,108
Atlas-SLV3D Centaur-D1AR | Intelsat 4A F1,General Dynamics,Atlas-SLV3D Centaur-D1AR,Launch Successful,1975-09-26 00:17:00+00:00,"SLC-36B, Cape Canaveral AFS, Florida, USA",Unknown,1975,9,26,Friday,0,17,72,7,65
Diamant BP4 | Aura,CNES,Diamant BP4,Launch Successful,1975-09-27 14:00:00+00:00,"ELD, Guiana Space Centre, French Guiana, France",Unknown,1975,9,27,Saturday,14,10,117,7,6
Soyuz U | Cosmos 772,RVSN USSR,Soyuz U,Launch Successful,1975-09-29 04:19:00+00:00,"Site 1/5, Baikonur Cosmodrome, Kazakhstan",Unknown,1975,9,29,Monday,4,40,275,7,83
Cosmos-3M (11K65M) | Cosmos 773,RVSN USSR,Cosmos-3M (11K65M),Launch Successful,1975-09-30 18:38:00+00:00,"Site 132/1, Plesetsk Cosmodrome, Russia",Unknown,1975,9,30,Tuesday,18,40,81,7,88
Voskhod | Cosmos 774,RVSN USSR,Voskhod,Launch Successful,1975-10-01 08:30:00+00:00,"Site 31/6, Baikonur Cosmodrome, Kazakhstan",Unknown,1975,10,1,Wednesday,8,40,330,7,101
Titan III(24)B | OPS 5499,US Air Force,Titan III(24)B,Launch Successful,1975-10-09 19:15:00+00:00,"SLC-4W, Vandenberg AFB, California, USA",Unknown,1975,10,9,Thursday,19,48,302,7,73
Voskhod | Cosmos 776,RVSN USSR,Voskhod,Launch Successful,1975-10-17 14:29:00+00:00,"Site 41/1, Plesetsk Cosmodrome, Russia",Unknown,1975,10,17,Friday,14,40,330,7,106
Tsyklon-2 | Cosmos 777,RVSN USSR,Tsyklon-2,Launch Successful,1975-10-29 11:00:00+00:00,"Site 90/20, Baikonur Cosmodrome, Kazakhstan",Unknown,1975,10,29,Wednesday,11,40,321,7,117
Voskhod | Cosmos 779,RVSN USSR,Voskhod,Launch Successful,1975-11-04 15:19:00+00:00,"Site 43/3, Plesetsk Cosmodrome, Russia",Unknown,1975,11,4,Tuesday,15,40,330,7,108
Molniya-M /Block ML | Molniya-3 n†­54,RVSN USSR,Molniya-M /Block ML,Launch Successful,1975-11-14 19:13:00+00:00,"Site 43/3, Plesetsk Cosmodrome, Russia",Unknown,1975,11,14,Friday,19,40,197,7,108
Cosmos-3M (11K65M) | Cosmos 778,RVSN USSR,Cosmos-3M (11K65M),Launch Successful,1975-11-15 10:12:00+00:00,"Site 132/1, Plesetsk Cosmodrome, Russia",Unknown,1975,11,15,Saturday,10,40,81,7,88
Long March 2 | FSW-0 No.1,CASC,Long March 2,Launch Successful,1975-11-16 03:29:00+00:00,"Site 138 (LA-2B), Jiuquan Satellite Launch Center, China",Unknown,1975,11,16,Sunday,3,7,163,7,91
Soyuz U | Soyuz 20,RVSN USSR,Soyuz U,Launch Successful,1975-11-17 14:36:00+00:00,"Site 1/5, Baikonur Cosmodrome, Kazakhstan",Unknown,1975,11,17,Monday,14,40,275,7,83
Voskhod | Cosmos 780,RVSN USSR,Voskhod,Launch Successful,1975-11-21 09:20:00+00:00,"Site 31/6, Baikonur Cosmodrome, Kazakhstan",Unknown,1975,11,21,Friday,9,40,330,7,101
Cosmos-3M (11K65M) | Cosmos 781,RVSN USSR,Cosmos-3M (11K65M),Launch Successful,1975-11-21 17:11:00+00:00,"Site 132/1, Plesetsk Cosmodrome, Russia",Unknown,1975,11,21,Friday,17,40,81,7,88
Soyuz U | Cosmos 782,RVSN USSR,Soyuz U,Launch Successful,1975-11-25 17:00:00+00:00,"Site 43/3, Plesetsk Cosmodrome, Russia",Unknown,1975,11,25,Tuesday,17,40,275,7,108
Cosmos-3M (11K65M) | Cosmos 783,RVSN USSR,Cosmos-3M (11K65M),Launch Successful,1975-11-28 00:10:00+00:00,"Site 132/1, Plesetsk Cosmodrome, Russia",Unknown,1975,11,28,Friday,0,40,81,7,88
Voskhod | Cosmos 784,RVSN USSR,Voskhod,Launch Successful,1975-12-03 10:00:00+00:00,"Site 43/3, Plesetsk Cosmodrome, Russia",Unknown,1975,12,3,Wednesday,10,40,330,7,108
Titan IIID | KH-9 & S3,Martin Marietta,Titan IIID,Launch Successful,1975-12-04 20:38:00+00:00,"SLC-4E, Vandenberg AFB, California, USA",Unknown,1975,12,4,Thursday,20,34,307,7,72
Cosmos-3M (11K65M) | Intercosmos-14,RVSN USSR,Cosmos-3M (11K65M),Launch Successful,1975-12-11 17:00:00+00:00,"Site 132/1, Plesetsk Cosmodrome, Russia",Unknown,1975,12,11,Thursday,17,40,81,7,88
Tsyklon-2 | Cosmos 785,RVSN USSR,Tsyklon-2,Launch Successful,1975-12-12 12:45:00+00:00,"Site 90/19, Baikonur Cosmodrome, Kazakhstan",Unknown,1975,12,12,Friday,12,40,321,7,116
Titan III(23)C | DSP-5,Martin Marietta,Titan III(23)C,Launch Successful,1975-12-14 05:15:00+00:00,"SLC-40, Cape Canaveral AFS, Florida, USA",Unknown,1975,12,14,Sunday,5,34,301,7,69
Feng Bao 1 | JSSW-4,CASC,Feng Bao 1,Launch Successful,1975-12-16 09:21:00+00:00,"Site 138 (LA-2B), Jiuquan Satellite Launch Center, China",Unknown,1975,12,16,Tuesday,9,7,135,7,91
Voskhod | Cosmos 786,RVSN USSR,Voskhod,Launch Successful,1975-12-16 09:50:00+00:00,"Site 31/6, Baikonur Cosmodrome, Kazakhstan",Unknown,1975,12,16,Tuesday,9,40,330,7,101
Molniya-M /Block ML | Molniya-2 n†­55,RVSN USSR,Molniya-M /Block ML,Launch Successful,1975-12-17 11:06:00+00:00,"Site 43/3, Plesetsk Cosmodrome, Russia",Unknown,1975,12,17,Wednesday,11,40,197,7,108
Cosmos-3M (11K65M) | DS-P1 satellite,RVSN USSR,Cosmos-3M (11K65M),Launch Failure,1975-12-19 14:00:00+00:00,"Site 132/1, Plesetsk Cosmodrome, Russia",Unknown,1975,12,19,Friday,14,40,81,7,88
Vostok-2M | Meteor n†­33,RVSN USSR,Vostok-2M,Launch Successful,1975-12-25 19:00:00+00:00,"Site 41/1, Plesetsk Cosmodrome, Russia",Unknown,1975,12,25,Thursday,19,40,334,7,106
Molniya-M /Block ML | Molniya-3 n†­56,RVSN USSR,Molniya-M /Block ML,Launch Successful,1975-12-27 10:22:00+00:00,"Site 43/3, Plesetsk Cosmodrome, Russia",Unknown,1975,12,27,Saturday,10,40,197,7,108
Cosmos-3M (11K65M) | Cosmos 787,RVSN USSR,Cosmos-3M (11K65M),Launch Successful,1976-01-06 04:52:00+00:00,"Site 132/1, Plesetsk Cosmodrome, Russia",Unknown,1976,1,6,Tuesday,4,40,81,7,88
Voskhod | Cosmos 788,RVSN USSR,Voskhod,Launch Successful,1976-01-07 15:34:00+00:00,"Site 43/3, Plesetsk Cosmodrome, Russia",Unknown,1976,1,7,Wednesday,15,40,330,7,108
Titan IIIE | Helios-2,Martin Marietta,Titan IIIE,Launch Successful,1976-01-15 05:34:00+00:00,"SLC-41, Cape Canaveral AFS, Florida, USA",Unknown,1976,1,15,Thursday,5,34,308,7,70
Cosmos-3M (11K65M) | Cosmos 789,RVSN USSR,Cosmos-3M (11K65M),Launch Successful,1976-01-20 17:07:00+00:00,"Site 132/1, Plesetsk Cosmodrome, Russia",Unknown,1976,1,20,Tuesday,17,40,81,7,88
Molniya-M /Block ML | Molniya-1 n†­57,RVSN USSR,Molniya-M /Block ML,Launch Successful,1976-01-22 11:38:00+00:00,"Site 1/5, Baikonur Cosmodrome, Kazakhstan",Unknown,1976,1,22,Thursday,11,40,197,7,83
Cosmos-3M (11K65M) | Cosmos 790,RVSN USSR,Cosmos-3M (11K65M),Launch Successful,1976-01-22 22:26:00+00:00,"Site 132/1, Plesetsk Cosmodrome, Russia",Unknown,1976,1,22,Thursday,22,40,81,7,88
Cosmos-3M (11K65M) | Cosmos 791 to 798,RVSN USSR,Cosmos-3M (11K65M),Launch Successful,1976-01-28 10:39:00+00:00,"Site 132/1, Plesetsk Cosmodrome, Russia",Unknown,1976,1,28,Wednesday,10,40,81,7,88
Voskhod | Cosmos 799,RVSN USSR,Voskhod,Launch Successful,1976-01-29 08:30:00+00:00,"Site 31/6, Baikonur Cosmodrome, Kazakhstan",Unknown,1976,1,29,Thursday,8,40,330,7,101
Atlas-SLV3D Centaur-D1AR | Intelsat 4A F2,General Dynamics,Atlas-SLV3D Centaur-D1AR,Launch Successful,1976-01-29 23:56:00+00:00,"SLC-36B, Cape Canaveral AFS, Florida, USA",Unknown,1976,1,29,Thursday,23,17,72,7,65
Cosmos-3M (11K65M) | Cosmos 800,RVSN USSR,Cosmos-3M (11K65M),Launch Successful,1976-02-03 08:16:00+00:00,"Site 132/1, Plesetsk Cosmodrome, Russia",Unknown,1976,2,3,Tuesday,8,40,81,7,88
Mu-III C | Corsa A,ISAS,Mu-III C,Launch Failure,1976-02-04 05:00:00+00:00,"Mu Pad, Uchinoura Space Center, Japan",Unknown,1976,2,4,Wednesday,5,22,201,7,48
Cosmos-2I (63SM) | Cosmos 801,RVSN USSR,Cosmos-2I (63SM),Launch Successful,1976-02-05 14:39:00+00:00,"Site 133/3, Plesetsk Cosmodrome, Russia",Unknown,1976,2,5,Thursday,14,40,79,7,90
Voskhod | Cosmos 802,RVSN USSR,Voskhod,Launch Successful,1976-02-11 08:50:00+00:00,"Site 31/6, Baikonur Cosmodrome, Kazakhstan",Unknown,1976,2,11,Wednesday,8,40,330,7,101
Cosmos-3M (11K65M) | Cosmos 803,RVSN USSR,Cosmos-3M (11K65M),Launch Successful,1976-02-12 13:00:00+00:00,"Site 132/2, Plesetsk Cosmodrome, Russia",Unknown,1976,2,12,Thursday,13,40,81,7,89
Tsyklon-2 | Cosmos 804,RVSN USSR,Tsyklon-2,Launch Successful,1976-02-16 08:29:00+00:00,"Site 90/20, Baikonur Cosmodrome, Kazakhstan",Unknown,1976,2,16,Monday,8,40,321,7,117
Soyuz U | Cosmos 805,RVSN USSR,Soyuz U,Launch Successful,1976-02-20 14:01:00+00:00,"Site 43/3, Plesetsk Cosmodrome, Russia",Unknown,1976,2,20,Friday,14,40,275,7,108
N-I | Ume 1,MHI,N-I,Launch Successful,1976-02-29 03:30:00+00:00,"LA-Y1, Tanegashima Space Center, Japan",Unknown,1976,2,29,Sunday,3,32,208,7,17
Soyuz U | Cosmos 806,RVSN USSR,Soyuz U,Launch Successful,1976-03-10 08:00:00+00:00,"Site 31/6, Baikonur Cosmodrome, Kazakhstan",Unknown,1976,3,10,Wednesday,8,40,275,7,101
Molniya-M /Block ML | Molniya-1 n†­58,RVSN USSR,Molniya-M /Block ML,Launch Successful,1976-03-11 19:45:00+00:00,"Site 41/1, Plesetsk Cosmodrome, Russia",Unknown,1976,3,11,Thursday,19,40,197,7,106
Cosmos-3M (11K65M) | Cosmos 807,RVSN USSR,Cosmos-3M (11K65M),Launch Successful,1976-03-12 13:30:00+00:00,"Site 132/1, Plesetsk Cosmodrome, Russia",Unknown,1976,3,12,Friday,13,40,81,7,88
Tsyklon-2 | Cosmos 814,RVSN USSR,Tsyklon-2,Launch Successful,1976-03-13 17:15:00+00:00,"Site 90/20, Baikonur Cosmodrome, Kazakhstan",Unknown,1976,3,13,Saturday,17,40,321,7,117
"Titan III(23)C | LES-8, LES-9, Solrad-11a, Solrad-11b",Martin Marietta,Titan III(23)C,Launch Successful,1976-03-14 01:25:00+00:00,"SLC-40, Cape Canaveral AFS, Florida, USA",Unknown,1976,3,14,Sunday,1,34,301,7,69
Vostok-2M | Cosmos 808,RVSN USSR,Vostok-2M,Launch Successful,1976-03-16 17:22:00+00:00,"Site 41/1, Plesetsk Cosmodrome, Russia",Unknown,1976,3,16,Tuesday,17,40,334,7,106
Soyuz U | Cosmos 809,RVSN USSR,Soyuz U,Launch Successful,1976-03-18 09:15:00+00:00,"Site 31/6, Baikonur Cosmodrome, Kazakhstan",Unknown,1976,3,18,Thursday,9,40,275,7,101
Molniya-M /Block ML | Molniya-1 n†­59,RVSN USSR,Molniya-M /Block ML,Launch Successful,1976-03-19 19:31:00+00:00,"Site 1/5, Baikonur Cosmodrome, Kazakhstan",Unknown,1976,3,19,Friday,19,40,197,7,83
Titan III(24)B | OPS 7600,US Air Force,Titan III(24)B,Launch Successful,1976-03-22 18:14:00+00:00,"SLC-4W, Vandenberg AFB, California, USA",Unknown,1976,3,22,Monday,18,48,302,7,73
Voskhod | Cosmos 810,RVSN USSR,Voskhod,Launch Successful,1976-03-26 15:00:00+00:00,"Site 43/3, Plesetsk Cosmodrome, Russia",Unknown,1976,3,26,Friday,15,40,330,7,108
Soyuz M | Cosmos 811,RVSN USSR,Soyuz M,Launch Successful,1976-03-31 12:50:00+00:00,"Site 41/1, Plesetsk Cosmodrome, Russia",Unknown,1976,3,31,Wednesday,12,40,270,7,106
Cosmos-3M (11K65M) | Cosmos 812,RVSN USSR,Cosmos-3M (11K65M),Launch Successful,1976-04-06 04:14:00+00:00,"Site 132/1, Plesetsk Cosmodrome, Russia",Unknown,1976,4,6,Tuesday,4,40,81,7,88
Vostok-2M | Meteor n†­34,RVSN USSR,Vostok-2M,Launch Successful,1976-04-07 13:05:00+00:00,"Site 41/1, Plesetsk Cosmodrome, Russia",Unknown,1976,4,7,Wednesday,13,40,334,7,106
Voskhod | Cosmos 813,RVSN USSR,Voskhod,Launch Successful,1976-04-09 08:30:00+00:00,"Site 43/3, Plesetsk Cosmodrome, Russia",Unknown,1976,4,9,Friday,8,40,330,7,108
Voskhod | Cosmos 815,RVSN USSR,Voskhod,Launch Successful,1976-04-28 09:30:00+00:00,"Site 43/3, Plesetsk Cosmodrome, Russia",Unknown,1976,4,28,Wednesday,9,40,330,7,108
Cosmos-3M (11K65M) | Cosmos 816,RVSN USSR,Cosmos-3M (11K65M),Launch Successful,1976-04-28 13:30:00+00:00,"Site 132/1, Plesetsk Cosmodrome, Russia",Unknown,1976,4,28,Wednesday,13,40,81,7,88
Atlas-E/F MSD | NOSS-1,General Dynamics,Atlas-E/F MSD,Launch Successful,1976-04-30 19:12:00+00:00,"SLC-3W, Vandenberg AFB, California, USA",Unknown,1976,4,30,Friday,19,17,48,7,68
Voskhod | Cosmos 817,RVSN USSR,Voskhod,Launch Successful,1976-05-05 07:50:00+00:00,"Site 31/6, Baikonur Cosmodrome, Kazakhstan",Unknown,1976,5,5,Wednesday,7,40,330,7,101
Cosmos-3M (11K65M) | Cosmos 822,RVSN USSR,Cosmos-3M (11K65M),Launch Successful,1976-05-08 15:00:00+00:00,"Site 132/1, Plesetsk Cosmodrome, Russia",Unknown,1976,5,8,Saturday,15,40,81,7,88
Molniya-M /Block ML | Molniya-3 n†­60,RVSN USSR,Molniya-M /Block ML,Launch Successful,1976-05-12 17:57:00+00:00,"Site 41/1, Plesetsk Cosmodrome, Russia",Unknown,1976,5,12,Wednesday,17,40,197,7,106
Atlas-SLV3D Centaur-D1AR | Comstar D1,General Dynamics,Atlas-SLV3D Centaur-D1AR,Launch Successful,1976-05-13 22:28:00+00:00,"SLC-36A, Cape Canaveral AFS, Florida, USA",Unknown,1976,5,13,Thursday,22,17,72,7,64
Vostok-2M | Meteor n†­35,RVSN USSR,Vostok-2M,Launch Successful,1976-05-15 13:30:00+00:00,"Site 43/3, Plesetsk Cosmodrome, Russia",Unknown,1976,5,15,Saturday,13,40,334,7,108
Cosmos-2I (63SM) | Cosmos 818,RVSN USSR,Cosmos-2I (63SM),Launch Successful,1976-05-18 11:00:00+00:00,"Site 133/3, Plesetsk Cosmodrome, Russia",Unknown,1976,5,18,Tuesday,11,40,79,7,90
Voskhod | Cosmos 819,RVSN USSR,Voskhod,Launch Successful,1976-05-20 09:00:00+00:00,"Site 31/6, Baikonur Cosmodrome, Kazakhstan",Unknown,1976,5,20,Thursday,9,40,330,7,101
Soyuz U | Cosmos 820,RVSN USSR,Soyuz U,Launch Successful,1976-05-21 07:00:00+00:00,"Site 43/3, Plesetsk Cosmodrome, Russia",Unknown,1976,5,21,Friday,7,40,275,7,108
Voskhod | Cosmos 821,RVSN USSR,Voskhod,Launch Successful,1976-05-26 09:00:00+00:00,"Site 43/3, Plesetsk Cosmodrome, Russia",Unknown,1976,5,26,Wednesday,9,40,330,7,108
Cosmos-3M (11K65M) | Cosmos 823,RVSN USSR,Cosmos-3M (11K65M),Launch Successful,1976-06-02 22:30:00+00:00,"Site 132/2, Plesetsk Cosmodrome, Russia",Unknown,1976,6,2,Wednesday,22,40,81,7,89
Voskhod | Cosmos 824,RVSN USSR,Voskhod,Launch Successful,1976-06-08 07:00:00+00:00,"Site 31/6, Baikonur Cosmodrome, Kazakhstan",Unknown,1976,6,8,Tuesday,7,40,330,7,101
Cosmos-3M (11K65M) | Cosmos 825 to 832,RVSN USSR,Cosmos-3M (11K65M),Launch Successful,1976-06-15 13:19:00+00:00,"Site 132/2, Plesetsk Cosmodrome, Russia",Unknown,1976,6,15,Tuesday,13,40,81,7,89
Voskhod | Cosmos 833,RVSN USSR,Voskhod,Launch Successful,1976-06-16 13:09:00+00:00,"Site 43/3, Plesetsk Cosmodrome, Russia",Unknown,1976,6,16,Wednesday,13,40,330,7,108
Soyuz U | Cosmos 834,RVSN USSR,Soyuz U,Launch Successful,1976-06-24 07:10:00+00:00,"Site 43/3, Plesetsk Cosmodrome, Russia",Unknown,1976,6,24,Thursday,7,40,275,7,108
Titan III(23)C | DSP-6,Martin Marietta,Titan III(23)C,Launch Successful,1976-06-26 03:00:00+00:00,"SLC-40, Cape Canaveral AFS, Florida, USA",Unknown,1976,6,26,Saturday,3,34,301,7,69
Voskhod | Cosmos 835,RVSN USSR,Voskhod,Launch Successful,1976-06-29 07:20:00+00:00,"Site 31/6, Baikonur Cosmodrome, Kazakhstan",Unknown,1976,6,29,Tuesday,7,40,330,7,101
Cosmos-3M (11K65M) | Cosmos 836,RVSN USSR,Cosmos-3M (11K65M),Launch Successful,1976-06-29 08:12:00+00:00,"Site 132/2, Plesetsk Cosmodrome, Russia",Unknown,1976,6,29,Tuesday,8,40,81,7,89
Molniya-M /Block ML | Cosmos 837,RVSN USSR,Molniya-M /Block ML,Partial Failure,1976-07-01 08:05:00+00:00,"Site 43/4, Plesetsk Cosmodrome, Russia",Unknown,1976,7,1,Thursday,8,40,197,7,109
Tsyklon-2 | Cosmos 838,RVSN USSR,Tsyklon-2,Launch Successful,1976-07-02 10:30:00+00:00,"Site 90/19, Baikonur Cosmodrome, Kazakhstan",Unknown,1976,7,2,Friday,10,40,321,7,116
Soyuz | Soyuz 21,RVSN USSR,Soyuz,Launch Successful,1976-07-06 12:08:00+00:00,"Site 1/5, Baikonur Cosmodrome, Kazakhstan",Unknown,1976,7,6,Tuesday,12,40,257,7,83
"Titan IIID | KH-9, S3 & SSF-D-1",Martin Marietta,Titan IIID,Launch Successful,1976-07-08 18:30:00+00:00,"SLC-4E, Vandenberg AFB, California, USA",Unknown,1976,7,8,Thursday,18,34,307,7,72
Cosmos-3M (11K65M) | Cosmos 839,RVSN USSR,Cosmos-3M (11K65M),Launch Successful,1976-07-08 21:08:00+00:00,"Site 132/1, Plesetsk Cosmodrome, Russia",Unknown,1976,7,8,Thursday,21,40,81,7,88
Soyuz U | Cosmos 840,RVSN USSR,Soyuz U,Launch Successful,1976-07-14 09:00:00+00:00,"Site 43/4, Plesetsk Cosmodrome, Russia",Unknown,1976,7,14,Wednesday,9,40,275,7,109
Cosmos-3M (11K65M) | Cosmos 841,RVSN USSR,Cosmos-3M (11K65M),Launch Successful,1976-07-15 13:11:00+00:00,"Site 132/1, Plesetsk Cosmodrome, Russia",Unknown,1976,7,15,Thursday,13,40,81,7,88
Cosmos-3M (11K65M) | Cosmos 842,RVSN USSR,Cosmos-3M (11K65M),Launch Successful,1976-07-21 10:20:00+00:00,"Site 132/1, Plesetsk Cosmodrome, Russia",Unknown,1976,7,21,Wednesday,10,40,81,7,88
Tsyklon-2 | Cosmos 843,RVSN USSR,Tsyklon-2,Launch Successful,1976-07-21 15:14:00+00:00,"Site 90/19, Baikonur Cosmodrome, Kazakhstan",Unknown,1976,7,21,Wednesday,15,40,321,7,116
Soyuz U | Cosmos 844,RVSN USSR,Soyuz U,Launch Successful,1976-07-22 15:40:00+00:00,"Site 43/3, Plesetsk Cosmodrome, Russia",Unknown,1976,7,22,Thursday,15,40,275,7,108
Atlas-SLV3D Centaur-D1AR | Comstar D2,General Dynamics,Atlas-SLV3D Centaur-D1AR,Launch Successful,1976-07-22 22:04:00+00:00,"SLC-36B, Cape Canaveral AFS, Florida, USA",Unknown,1976,7,22,Thursday,22,17,72,7,65
Molniya-M /Block ML | Molniya-1 n†­62,RVSN USSR,Molniya-M /Block ML,Launch Successful,1976-07-23 15:49:00+00:00,"Site 1/5, Baikonur Cosmodrome, Kazakhstan",Unknown,1976,7,23,Friday,15,40,197,7,83
Cosmos-3M (11K65M) | Cosmos 845,RVSN USSR,Cosmos-3M (11K65M),Launch Successful,1976-07-27 05:21:00+00:00,"Site 132/1, Plesetsk Cosmodrome, Russia",Unknown,1976,7,27,Tuesday,5,40,81,7,88
Cosmos-3M (11K65M) | Intercosmos-16,RVSN USSR,Cosmos-3M (11K65M),Launch Successful,1976-07-27 12:00:00+00:00,"Site 132/2, Plesetsk Cosmodrome, Russia",Unknown,1976,7,27,Tuesday,12,40,81,7,89
Cosmos-3M (11K65M) | Cosmos 846,RVSN USSR,Cosmos-3M (11K65M),Launch Successful,1976-07-29 20:02:00+00:00,"Site 132/1, Plesetsk Cosmodrome, Russia",Unknown,1976,7,29,Thursday,20,40,81,7,88
Soyuz U | Cosmos 847,RVSN USSR,Soyuz U,Launch Successful,1976-08-04 13:40:00+00:00,"Site 43/4, Plesetsk Cosmodrome, Russia",Unknown,1976,8,4,Wednesday,13,40,275,7,109
Soyuz U | Cosmos 848,RVSN USSR,Soyuz U,Launch Successful,1976-08-12 13:30:00+00:00,"Site 43/3, Plesetsk Cosmodrome, Russia",Unknown,1976,8,12,Thursday,13,40,275,7,108
Cosmos-2I (63SM) | Cosmos 849,RVSN USSR,Cosmos-2I (63SM),Launch Successful,1976-08-18 09:30:00+00:00,"Site 133/3, Plesetsk Cosmodrome, Russia",Unknown,1976,8,18,Wednesday,9,40,79,7,90
Cosmos-2I (63SM) | Cosmos 850,RVSN USSR,Cosmos-2I (63SM),Launch Successful,1976-08-26 11:00:00+00:00,"Site 133/3, Plesetsk Cosmodrome, Russia",Unknown,1976,8,26,Thursday,11,40,79,7,90
Vostok-2M | Cosmos 851,RVSN USSR,Vostok-2M,Launch Successful,1976-08-27 14:34:00+00:00,"Site 43/4, Plesetsk Cosmodrome, Russia",Unknown,1976,8,27,Friday,14,40,334,7,109
Soyuz U | Cosmos 852,RVSN USSR,Soyuz U,Launch Successful,1976-08-28 09:00:00+00:00,"Site 31/6, Baikonur Cosmodrome, Kazakhstan",Unknown,1976,8,28,Saturday,9,40,275,7,101
Feng Bao 1 | JSSW-5,CASC,Feng Bao 1,Launch Successful,1976-08-30 11:45:00+00:00,"Site 138 (LA-2B), Jiuquan Satellite Launch Center, China",Unknown,1976,8,30,Monday,11,7,135,7,91
Molniya-M /Block ML | Cosmos 853,RVSN USSR,Molniya-M /Block ML,Partial Failure,1976-09-01 03:23:00+00:00,"Site 43/3, Plesetsk Cosmodrome, Russia",Unknown,1976,9,1,Wednesday,3,40,197,7,108
Soyuz U | Cosmos 854,RVSN USSR,Soyuz U,Launch Successful,1976-09-03 09:20:00+00:00,"Site 43/4, Plesetsk Cosmodrome, Russia",Unknown,1976,9,3,Friday,9,40,275,7,109
Soyuz U | Soyuz 22,RVSN USSR,Soyuz U,Launch Successful,1976-09-15 09:48:00+00:00,"Site 1/5, Baikonur Cosmodrome, Kazakhstan",Unknown,1976,9,15,Wednesday,9,40,275,7,83
Titan III(24)B | OPS 8533,US Air Force,Titan III(24)B,Launch Successful,1976-09-15 18:50:00+00:00,"SLC-4W, Vandenberg AFB, California, USA",Unknown,1976,9,15,Wednesday,18,48,302,7,73
Soyuz U | Cosmos 855,RVSN USSR,Soyuz U,Launch Successful,1976-09-21 11:40:00+00:00,"Site 43/3, Plesetsk Cosmodrome, Russia",Unknown,1976,9,21,Tuesday,11,40,275,7,108
Soyuz U | Cosmos 856,RVSN USSR,Soyuz U,Launch Successful,1976-09-22 09:30:00+00:00,"Site 31/6, Baikonur Cosmodrome, Kazakhstan",Unknown,1976,9,22,Wednesday,9,40,275,7,101
Soyuz U | Cosmos 857,RVSN USSR,Soyuz U,Launch Successful,1976-09-24 15:00:00+00:00,"Site 43/3, Plesetsk Cosmodrome, Russia",Unknown,1976,9,24,Friday,15,40,275,7,108
Cosmos-3M (11K65M) | Cosmos 858,RVSN USSR,Cosmos-3M (11K65M),Launch Successful,1976-09-29 07:04:00+00:00,"Site 132/2, Plesetsk Cosmodrome, Russia",Unknown,1976,9,29,Wednesday,7,40,81,7,89
Soyuz U | Zenit-4MKT n†­370,RVSN USSR,Soyuz U,Launch Failure,1976-10-04 11:00:00+00:00,"Site 43/4, Plesetsk Cosmodrome, Russia",Unknown,1976,10,4,Monday,11,40,275,7,109
Soyuz U | Cosmos 859,RVSN USSR,Soyuz U,Launch Successful,1976-10-10 09:35:00+00:00,"Site 31/6, Baikonur Cosmodrome, Kazakhstan",Unknown,1976,10,10,Sunday,9,40,275,7,101
Soyuz | Soyuz 23,RVSN USSR,Soyuz,Launch Successful,1976-10-14 17:39:00+00:00,"Site 1/5, Baikonur Cosmodrome, Kazakhstan",Unknown,1976,10,14,Thursday,17,40,257,7,83
Vostok-2M | Meteor n†­36,RVSN USSR,Vostok-2M,Launch Successful,1976-10-15 22:59:00+00:00,"Site 43/3, Plesetsk Cosmodrome, Russia",Unknown,1976,10,15,Friday,22,40,334,7,108
Tsyklon-2 | Cosmos 860,RVSN USSR,Tsyklon-2,Launch Successful,1976-10-17 18:06:00+00:00,"Site 90/19, Baikonur Cosmodrome, Kazakhstan",Unknown,1976,10,17,Sunday,18,40,321,7,116
Tsyklon-2 | Cosmos 861,RVSN USSR,Tsyklon-2,Launch Successful,1976-10-21 16:53:00+00:00,"Site 90/19, Baikonur Cosmodrome, Kazakhstan",Unknown,1976,10,21,Thursday,16,40,321,7,116
Molniya-M /Block 2BL | Cosmos 862,RVSN USSR,Molniya-M /Block 2BL,Launch Successful,1976-10-22 09:11:00+00:00,"Site 43/4, Plesetsk Cosmodrome, Russia",Unknown,1976,10,22,Friday,9,40,195,7,109
Soyuz U | Cosmos 863,RVSN USSR,Soyuz U,Launch Successful,1976-10-25 14:30:00+00:00,"Site 43/4, Plesetsk Cosmodrome, Russia",Unknown,1976,10,25,Monday,14,40,275,7,109
Cosmos-3M (11K65M) | Cosmos 864,RVSN USSR,Cosmos-3M (11K65M),Launch Successful,1976-10-29 12:39:00+00:00,"Site 132/2, Plesetsk Cosmodrome, Russia",Unknown,1976,10,29,Friday,12,40,81,7,89
Soyuz U | Cosmos 865,RVSN USSR,Soyuz U,Launch Successful,1976-11-01 11:20:00+00:00,"Site 43/4, Plesetsk Cosmodrome, Russia",Unknown,1976,11,1,Monday,11,40,275,7,109
Feng Bao 1 | JSSW-6,CASC,Feng Bao 1,Launch Failure,1976-11-10 09:05:00+00:00,"Site 138 (LA-2B), Jiuquan Satellite Launch Center, China",Unknown,1976,11,10,Wednesday,9,7,135,7,91
Soyuz U | Cosmos 866,RVSN USSR,Soyuz U,Launch Successful,1976-11-11 10:45:00+00:00,"Site 31/6, Baikonur Cosmodrome, Kazakhstan",Unknown,1976,11,11,Thursday,10,40,275,7,101
Soyuz U | Cosmos 867,RVSN USSR,Soyuz U,Launch Successful,1976-11-23 16:27:00+00:00,"Site 43/4, Plesetsk Cosmodrome, Russia",Unknown,1976,11,23,Tuesday,16,40,275,7,109
Tsyklon-2 | Cosmos 868,RVSN USSR,Tsyklon-2,Launch Successful,1976-11-26 14:30:00+00:00,"Site 90/20, Baikonur Cosmodrome, Kazakhstan",Unknown,1976,11,26,Friday,14,40,321,7,117
Soyuz U | Cosmos 869,RVSN USSR,Soyuz U,Launch Successful,1976-11-29 16:04:00+00:00,"Site 1/5, Baikonur Cosmodrome, Kazakhstan",Unknown,1976,11,29,Monday,16,40,275,7,83
Cosmos-3M (11K65M) | Cosmos 870,RVSN USSR,Cosmos-3M (11K65M),Launch Successful,1976-12-02 00:17:00+00:00,"Site 132/2, Plesetsk Cosmodrome, Russia",Unknown,1976,12,2,Thursday,0,40,81,7,89
Molniya-M /Block ML | Molniya-2 n†­64,RVSN USSR,Molniya-M /Block ML,Launch Successful,1976-12-02 02:44:00+00:00,"Site 43/4, Plesetsk Cosmodrome, Russia",Unknown,1976,12,2,Thursday,2,40,197,7,109
Long March 2 | FSW-0 No.2,CASC,Long March 2,Launch Successful,1976-12-07 04:38:00+00:00,"Site 138 (LA-2B), Jiuquan Satellite Launch Center, China",Unknown,1976,12,7,Tuesday,4,7,163,7,91
Soyuz U | Cosmos 879,RVSN USSR,Soyuz U,Launch Successful,1976-12-09 10:00:00+00:00,"Site 43/4, Plesetsk Cosmodrome, Russia",Unknown,1976,12,9,Thursday,10,40,275,7,109
Cosmos-3M (11K65M) | Cosmos 880,RVSN USSR,Cosmos-3M (11K65M),Launch Successful,1976-12-09 20:00:00+00:00,"Site 132/2, Plesetsk Cosmodrome, Russia",Unknown,1976,12,9,Thursday,20,40,81,7,89
Cosmos-3M (11K65M) | Cosmos 883,RVSN USSR,Cosmos-3M (11K65M),Launch Successful,1976-12-15 13:59:00+00:00,"Site 132/1, Plesetsk Cosmodrome, Russia",Unknown,1976,12,15,Wednesday,13,40,81,7,88
Cosmos-3M (11K65M) | Cosmos 871 to 878,RVSN USSR,Cosmos-3M (11K65M),Launch Successful,1976-12-16 10:23:00+00:00,"Site 132/1, Plesetsk Cosmodrome, Russia",Unknown,1976,12,16,Thursday,10,40,81,7,88
Soyuz U | Cosmos 884,RVSN USSR,Soyuz U,Launch Successful,1976-12-17 09:30:00+00:00,"Site 31/6, Baikonur Cosmodrome, Kazakhstan",Unknown,1976,12,17,Friday,9,40,275,7,101
Cosmos-3M (11K65M) | Cosmos 885,RVSN USSR,Cosmos-3M (11K65M),Launch Successful,1976-12-17 12:00:00+00:00,"Site 132/2, Plesetsk Cosmodrome, Russia",Unknown,1976,12,17,Friday,12,40,81,7,89
Titan IIID | KH-11,Martin Marietta,Titan IIID,Launch Successful,1976-12-19 18:19:00+00:00,"SLC-4E, Vandenberg AFB, California, USA",Unknown,1976,12,19,Sunday,18,34,307,7,72
Tsyklon-2 | Cosmos 886,RVSN USSR,Tsyklon-2,Launch Successful,1976-12-27 12:05:00+00:00,"Site 90/19, Baikonur Cosmodrome, Kazakhstan",Unknown,1976,12,27,Monday,12,40,321,7,116
Molniya-M /Block ML | Molniya-3 n†­65,RVSN USSR,Molniya-M /Block ML,Launch Successful,1976-12-28 06:38:00+00:00,"Site 43/4, Plesetsk Cosmodrome, Russia",Unknown,1976,12,28,Tuesday,6,40,197,7,109
Cosmos-3M (11K65M) | Cosmos 887,RVSN USSR,Cosmos-3M (11K65M),Launch Successful,1976-12-28 07:49:00+00:00,"Site 132/1, Plesetsk Cosmodrome, Russia",Unknown,1976,12,28,Tuesday,7,40,81,7,88
Soyuz U | Cosmos 888,RVSN USSR,Soyuz U,Launch Successful,1977-01-06 09:40:00+00:00,"Site 31/6, Baikonur Cosmodrome, Kazakhstan",Unknown,1977,1,6,Thursday,9,40,275,7,101
Vostok-2M | Meteor-2 n†­2,RVSN USSR,Vostok-2M,Launch Successful,1977-01-06 23:17:00+00:00,"Site 43/4, Plesetsk Cosmodrome, Russia",Unknown,1977,1,6,Thursday,23,40,334,7,109
Soyuz U | Cosmos 889,RVSN USSR,Soyuz U,Launch Successful,1977-01-20 08:30:00+00:00,"Site 31/6, Baikonur Cosmodrome, Kazakhstan",Unknown,1977,1,20,Thursday,8,40,275,7,101
Cosmos-3M (11K65M) | Cosmos 890,RVSN USSR,Cosmos-3M (11K65M),Launch Successful,1977-01-20 20:05:00+00:00,"Site 132/1, Plesetsk Cosmodrome, Russia",Unknown,1977,1,20,Thursday,20,40,81,7,88
Cosmos-3M (11K65M) | Cosmos 891,RVSN USSR,Cosmos-3M (11K65M),Launch Successful,1977-02-02 12:30:00+00:00,"Site 132/2, Plesetsk Cosmodrome, Russia",Unknown,1977,2,2,Wednesday,12,40,81,7,89
Titan III(23)C | DSP-7,Martin Marietta,Titan III(23)C,Launch Successful,1977-02-06 06:00:00+00:00,"SLC-40, Cape Canaveral AFS, Florida, USA",Unknown,1977,2,6,Sunday,6,34,301,7,69
Soyuz U | Soyuz 24,RVSN USSR,Soyuz U,Launch Successful,1977-02-07 16:11:00+00:00,"Site 1/5, Baikonur Cosmodrome, Kazakhstan",Unknown,1977,2,7,Monday,16,40,275,7,83
Soyuz U | Cosmos 892,RVSN USSR,Soyuz U,Launch Successful,1977-02-09 11:30:00+00:00,"Site 43/3, Plesetsk Cosmodrome, Russia",Unknown,1977,2,9,Wednesday,11,40,275,7,108
Molniya-M /Block ML | Molniya-2 n†­66,RVSN USSR,Molniya-M /Block ML,Launch Successful,1977-02-11 14:57:00+00:00,"Site 43/4, Plesetsk Cosmodrome, Russia",Unknown,1977,2,11,Friday,14,40,197,7,109
Mu-III H | Tansei 3,ISAS,Mu-III H,Launch Successful,1977-02-19 05:15:00+00:00,"Mu Pad, Uchinoura Space Center, Japan",Unknown,1977,2,19,Saturday,5,22,202,7,48
Cosmos-3M (11K65M) | Cosmos 894,RVSN USSR,Cosmos-3M (11K65M),Launch Successful,1977-02-21 17:20:00+00:00,"Site 132/1, Plesetsk Cosmodrome, Russia",Unknown,1977,2,21,Monday,17,40,81,7,88
Soyuz U | Zenit-4MK n†­381,RVSN USSR,Soyuz U,Launch Failure,1977-02-22 09:19:00+00:00,"Site 31/6, Baikonur Cosmodrome, Kazakhstan",Unknown,1977,2,22,Tuesday,9,40,275,7,101
N-I Star-37E | Kiku 2,MHI,N-I Star-37E,Launch Successful,1977-02-23 08:50:00+00:00,"LA-Y1, Tanegashima Space Center, Japan",Unknown,1977,2,23,Wednesday,8,32,209,7,17
Vostok-2M | Cosmos 895,RVSN USSR,Vostok-2M,Launch Successful,1977-02-26 21:18:00+00:00,"Site 43/4, Plesetsk Cosmodrome, Russia",Unknown,1977,2,26,Saturday,21,40,334,7,109
Soyuz U | Cosmos 896,RVSN USSR,Soyuz U,Launch Successful,1977-03-03 10:30:00+00:00,"Site 43/4, Plesetsk Cosmodrome, Russia",Unknown,1977,3,3,Thursday,10,40,275,7,109
Soyuz U | Cosmos 897,RVSN USSR,Soyuz U,Launch Successful,1977-03-10 11:00:00+00:00,"Site 43/3, Plesetsk Cosmodrome, Russia",Unknown,1977,3,10,Thursday,11,40,275,7,108
Titan III(24)B | OPS 4915,US Air Force,Titan III(24)B,Launch Successful,1977-03-13 18:41:00+00:00,"SLC-4W, Vandenberg AFB, California, USA",Unknown,1977,3,13,Sunday,18,48,302,7,73
Soyuz U | Cosmos 898,RVSN USSR,Soyuz U,Launch Successful,1977-03-17 08:30:00+00:00,"Site 43/3, Plesetsk Cosmodrome, Russia",Unknown,1977,3,17,Thursday,8,40,275,7,108
Molniya-M /Block ML | Molniya-1 n†­67,RVSN USSR,Molniya-M /Block ML,Launch Successful,1977-03-24 11:51:00+00:00,"Site 43/4, Plesetsk Cosmodrome, Russia",Unknown,1977,3,24,Thursday,11,40,197,7,109
Cosmos-3M (11K65M) | Cosmos 899,RVSN USSR,Cosmos-3M (11K65M),Launch Successful,1977-03-24 22:11:00+00:00,"Site 132/2, Plesetsk Cosmodrome, Russia",Unknown,1977,3,24,Thursday,22,40,81,7,89
Vostok-2M | Meteor n†­37,RVSN USSR,Vostok-2M,Launch Successful,1977-04-05 02:05:00+00:00,"Site 43/3, Plesetsk Cosmodrome, Russia",Unknown,1977,4,5,Tuesday,2,40,334,7,108
Cosmos-2I (63SM) | Cosmos 901,RVSN USSR,Cosmos-2I (63SM),Launch Successful,1977-04-05 10:30:00+00:00,"Site 133/3, Plesetsk Cosmodrome, Russia",Unknown,1977,4,5,Tuesday,10,40,79,7,90
Soyuz U | Cosmos 902,RVSN USSR,Soyuz U,Launch Successful,1977-04-07 08:59:00+00:00,"Site 43/4, Plesetsk Cosmodrome, Russia",Unknown,1977,4,7,Thursday,8,40,275,7,109
Molniya-M /Block 2BL | Cosmos 903,RVSN USSR,Molniya-M /Block 2BL,Launch Successful,1977-04-11 01:38:00+00:00,"Site 43/3, Plesetsk Cosmodrome, Russia",Unknown,1977,4,11,Monday,1,40,195,7,108
Soyuz U | Cosmos 904,RVSN USSR,Soyuz U,Launch Successful,1977-04-20 09:00:00+00:00,"Site 31/6, Baikonur Cosmodrome, Kazakhstan",Unknown,1977,4,20,Wednesday,9,40,275,7,101
Soyuz U | Cosmos 905,RVSN USSR,Soyuz U,Launch Successful,1977-04-26 14:45:00+00:00,"Site 43/3, Plesetsk Cosmodrome, Russia",Unknown,1977,4,26,Tuesday,14,40,275,7,108
Molniya-M /Block ML | Molniya-3 n†­68,RVSN USSR,Molniya-M /Block ML,Launch Successful,1977-04-28 09:10:00+00:00,"Site 43/4, Plesetsk Cosmodrome, Russia",Unknown,1977,4,28,Thursday,9,40,197,7,109
Soyuz U | Cosmos 907,RVSN USSR,Soyuz U,Launch Successful,1977-05-05 14:00:00+00:00,"Site 43/3, Plesetsk Cosmodrome, Russia",Unknown,1977,5,5,Thursday,14,40,275,7,108
Titan III(23)C | DSCS-II 7&8,Martin Marietta,Titan III(23)C,Launch Successful,1977-05-12 14:27:00+00:00,"SLC-40, Cape Canaveral AFS, Florida, USA",Unknown,1977,5,12,Thursday,14,34,301,7,69
Soyuz U | Cosmos 908,RVSN USSR,Soyuz U,Launch Successful,1977-05-17 10:10:00+00:00,"Site 31/6, Baikonur Cosmodrome, Kazakhstan",Unknown,1977,5,17,Tuesday,10,40,275,7,101
Cosmos-3M (11K65M) | Cosmos 909,RVSN USSR,Cosmos-3M (11K65M),Launch Successful,1977-05-19 16:30:00+00:00,"Site 132/2, Plesetsk Cosmodrome, Russia",Unknown,1977,5,19,Thursday,16,40,81,7,89
Tsyklon-2 | Cosmos 910,RVSN USSR,Tsyklon-2,Launch Successful,1977-05-23 12:14:00+00:00,"Site 90/20, Baikonur Cosmodrome, Kazakhstan",Unknown,1977,5,23,Monday,12,40,321,7,117
Atlas-SLV3A Agena-D | AFP-827 (Canyon-7),General Dynamics,Atlas-SLV3A Agena-D,Launch Successful,1977-05-23 18:13:00+00:00,"LC-13, Cape Canaveral AFS, Florida, USA",Unknown,1977,5,23,Monday,18,17,68,7,23
Cosmos-3M (11K65M) | Cosmos 911,RVSN USSR,Cosmos-3M (11K65M),Launch Successful,1977-05-25 11:00:00+00:00,"Site 132/2, Plesetsk Cosmodrome, Russia",Unknown,1977,5,25,Wednesday,11,40,81,7,89
Soyuz U | Cosmos 912,RVSN USSR,Soyuz U,Launch Successful,1977-05-26 07:00:00+00:00,"Site 43/4, Plesetsk Cosmodrome, Russia",Unknown,1977,5,26,Thursday,7,40,275,7,109
Atlas-SLV3D Centaur-D1AR | Intelsat 4A F4,General Dynamics,Atlas-SLV3D Centaur-D1AR,Launch Successful,1977-05-26 21:47:00+00:00,"SLC-36A, Cape Canaveral AFS, Florida, USA",Unknown,1977,5,26,Thursday,21,17,72,7,64
Cosmos-3M (11K65M) | Cosmos 913,RVSN USSR,Cosmos-3M (11K65M),Launch Successful,1977-05-30 22:30:00+00:00,"Site 132/1, Plesetsk Cosmodrome, Russia",Unknown,1977,5,30,Monday,22,40,81,7,88
Soyuz U | Cosmos 914,RVSN USSR,Soyuz U,Launch Successful,1977-05-31 07:30:00+00:00,"Site 31/6, Baikonur Cosmodrome, Kazakhstan",Unknown,1977,5,31,Tuesday,7,40,275,7,101
Soyuz U | Cosmos 915,RVSN USSR,Soyuz U,Launch Successful,1977-06-08 14:00:00+00:00,"Site 43/4, Plesetsk Cosmodrome, Russia",Unknown,1977,6,8,Wednesday,14,40,275,7,109
Soyuz U | Cosmos 916,RVSN USSR,Soyuz U,Launch Successful,1977-06-10 08:00:00+00:00,"Site 43/3, Plesetsk Cosmodrome, Russia",Unknown,1977,6,10,Friday,8,40,275,7,108
Molniya-M /Block 2BL | Cosmos 917,RVSN USSR,Molniya-M /Block 2BL,Launch Successful,1977-06-16 01:58:00+00:00,"Site 43/4, Plesetsk Cosmodrome, Russia",Unknown,1977,6,16,Thursday,1,40,195,7,109
Cosmos-3M (11K65M) | Signe 3,RVSN USSR,Cosmos-3M (11K65M),Launch Successful,1977-06-17 03:30:00+00:00,"Site 107/1, Kapustin Yar, Russia",Unknown,1977,6,17,Friday,3,40,81,7,84
Tsyklon-2 | Cosmos 918,RVSN USSR,Tsyklon-2,Launch Successful,1977-06-17 07:23:00+00:00,"Site 90/20, Baikonur Cosmodrome, Kazakhstan",Unknown,1977,6,17,Friday,7,40,321,7,117
Cosmos-2I (63SM) | Cosmos 919,RVSN USSR,Cosmos-2I (63SM),Launch Successful,1977-06-18 10:30:00+00:00,"Site 133/3, Plesetsk Cosmodrome, Russia",Unknown,1977,6,18,Saturday,10,40,79,7,90
Soyuz U | Cosmos 920,RVSN USSR,Soyuz U,Launch Successful,1977-06-22 08:00:00+00:00,"Site 31/6, Baikonur Cosmodrome, Kazakhstan",Unknown,1977,6,22,Wednesday,8,40,275,7,101
Atlas-E/F SGS-1 | NTS-2,General Dynamics,Atlas-E/F SGS-1,Launch Successful,1977-06-23 09:16:00+00:00,"SLC-3W, Vandenberg AFB, California, USA",Unknown,1977,6,23,Thursday,9,17,52,7,68
Molniya-M /Block ML | Molniya-1 n†­69,RVSN USSR,Molniya-M /Block ML,Launch Successful,1977-06-24 05:41:00+00:00,"Site 1/5, Baikonur Cosmodrome, Kazakhstan",Unknown,1977,6,24,Friday,5,40,197,7,83
Tsyklon-3 | Cosmos 921,RVSN USSR,Tsyklon-3,Launch Successful,1977-06-24 10:30:00+00:00,"Site 32/2, Plesetsk Cosmodrome, Russia",Unknown,1977,6,24,Friday,10,40,323,7,103
Titan IIID | KH-9,Martin Marietta,Titan IIID,Launch Successful,1977-06-27 18:30:00+00:00,"SLC-4E, Vandenberg AFB, California, USA",Unknown,1977,6,27,Monday,18,34,307,7,72
Vostok-2M | Meteor-Priroda n†­2,RVSN USSR,Vostok-2M,Launch Successful,1977-06-29 18:34:00+00:00,"Site 31/6, Baikonur Cosmodrome, Kazakhstan",Unknown,1977,6,29,Wednesday,18,40,334,7,101
Soyuz U | Cosmos 922,RVSN USSR,Soyuz U,Launch Successful,1977-06-30 14:00:00+00:00,"Site 43/4, Plesetsk Cosmodrome, Russia",Unknown,1977,6,30,Thursday,14,40,275,7,109
Cosmos-3M (11K65M) | Cosmos 923,RVSN USSR,Cosmos-3M (11K65M),Launch Successful,1977-07-01 11:52:00+00:00,"Site 132/1, Plesetsk Cosmodrome, Russia",Unknown,1977,7,1,Friday,11,40,81,7,88
Cosmos-3M (11K65M) | Cosmos 924,RVSN USSR,Cosmos-3M (11K65M),Launch Successful,1977-07-04 22:20:00+00:00,"Site 132/2, Plesetsk Cosmodrome, Russia",Unknown,1977,7,4,Monday,22,40,81,7,89
Vostok-2M | Cosmos 925,RVSN USSR,Vostok-2M,Launch Successful,1977-07-07 07:25:00+00:00,"Site 43/4, Plesetsk Cosmodrome, Russia",Unknown,1977,7,7,Thursday,7,40,334,7,109
Cosmos-3M (11K65M) | Cosmos 926,RVSN USSR,Cosmos-3M (11K65M),Launch Successful,1977-07-08 17:30:00+00:00,"Site 132/2, Plesetsk Cosmodrome, Russia",Unknown,1977,7,8,Friday,17,40,81,7,89
Soyuz U | Cosmos 927,RVSN USSR,Soyuz U,Launch Successful,1977-07-12 09:00:00+00:00,"Site 43/4, Plesetsk Cosmodrome, Russia",Unknown,1977,7,12,Tuesday,9,40,275,7,109
Cosmos-3M (11K65M) | Cosmos 928,RVSN USSR,Cosmos-3M (11K65M),Launch Successful,1977-07-13 05:02:00+00:00,"Site 132/1, Plesetsk Cosmodrome, Russia",Unknown,1977,7,13,Wednesday,5,40,81,7,88
Cosmos-3M (11K65M) | Cosmos 930,RVSN USSR,Cosmos-3M (11K65M),Launch Successful,1977-07-19 08:40:00+00:00,"Site 132/2, Plesetsk Cosmodrome, Russia",Unknown,1977,7,19,Tuesday,8,40,81,7,89
Molniya-M /Block 2BL | Cosmos 931,RVSN USSR,Molniya-M /Block 2BL,Launch Successful,1977-07-20 04:44:00+00:00,"Site 43/4, Plesetsk Cosmodrome, Russia",Unknown,1977,7,20,Wednesday,4,40,195,7,109
Soyuz U | Cosmos 932,RVSN USSR,Soyuz U,Launch Successful,1977-07-20 07:35:00+00:00,"Site 31/6, Baikonur Cosmodrome, Kazakhstan",Unknown,1977,7,20,Wednesday,7,40,275,7,101
Cosmos-3M (11K65M) | Cosmos 933,RVSN USSR,Cosmos-3M (11K65M),Launch Successful,1977-07-22 10:00:00+00:00,"Site 132/1, Plesetsk Cosmodrome, Russia",Unknown,1977,7,22,Friday,10,40,81,7,88
Soyuz U | Cosmos 934,RVSN USSR,Soyuz U,Launch Successful,1977-07-27 18:07:00+00:00,"Site 43/4, Plesetsk Cosmodrome, Russia",Unknown,1977,7,27,Wednesday,18,40,275,7,109
Soyuz U | Cosmos 935,RVSN USSR,Soyuz U,Launch Successful,1977-07-29 08:00:00+00:00,"Site 43/4, Plesetsk Cosmodrome, Russia",Unknown,1977,7,29,Friday,8,40,275,7,109
Soyuz U | Cosmos 936,RVSN USSR,Soyuz U,Launch Successful,1977-08-03 14:01:00+00:00,"Site 43/3, Plesetsk Cosmodrome, Russia",Unknown,1977,8,3,Wednesday,14,40,275,7,108
Soyuz U | Zenit-4MKM n†­399,RVSN USSR,Soyuz U,Launch Failure,1977-08-10 10:40:00+00:00,"Site 31/6, Baikonur Cosmodrome, Kazakhstan",Unknown,1977,8,10,Wednesday,10,40,275,7,101
Atlas-SLV3D Centaur-D1AR | HEAO-1,General Dynamics,Atlas-SLV3D Centaur-D1AR,Launch Successful,1977-08-12 06:29:00+00:00,"SLC-36B, Cape Canaveral AFS, Florida, USA",Unknown,1977,8,12,Friday,6,17,72,7,65
Titan IIIE | Voyager 2,Martin Marietta,Titan IIIE,Launch Successful,1977-08-20 14:29:00+00:00,"SLC-41, Cape Canaveral AFS, Florida, USA",Unknown,1977,8,20,Saturday,14,34,308,7,70
Tsyklon-2 | Cosmos 937,RVSN USSR,Tsyklon-2,Launch Successful,1977-08-24 07:07:00+00:00,"Site 90/20, Baikonur Cosmodrome, Kazakhstan",Unknown,1977,8,24,Wednesday,7,40,321,7,117
Soyuz U | Cosmos 938,RVSN USSR,Soyuz U,Launch Successful,1977-08-24 14:29:00+00:00,"Site 43/4, Plesetsk Cosmodrome, Russia",Unknown,1977,8,24,Wednesday,14,40,275,7,109
Cosmos-3M (11K65M) | Cosmos 939 to 946,RVSN USSR,Cosmos-3M (11K65M),Launch Successful,1977-08-24 18:20:00+00:00,"Site 132/1, Plesetsk Cosmodrome, Russia",Unknown,1977,8,24,Wednesday,18,40,81,7,88
Soyuz U | Cosmos 947,RVSN USSR,Soyuz U,Launch Successful,1977-08-27 10:09:00+00:00,"Site 43/4, Plesetsk Cosmodrome, Russia",Unknown,1977,8,27,Saturday,10,40,275,7,109
Molniya-M /Block ML | Molniya-1 n†­70,RVSN USSR,Molniya-M /Block ML,Launch Successful,1977-08-30 18:06:00+00:00,"Site 43/3, Plesetsk Cosmodrome, Russia",Unknown,1977,8,30,Tuesday,18,40,197,7,108
Soyuz U | Cosmos 948,RVSN USSR,Soyuz U,Launch Successful,1977-09-02 09:00:00+00:00,"Site 43/4, Plesetsk Cosmodrome, Russia",Unknown,1977,9,2,Friday,9,40,275,7,109
Titan IIIE | Voyager 1,Martin Marietta,Titan IIIE,Launch Successful,1977-09-05 12:56:00+00:00,"SLC-41, Cape Canaveral AFS, Florida, USA",Unknown,1977,9,5,Monday,12,34,308,7,70
Soyuz U | Cosmos 949,RVSN USSR,Soyuz U,Launch Successful,1977-09-06 17:30:00+00:00,"Site 43/3, Plesetsk Cosmodrome, Russia",Unknown,1977,9,6,Tuesday,17,40,275,7,108
Soyuz U | Cosmos 950,RVSN USSR,Soyuz U,Launch Successful,1977-09-13 15:10:00+00:00,"Site 43/3, Plesetsk Cosmodrome, Russia",Unknown,1977,9,13,Tuesday,15,40,275,7,108
Cosmos-3M (11K65M) | Cosmos 951,RVSN USSR,Cosmos-3M (11K65M),Launch Successful,1977-09-13 19:59:00+00:00,"Site 132/1, Plesetsk Cosmodrome, Russia",Unknown,1977,9,13,Tuesday,19,40,81,7,88
Feng Bao 1 | DDDS 1,CASC,Feng Bao 1,Launch Successful,1977-09-14 00:15:00+00:00,"Site 138 (LA-2B), Jiuquan Satellite Launch Center, China",Unknown,1977,9,14,Wednesday,0,7,135,7,91
Tsyklon-2 | Cosmos 952,RVSN USSR,Tsyklon-2,Launch Successful,1977-09-16 14:25:00+00:00,"Site 90/20, Baikonur Cosmodrome, Kazakhstan",Unknown,1977,9,16,Friday,14,40,321,7,117
Soyuz U | Cosmos 953,RVSN USSR,Soyuz U,Launch Successful,1977-09-16 14:30:00+00:00,"Site 43/3, Plesetsk Cosmodrome, Russia",Unknown,1977,9,16,Friday,14,40,275,7,108
Tsyklon-2 | Cosmos 954,RVSN USSR,Tsyklon-2,Launch Successful,1977-09-18 13:48:00+00:00,"Site 90/20, Baikonur Cosmodrome, Kazakhstan",Unknown,1977,9,18,Sunday,13,40,321,7,117
Vostok-2M | Cosmos 955,RVSN USSR,Vostok-2M,Launch Successful,1977-09-20 01:00:00+00:00,"Site 43/4, Plesetsk Cosmodrome, Russia",Unknown,1977,9,20,Tuesday,1,40,334,7,109
Titan III(24)B | OPS 7471,US Air Force,Titan III(24)B,Launch Successful,1977-09-23 18:34:00+00:00,"SLC-4W, Vandenberg AFB, California, USA",Unknown,1977,9,23,Friday,18,48,302,7,73
Tsyklon-3 | Cosmos 956,RVSN USSR,Tsyklon-3,Launch Successful,1977-09-24 10:15:00+00:00,"Site 32/2, Plesetsk Cosmodrome, Russia",Unknown,1977,9,24,Saturday,10,40,323,7,103
Atlas-SLV3D Centaur-D1AR | Intelsat 4A F5,General Dynamics,Atlas-SLV3D Centaur-D1AR,Launch Failure,1977-09-30 01:02:00+00:00,"SLC-36A, Cape Canaveral AFS, Florida, USA",Unknown,1977,9,30,Friday,1,17,72,7,64
Soyuz U | Cosmos 957,RVSN USSR,Soyuz U,Launch Successful,1977-09-30 09:46:00+00:00,"Site 31/6, Baikonur Cosmodrome, Kazakhstan",Unknown,1977,9,30,Friday,9,40,275,7,101
Soyuz U | Soyuz 25,RVSN USSR,Soyuz U,Launch Successful,1977-10-09 02:40:00+00:00,"Site 1/5, Baikonur Cosmodrome, Kazakhstan",Unknown,1977,10,9,Sunday,2,40,275,7,83
Soyuz U | Cosmos 958,RVSN USSR,Soyuz U,Launch Successful,1977-10-11 15:14:00+00:00,"Site 43/4, Plesetsk Cosmodrome, Russia",Unknown,1977,10,11,Tuesday,15,40,275,7,109
Cosmos-3M (11K65M) | Cosmos 959,RVSN USSR,Cosmos-3M (11K65M),Launch Successful,1977-10-21 10:05:00+00:00,"Site 132/1, Plesetsk Cosmodrome, Russia",Unknown,1977,10,21,Friday,10,40,81,7,88
Cosmos-3M (11K65M) | Cosmos 960,RVSN USSR,Cosmos-3M (11K65M),Launch Successful,1977-10-25 05:25:00+00:00,"Site 132/1, Plesetsk Cosmodrome, Russia",Unknown,1977,10,25,Tuesday,5,40,81,7,88
Tsyklon-2 | Cosmos 961,RVSN USSR,Tsyklon-2,Launch Successful,1977-10-26 05:14:00+00:00,"Site 90/20, Baikonur Cosmodrome, Kazakhstan",Unknown,1977,10,26,Wednesday,5,40,321,7,117
Molniya-M /Block ML | Molniya-3 n†­71,RVSN USSR,Molniya-M /Block ML,Launch Successful,1977-10-28 01:37:00+00:00,"Site 43/3, Plesetsk Cosmodrome, Russia",Unknown,1977,10,28,Friday,1,40,197,7,108
Cosmos-3M (11K65M) | Cosmos 962,RVSN USSR,Cosmos-3M (11K65M),Launch Successful,1977-10-28 16:00:00+00:00,"Site 132/1, Plesetsk Cosmodrome, Russia",Unknown,1977,10,28,Friday,16,40,81,7,88
Cosmos-3M (11K65M) | Cosmos 963,RVSN USSR,Cosmos-3M (11K65M),Launch Successful,1977-11-24 14:30:00+00:00,"Site 132/1, Plesetsk Cosmodrome, Russia",Unknown,1977,11,24,Thursday,14,40,81,7,88
Cosmos-3M (11K65M) | Tsikada n†­3,RVSN USSR,Cosmos-3M (11K65M),Launch Failure,1977-11-29 07:05:00+00:00,"Site 132/1, Plesetsk Cosmodrome, Russia",Unknown,1977,11,29,Tuesday,7,40,81,7,88
Soyuz U | Cosmos 964,RVSN USSR,Soyuz U,Launch Successful,1977-12-04 12:00:00+00:00,"Site 43/4, Plesetsk Cosmodrome, Russia",Unknown,1977,12,4,Sunday,12,40,275,7,109
Cosmos-3M (11K65M) | Cosmos 965,RVSN USSR,Cosmos-3M (11K65M),Launch Successful,1977-12-08 11:00:00+00:00,"Site 132/2, Plesetsk Cosmodrome, Russia",Unknown,1977,12,8,Thursday,11,40,81,7,89
Atlas-E/F MSD | NOSS-2,General Dynamics,Atlas-E/F MSD,Launch Successful,1977-12-08 17:45:00+00:00,"SLC-3W, Vandenberg AFB, California, USA",Unknown,1977,12,8,Thursday,17,17,48,7,68
Soyuz U | Soyuz 26,RVSN USSR,Soyuz U,Launch Successful,1977-12-10 01:18:00+00:00,"Site 1/5, Baikonur Cosmodrome, Kazakhstan",Unknown,1977,12,10,Saturday,1,40,275,7,83
Atlas-SLV3A Agena-D | OPS-4258 (Aquacade-3),General Dynamics,Atlas-SLV3A Agena-D,Launch Successful,1977-12-11 22:45:00+00:00,"LC-13, Cape Canaveral AFS, Florida, USA",Unknown,1977,12,11,Sunday,22,17,68,7,23
Soyuz U | Cosmos 966,RVSN USSR,Soyuz U,Launch Successful,1977-12-12 09:40:00+00:00,"Site 31/6, Baikonur Cosmodrome, Kazakhstan",Unknown,1977,12,12,Monday,9,40,275,7,101
Cosmos-3M (11K65M) | Cosmos 967,RVSN USSR,Cosmos-3M (11K65M),Launch Successful,1977-12-13 15:53:00+00:00,"Site 132/2, Plesetsk Cosmodrome, Russia",Unknown,1977,12,13,Tuesday,15,40,81,7,89
Vostok-2M | Meteor-2 n†­3,RVSN USSR,Vostok-2M,Launch Successful,1977-12-14 09:30:00+00:00,"Site 43/4, Plesetsk Cosmodrome, Russia",Unknown,1977,12,14,Wednesday,9,40,334,7,109
Cosmos-3M (11K65M) | Cosmos 968,RVSN USSR,Cosmos-3M (11K65M),Launch Successful,1977-12-16 04:25:00+00:00,"Site 132/1, Plesetsk Cosmodrome, Russia",Unknown,1977,12,16,Friday,4,40,81,7,88
Soyuz U | Cosmos 969,RVSN USSR,Soyuz U,Launch Successful,1977-12-20 15:50:00+00:00,"Site 43/4, Plesetsk Cosmodrome, Russia",Unknown,1977,12,20,Tuesday,15,40,275,7,109
Tsyklon-2 | Cosmos 970,RVSN USSR,Tsyklon-2,Launch Successful,1977-12-21 10:35:00+00:00,"Site 90/20, Baikonur Cosmodrome, Kazakhstan",Unknown,1977,12,21,Wednesday,10,40,321,7,117
Cosmos-3M (11K65M) | Cosmos 971,RVSN USSR,Cosmos-3M (11K65M),Launch Successful,1977-12-23 16:24:00+00:00,"Site 132/1, Plesetsk Cosmodrome, Russia",Unknown,1977,12,23,Friday,16,40,81,7,88
Tsyklon-3 | Cosmos 972,RVSN USSR,Tsyklon-3,Launch Successful,1977-12-27 08:00:00+00:00,"Site 32/2, Plesetsk Cosmodrome, Russia",Unknown,1977,12,27,Tuesday,8,40,323,7,103
Soyuz U | Cosmos 973,RVSN USSR,Soyuz U,Launch Successful,1977-12-27 09:20:00+00:00,"Site 31/6, Baikonur Cosmodrome, Kazakhstan",Unknown,1977,12,27,Tuesday,9,40,275,7,101
Soyuz U | Cosmos 974,RVSN USSR,Soyuz U,Launch Successful,1978-01-06 15:50:00+00:00,"Site 43/3, Plesetsk Cosmodrome, Russia",Unknown,1978,1,6,Friday,15,40,275,7,108
Atlas-SLV3D Centaur-D1AR | Intelsat 4A F3,General Dynamics,Atlas-SLV3D Centaur-D1AR,Launch Successful,1978-01-07 00:15:00+00:00,"SLC-36B, Cape Canaveral AFS, Florida, USA",Unknown,1978,1,7,Saturday,0,17,72,7,65
Vostok-2M | Cosmos 975,RVSN USSR,Vostok-2M,Launch Successful,1978-01-10 13:23:00+00:00,"Site 43/4, Plesetsk Cosmodrome, Russia",Unknown,1978,1,10,Tuesday,13,40,334,7,109
Cosmos-3M (11K65M) | Cosmos 976 to 983,RVSN USSR,Cosmos-3M (11K65M),Launch Successful,1978-01-10 20:51:00+00:00,"Site 132/2, Plesetsk Cosmodrome, Russia",Unknown,1978,1,10,Tuesday,20,40,81,7,89
Soyuz U | Cosmos 984,RVSN USSR,Soyuz U,Launch Successful,1978-01-13 15:15:00+00:00,"Site 43/3, Plesetsk Cosmodrome, Russia",Unknown,1978,1,13,Friday,15,40,275,7,108
Cosmos-3M (11K65M) | Cosmos 985,RVSN USSR,Cosmos-3M (11K65M),Launch Successful,1978-01-17 03:26:00+00:00,"Site 132/1, Plesetsk Cosmodrome, Russia",Unknown,1978,1,17,Tuesday,3,40,81,7,88
Molniya-M /Block ML | Molniya-3 n†­72,RVSN USSR,Molniya-M /Block ML,Launch Successful,1978-01-24 06:51:00+00:00,"Site 43/3, Plesetsk Cosmodrome, Russia",Unknown,1978,1,24,Tuesday,6,40,197,7,108
Soyuz U | Cosmos 986,RVSN USSR,Soyuz U,Launch Successful,1978-01-24 09:50:00+00:00,"Site 31/6, Baikonur Cosmodrome, Kazakhstan",Unknown,1978,1,24,Tuesday,9,40,275,7,101
Long March 2 | FSW-0 No.3,CASC,Long March 2,Launch Successful,1978-01-26 04:58:00+00:00,"Site 138 (LA-2B), Jiuquan Satellite Launch Center, China",Unknown,1978,1,26,Thursday,4,7,163,7,91
Soyuz U | Cosmos 987,RVSN USSR,Soyuz U,Launch Successful,1978-01-31 14:50:00+00:00,"Site 43/4, Plesetsk Cosmodrome, Russia",Unknown,1978,1,31,Tuesday,14,40,275,7,109
Mu-III H | Kyokko,ISAS,Mu-III H,Launch Successful,1978-02-04 07:00:00+00:00,"Mu Pad, Uchinoura Space Center, Japan",Unknown,1978,2,4,Saturday,7,22,202,7,48
Soyuz U | Cosmos 988,RVSN USSR,Soyuz U,Launch Successful,1978-02-08 12:15:00+00:00,"Site 43/3, Plesetsk Cosmodrome, Russia",Unknown,1978,2,8,Wednesday,12,40,275,7,108
Atlas-SLV3D Centaur-D1AR | FLTSATCOM-1,General Dynamics,Atlas-SLV3D Centaur-D1AR,Launch Successful,1978-02-09 21:17:00+00:00,"SLC-36A, Cape Canaveral AFS, Florida, USA",Unknown,1978,2,9,Thursday,21,17,72,7,64
Soyuz U | Cosmos 989,RVSN USSR,Soyuz U,Launch Successful,1978-02-14 09:30:00+00:00,"Site 31/6, Baikonur Cosmodrome, Kazakhstan",Unknown,1978,2,14,Tuesday,9,40,275,7,101
N-I | Ume 2,MHI,N-I,Launch Successful,1978-02-16 04:00:00+00:00,"LA-Y1, Tanegashima Space Center, Japan",Unknown,1978,2,16,Thursday,4,32,208,7,17
Cosmos-3M (11K65M) | Cosmos 990,RVSN USSR,Cosmos-3M (11K65M),Launch Successful,1978-02-17 16:33:00+00:00,"Site 132/2, Plesetsk Cosmodrome, Russia",Unknown,1978,2,17,Friday,16,40,81,7,89
Atlas-E/F SGS-1 | GPS-1,General Dynamics,Atlas-E/F SGS-1,Launch Successful,1978-02-22 23:44:00+00:00,"SLC-3E, Vandenberg AFB, California, USA",Navigation,1978,2,22,Wednesday,23,17,52,5,67
Titan III(34)B Agena-D | Jumpseat 5,Martin Marietta,Titan III(34)B Agena-D,Launch Successful,1978-02-25 05:00:00+00:00,"SLC-4W, Vandenberg AFB, California, USA",Unknown,1978,2,25,Saturday,5,34,303,7,73
Cosmos-3M (11K65M) | Cosmos 991,RVSN USSR,Cosmos-3M (11K65M),Launch Successful,1978-02-28 06:43:00+00:00,"Site 132/2, Plesetsk Cosmodrome, Russia",Unknown,1978,2,28,Tuesday,6,40,81,7,89
Molniya-M /Block ML | Molniya-1 n†­73,RVSN USSR,Molniya-M /Block ML,Launch Successful,1978-03-02 22:07:00+00:00,"Site 43/3, Plesetsk Cosmodrome, Russia",Unknown,1978,3,2,Thursday,22,40,197,7,108
Soyuz U | Cosmos 992,RVSN USSR,Soyuz U,Launch Successful,1978-03-04 07:40:00+00:00,"Site 31/6, Baikonur Cosmodrome, Kazakhstan",Unknown,1978,3,4,Saturday,7,40,275,7,101
Soyuz U | Cosmos 993,RVSN USSR,Soyuz U,Launch Successful,1978-03-10 10:42:00+00:00,"Site 43/3, Plesetsk Cosmodrome, Russia",Unknown,1978,3,10,Friday,10,40,275,7,108
Cosmos-3M (11K65M) | Cosmos 994,RVSN USSR,Cosmos-3M (11K65M),Launch Successful,1978-03-15 15:57:00+00:00,"Site 132/2, Plesetsk Cosmodrome, Russia",Unknown,1978,3,15,Wednesday,15,40,81,7,89
Titan IIID | KH-9 & SSF-D-2,Martin Marietta,Titan IIID,Launch Successful,1978-03-16 18:43:00+00:00,"SLC-4E, Vandenberg AFB, California, USA",Unknown,1978,3,16,Thursday,18,34,307,7,72
Soyuz U | Cosmos 995,RVSN USSR,Soyuz U,Launch Successful,1978-03-17 10:50:00+00:00,"Site 43/3, Plesetsk Cosmodrome, Russia",Unknown,1978,3,17,Friday,10,40,275,7,108
Titan III(23)C | DSCS-II 9&10,Martin Marietta,Titan III(23)C,Launch Failure,1978-03-25 18:09:00+00:00,"SLC-40, Cape Canaveral AFS, Florida, USA",Unknown,1978,3,25,Saturday,18,34,301,7,69
Cosmos-3M (11K65M) | Cosmos 996,RVSN USSR,Cosmos-3M (11K65M),Launch Successful,1978-03-28 01:30:00+00:00,"Site 132/1, Plesetsk Cosmodrome, Russia",Unknown,1978,3,28,Tuesday,1,40,81,7,88
Soyuz U | Cosmos 999,RVSN USSR,Soyuz U,Launch Successful,1978-03-30 07:50:00+00:00,"Site 31/6, Baikonur Cosmodrome, Kazakhstan",Unknown,1978,3,30,Thursday,7,40,275,7,101
Cosmos-3M (11K65M) | Cosmos 1000,RVSN USSR,Cosmos-3M (11K65M),Launch Successful,1978-03-31 14:01:00+00:00,"Site 132/1, Plesetsk Cosmodrome, Russia",Unknown,1978,3,31,Friday,14,40,81,7,88
Atlas-SLV3D Centaur-D1AR | Intelsat 4A F6,General Dynamics,Atlas-SLV3D Centaur-D1AR,Launch Successful,1978-03-31 23:36:00+00:00,"SLC-36B, Cape Canaveral AFS, Florida, USA",Unknown,1978,3,31,Friday,23,17,72,7,65
Soyuz U | Cosmos 1002,RVSN USSR,Soyuz U,Launch Successful,1978-04-06 09:10:00+00:00,"Site 31/6, Baikonur Cosmodrome, Kazakhstan",Unknown,1978,4,6,Thursday,9,40,275,7,101
Atlas-SLV3A Agena-D | OPS-8790 (Aquacade-4),General Dynamics,Atlas-SLV3A Agena-D,Launch Successful,1978-04-07 00:45:00+00:00,"LC-13, Cape Canaveral AFS, Florida, USA",Unknown,1978,4,7,Friday,0,17,68,7,23
Feng Bao 1 | DDDS 2,CASC,Feng Bao 1,Launch Successful,1978-04-15 16:39:00+00:00,"Site 138 (LA-2B), Jiuquan Satellite Launch Center, China",Unknown,1978,4,15,Saturday,16,7,135,7,91
Soyuz U | Cosmos 1003,RVSN USSR,Soyuz U,Launch Successful,1978-04-20 15:30:00+00:00,"Site 43/4, Plesetsk Cosmodrome, Russia",Unknown,1978,4,20,Thursday,15,40,275,7,109
Soyuz U | Cosmos 1004,RVSN USSR,Soyuz U,Launch Successful,1978-05-05 15:30:00+00:00,"Site 43/3, Plesetsk Cosmodrome, Russia",Unknown,1978,5,5,Friday,15,40,275,7,108
Vostok-2M | Cosmos 1005,RVSN USSR,Vostok-2M,Launch Successful,1978-05-12 04:07:00+00:00,"Site 43/4, Plesetsk Cosmodrome, Russia",Unknown,1978,5,12,Friday,4,40,334,7,109
Cosmos-3M (11K65M) | Cosmos 1006,RVSN USSR,Cosmos-3M (11K65M),Launch Successful,1978-05-12 11:00:00+00:00,"Site 132/1, Plesetsk Cosmodrome, Russia",Unknown,1978,5,12,Friday,11,40,81,7,88
Atlas-E/F SGS-1 | GPS-2,General Dynamics,Atlas-E/F SGS-1,Launch Successful,1978-05-13 10:34:00+00:00,"SLC-3E, Vandenberg AFB, California, USA",Navigation,1978,5,13,Saturday,10,17,52,5,67
Soyuz U | Cosmos 1007,RVSN USSR,Soyuz U,Launch Successful,1978-05-16 10:40:00+00:00,"Site 43/3, Plesetsk Cosmodrome, Russia",Unknown,1978,5,16,Tuesday,10,40,275,7,108
Cosmos-3M (11K65M) | Cosmos 1008,RVSN USSR,Cosmos-3M (11K65M),Launch Successful,1978-05-17 14:39:00+00:00,"Site 132/1, Plesetsk Cosmodrome, Russia",Unknown,1978,5,17,Wednesday,14,40,81,7,88
Tsyklon-2 | Cosmos 1009,RVSN USSR,Tsyklon-2,Launch Successful,1978-05-19 00:21:00+00:00,"Site 90/19, Baikonur Cosmodrome, Kazakhstan",Unknown,1978,5,19,Friday,0,40,321,7,116
Atlas-SLV3D Centaur-D1AR | Pioneer Venus Orbiter,General Dynamics,Atlas-SLV3D Centaur-D1AR,Launch Successful,1978-05-20 13:13:00+00:00,"SLC-36A, Cape Canaveral AFS, Florida, USA",Unknown,1978,5,20,Saturday,13,17,72,7,64
Soyuz U | Cosmos 1010,RVSN USSR,Soyuz U,Launch Successful,1978-05-23 07:30:00+00:00,"Site 43/4, Plesetsk Cosmodrome, Russia",Unknown,1978,5,23,Tuesday,7,40,275,7,109
Cosmos-3M (11K65M) | Cosmos 1011,RVSN USSR,Cosmos-3M (11K65M),Launch Successful,1978-05-23 16:57:00+00:00,"Site 132/1, Plesetsk Cosmodrome, Russia",Unknown,1978,5,23,Tuesday,16,40,81,7,88
Molniya-M /Block ML | Molniya-1 n†­74,RVSN USSR,Molniya-M /Block ML,Launch Successful,1978-06-02 12:12:00+00:00,"Site 43/3, Plesetsk Cosmodrome, Russia",Unknown,1978,6,2,Friday,12,40,197,7,108
Cosmos-3M (11K65M) | Cosmos 1013 to 1020,RVSN USSR,Cosmos-3M (11K65M),Launch Successful,1978-06-07 22:00:00+00:00,"Site 132/1, Plesetsk Cosmodrome, Russia",Unknown,1978,6,7,Wednesday,22,40,81,7,88
Soyuz U | Cosmos 1021,RVSN USSR,Soyuz U,Launch Successful,1978-06-10 08:35:00+00:00,"Site 31/6, Baikonur Cosmodrome, Kazakhstan",Unknown,1978,6,10,Saturday,8,40,275,7,101
Titan III(23)C | OPS-9454 (vortex),Martin Marietta,Titan III(23)C,Launch Successful,1978-06-10 19:08:00+00:00,"SLC-40, Cape Canaveral AFS, Florida, USA",Unknown,1978,6,10,Saturday,19,34,301,7,69
Soyuz U | Cosmos 1022,RVSN USSR,Soyuz U,Launch Successful,1978-06-12 10:30:00+00:00,"Site 43/3, Plesetsk Cosmodrome, Russia",Unknown,1978,6,12,Monday,10,40,275,7,108
Titan IIID | KH-11,Martin Marietta,Titan IIID,Launch Successful,1978-06-14 18:28:00+00:00,"SLC-4E, Vandenberg AFB, California, USA",Unknown,1978,6,14,Wednesday,18,34,307,7,72
Cosmos-3M (11K65M) | Cosmos 1023,RVSN USSR,Cosmos-3M (11K65M),Launch Successful,1978-06-21 09:27:00+00:00,"Site 132/1, Plesetsk Cosmodrome, Russia",Unknown,1978,6,21,Wednesday,9,40,81,7,88
Atlas-E/F Agena D | Seasat,General Dynamics,Atlas-E/F Agena D,Launch Successful,1978-06-27 01:12:00+00:00,"SLC-3W, Vandenberg AFB, California, USA",Unknown,1978,6,27,Tuesday,1,17,45,7,68
Molniya-M /Block 2BL | Cosmos 1024,RVSN USSR,Molniya-M /Block 2BL,Launch Successful,1978-06-28 02:58:00+00:00,"Site 43/3, Plesetsk Cosmodrome, Russia",Unknown,1978,6,28,Wednesday,2,40,195,7,108
Tsyklon-3 | Cosmos 1025,RVSN USSR,Tsyklon-3,Launch Successful,1978-06-28 17:35:00+00:00,"Site 32/2, Plesetsk Cosmodrome, Russia",Unknown,1978,6,28,Wednesday,17,40,323,7,103
Atlas-SLV3D Centaur-D1AR | Comstar D3,General Dynamics,Atlas-SLV3D Centaur-D1AR,Launch Successful,1978-06-29 22:24:00+00:00,"SLC-36B, Cape Canaveral AFS, Florida, USA",Unknown,1978,6,29,Thursday,22,17,72,7,65
Molniya-M /Block ML | Molniya-1 n†­75,RVSN USSR,Molniya-M /Block ML,Launch Successful,1978-07-14 15:00:00+00:00,"Site 43/4, Plesetsk Cosmodrome, Russia",Unknown,1978,7,14,Friday,15,40,197,7,109
Cosmos-3M (11K65M) | Cosmos 1027,RVSN USSR,Cosmos-3M (11K65M),Launch Successful,1978-07-27 04:49:00+00:00,"Site 132/2, Plesetsk Cosmodrome, Russia",Unknown,1978,7,27,Thursday,4,40,81,7,89
Soyuz U | Cosmos 1028,RVSN USSR,Soyuz U,Launch Successful,1978-08-05 15:00:00+00:00,"Site 43/3, Plesetsk Cosmodrome, Russia",Unknown,1978,8,5,Saturday,15,40,275,7,108
Atlas-SLV3D Centaur-D1AR | Pioneer Venus Multiprobe,General Dynamics,Atlas-SLV3D Centaur-D1AR,Launch Successful,1978-08-08 07:33:00+00:00,"SLC-36A, Cape Canaveral AFS, Florida, USA",Unknown,1978,8,8,Tuesday,7,17,72,7,64
Molniya-M /Block ML | Molniya-1 n†­76,RVSN USSR,Molniya-M /Block ML,Launch Successful,1978-08-22 23:47:00+00:00,"Site 43/4, Plesetsk Cosmodrome, Russia",Unknown,1978,8,22,Tuesday,23,40,197,7,109
Soyuz U | Cosmos 1029,RVSN USSR,Soyuz U,Launch Successful,1978-08-29 15:00:00+00:00,"Site 43/4, Plesetsk Cosmodrome, Russia",Unknown,1978,8,29,Tuesday,15,40,275,7,109
Molniya-M /Block 2BL | Cosmos 1030,RVSN USSR,Molniya-M /Block 2BL,Launch Successful,1978-09-06 03:04:00+00:00,"Site 43/4, Plesetsk Cosmodrome, Russia",Unknown,1978,9,6,Wednesday,3,40,195,7,109
Soyuz U | Cosmos 1031,RVSN USSR,Soyuz U,Launch Successful,1978-09-09 15:00:00+00:00,"Site 41/1, Plesetsk Cosmodrome, Russia",Unknown,1978,9,9,Saturday,15,40,275,7,106
Mu-III H | Jikiken,ISAS,Mu-III H,Launch Successful,1978-09-16 05:00:00+00:00,"Mu Pad, Uchinoura Space Center, Japan",Unknown,1978,9,16,Saturday,5,22,202,7,48
Soyuz U | Cosmos 1032,RVSN USSR,Soyuz U,Launch Successful,1978-09-19 08:05:00+00:00,"Site 43/3, Plesetsk Cosmodrome, Russia",Unknown,1978,9,19,Tuesday,8,40,275,7,108
Soyuz U | Cosmos 1033,RVSN USSR,Soyuz U,Launch Successful,1978-10-03 11:00:00+00:00,"Site 43/3, Plesetsk Cosmodrome, Russia",Unknown,1978,10,3,Tuesday,11,40,275,7,108
Cosmos-3M (11K65M) | Cosmos 1034 to 1041,RVSN USSR,Cosmos-3M (11K65M),Launch Successful,1978-10-04 03:49:00+00:00,"Site 132/1, Plesetsk Cosmodrome, Russia",Unknown,1978,10,4,Wednesday,3,40,81,7,88
Soyuz U | Cosmos 1042,RVSN USSR,Soyuz U,Launch Successful,1978-10-06 15:30:00+00:00,"Site 43/3, Plesetsk Cosmodrome, Russia",Unknown,1978,10,6,Friday,15,40,275,7,108
Atlas-E/F SGS-1 | GPS-3,General Dynamics,Atlas-E/F SGS-1,Launch Successful,1978-10-07 00:28:00+00:00,"SLC-3E, Vandenberg AFB, California, USA",Navigation,1978,10,7,Saturday,0,17,52,5,67
Vostok-2M | Cosmos 1043,RVSN USSR,Vostok-2M,Launch Successful,1978-10-10 19:44:00+00:00,"Site 43/4, Plesetsk Cosmodrome, Russia",Unknown,1978,10,10,Tuesday,19,40,334,7,109
Molniya-M /Block ML | Molniya-3 n†­77,RVSN USSR,Molniya-M /Block ML,Launch Successful,1978-10-13 05:19:00+00:00,"Site 43/3, Plesetsk Cosmodrome, Russia",Unknown,1978,10,13,Friday,5,40,197,7,108
Atlas-E/F Star-37S-ISS | Tiros-N,General Dynamics,Atlas-E/F Star-37S-ISS,Launch Successful,1978-10-13 11:23:00+00:00,"SLC-3W, Vandenberg AFB, California, USA",Unknown,1978,10,13,Friday,11,17,55,7,68
Soyuz U | Cosmos 1044,RVSN USSR,Soyuz U,Launch Successful,1978-10-17 15:00:00+00:00,"Site 43/4, Plesetsk Cosmodrome, Russia",Unknown,1978,10,17,Tuesday,15,40,275,7,109
Tsyklon-3 | Cosmos 1045 & Radio 1 and 2,RVSN USSR,Tsyklon-3,Launch Successful,1978-10-26 07:00:00+00:00,"Site 32/2, Plesetsk Cosmodrome, Russia",Unknown,1978,10,26,Thursday,7,40,323,7,103
Soyuz U | Cosmos 1046,RVSN USSR,Soyuz U,Launch Successful,1978-11-01 12:00:00+00:00,"Site 41/1, Plesetsk Cosmodrome, Russia",Unknown,1978,11,1,Wednesday,12,40,275,7,106
Atlas-SLV3D Centaur-D1AR | HEAO-2,General Dynamics,Atlas-SLV3D Centaur-D1AR,Launch Successful,1978-11-13 05:24:00+00:00,"SLC-36B, Cape Canaveral AFS, Florida, USA",Unknown,1978,11,13,Monday,5,17,72,7,65
Soyuz U | Cosmos 1047,RVSN USSR,Soyuz U,Launch Successful,1978-11-15 11:45:00+00:00,"Site 41/1, Plesetsk Cosmodrome, Russia",Unknown,1978,11,15,Wednesday,11,40,275,7,106
Cosmos-3M (11K65M) | Cosmos 1048,RVSN USSR,Cosmos-3M (11K65M),Launch Successful,1978-11-16 21:45:00+00:00,"Site 132/2, Plesetsk Cosmodrome, Russia",Unknown,1978,11,16,Thursday,21,40,81,7,89
Soyuz U | Cosmos 1049,RVSN USSR,Soyuz U,Launch Successful,1978-11-21 12:00:00+00:00,"Site 43/4, Plesetsk Cosmodrome, Russia",Unknown,1978,11,21,Tuesday,12,40,275,7,109
Soyuz U | Cosmos 1050,RVSN USSR,Soyuz U,Launch Successful,1978-11-28 16:20:00+00:00,"Site 43/4, Plesetsk Cosmodrome, Russia",Unknown,1978,11,28,Tuesday,16,40,275,7,109
Cosmos-3M (11K65M) | Cosmos 1051 to 1058,RVSN USSR,Cosmos-3M (11K65M),Launch Successful,1978-12-05 18:12:00+00:00,"Site 132/2, Plesetsk Cosmodrome, Russia",Unknown,1978,12,5,Tuesday,18,40,81,7,89
Soyuz U | Cosmos 1059,RVSN USSR,Soyuz U,Launch Successful,1978-12-07 15:30:00+00:00,"Site 41/1, Plesetsk Cosmodrome, Russia",Unknown,1978,12,7,Thursday,15,40,275,7,106
Soyuz U | Cosmos 1060,RVSN USSR,Soyuz U,Launch Successful,1978-12-08 09:30:00+00:00,"Site 31/6, Baikonur Cosmodrome, Kazakhstan",Unknown,1978,12,8,Friday,9,40,275,7,101
Atlas-E/F SGS-1 | GPS-4,General Dynamics,Atlas-E/F SGS-1,Launch Successful,1978-12-11 03:59:00+00:00,"SLC-3E, Vandenberg AFB, California, USA",Navigation,1978,12,11,Monday,3,17,52,5,67
Titan III(23)C | DSCS-II 11&12,Martin Marietta,Titan III(23)C,Launch Successful,1978-12-14 00:40:00+00:00,"SLC-40, Cape Canaveral AFS, Florida, USA",Unknown,1978,12,14,Thursday,0,34,301,7,69
Soyuz U | Cosmos 1061,RVSN USSR,Soyuz U,Launch Successful,1978-12-14 15:20:00+00:00,"Site 43/4, Plesetsk Cosmodrome, Russia",Unknown,1978,12,14,Thursday,15,40,275,7,109
Cosmos-3M (11K65M) | Cosmos 1062,RVSN USSR,Cosmos-3M (11K65M),Launch Successful,1978-12-15 13:19:00+00:00,"Site 132/2, Plesetsk Cosmodrome, Russia",Unknown,1978,12,15,Friday,13,40,81,7,89
Vostok-2M | Cosmos 1063,RVSN USSR,Vostok-2M,Launch Successful,1978-12-19 01:35:00+00:00,"Site 43/4, Plesetsk Cosmodrome, Russia",Unknown,1978,12,19,Tuesday,1,40,334,7,109
Cosmos-3M (11K65M) | Cosmos 1064,RVSN USSR,Cosmos-3M (11K65M),Partial Failure,1978-12-20 20:43:00+00:00,"Site 132/1, Plesetsk Cosmodrome, Russia",Unknown,1978,12,20,Wednesday,20,40,81,7,88
Cosmos-3M (11K65M) | Cosmos 1065,RVSN USSR,Cosmos-3M (11K65M),Launch Successful,1978-12-22 22:00:00+00:00,"Site 107/1, Kapustin Yar, Russia",Unknown,1978,12,22,Friday,22,40,81,7,84
Cosmos-3M (11K65M) | Cosmos 1067,RVSN USSR,Cosmos-3M (11K65M),Launch Successful,1978-12-26 13:30:00+00:00,"Site 132/2, Plesetsk Cosmodrome, Russia",Unknown,1978,12,26,Tuesday,13,40,81,7,89
Soyuz U | Cosmos 1068,RVSN USSR,Soyuz U,Partial Failure,1978-12-26 15:30:00+00:00,"Site 43/4, Plesetsk Cosmodrome, Russia",Unknown,1978,12,26,Tuesday,15,40,275,7,109
Soyuz U | Cosmos 1069,RVSN USSR,Soyuz U,Launch Successful,1978-12-28 16:30:00+00:00,"Site 41/1, Plesetsk Cosmodrome, Russia",Unknown,1978,12,28,Thursday,16,40,275,7,106
Cosmos-3M (11K65M) | Cosmos 1072,RVSN USSR,Cosmos-3M (11K65M),Launch Successful,1979-01-16 17:37:00+00:00,"Site 132/1, Plesetsk Cosmodrome, Russia",Unknown,1979,1,16,Tuesday,17,40,81,7,88
Molniya-M /Block ML | Molniya-3 n†­78,RVSN USSR,Molniya-M /Block ML,Launch Successful,1979-01-18 15:42:00+00:00,"Site 43/4, Plesetsk Cosmodrome, Russia",Unknown,1979,1,18,Thursday,15,40,197,7,109
Vostok-2M | Meteor-Priroda n†­3,RVSN USSR,Vostok-2M,Launch Successful,1979-01-25 05:43:00+00:00,"Site 31/6, Baikonur Cosmodrome, Kazakhstan",Unknown,1979,1,25,Thursday,5,40,334,7,101
N-I Star-37E | Ayame 1,MHI,N-I Star-37E,Partial Failure,1979-02-06 08:46:00+00:00,"LA-Y1, Tanegashima Space Center, Japan",Unknown,1979,2,6,Tuesday,8,32,209,7,17
Cosmos-3M (11K65M) | Cosmos 1075,RVSN USSR,Cosmos-3M (11K65M),Launch Successful,1979-02-08 10:00:00+00:00,"Site 132/2, Plesetsk Cosmodrome, Russia",Unknown,1979,2,8,Thursday,10,40,81,7,89
Tsyklon-3 | Cosmos 1076,RVSN USSR,Tsyklon-3,Launch Successful,1979-02-12 13:00:00+00:00,"Site 32/2, Plesetsk Cosmodrome, Russia",Unknown,1979,2,12,Monday,13,40,323,7,103
Vostok-2M | Cosmos 1077,RVSN USSR,Vostok-2M,Launch Successful,1979-02-13 21:41:00+00:00,"Site 43/4, Plesetsk Cosmodrome, Russia",Unknown,1979,2,13,Tuesday,21,40,334,7,109
Atlas-E/F OIS | Solwind,General Dynamics,Atlas-E/F OIS,Launch Successful,1979-02-24 08:20:00+00:00,"SLC-3W, Vandenberg AFB, California, USA",Unknown,1979,2,24,Saturday,8,17,49,7,68
Vostok-2M | Meteor-2 n†­5,RVSN USSR,Vostok-2M,Launch Successful,1979-03-01 18:45:00+00:00,"Site 43/4, Plesetsk Cosmodrome, Russia",Unknown,1979,3,1,Thursday,18,40,334,7,109
Cosmos-3M (11K65M) | Cosmos 1081 to 1088,RVSN USSR,Cosmos-3M (11K65M),Launch Successful,1979-03-15 02:58:00+00:00,"Site 132/2, Plesetsk Cosmodrome, Russia",Unknown,1979,3,15,Thursday,2,40,81,7,89
Titan IIID | KH-9 & SSF-D-3,Martin Marietta,Titan IIID,Launch Successful,1979-03-16 18:30:00+00:00,"SLC-4E, Vandenberg AFB, California, USA",Unknown,1979,3,16,Friday,18,34,307,7,72
Cosmos-3M (11K65M) | Cosmos 1089,RVSN USSR,Cosmos-3M (11K65M),Launch Successful,1979-03-21 04:13:00+00:00,"Site 132/2, Plesetsk Cosmodrome, Russia",Unknown,1979,3,21,Wednesday,4,40,81,7,89
Cosmos-3M (11K65M) | Cosmos 1091,RVSN USSR,Cosmos-3M (11K65M),Launch Successful,1979-04-07 06:20:00+00:00,"Site 132/1, Plesetsk Cosmodrome, Russia",Unknown,1979,4,7,Saturday,6,40,81,7,88
Cosmos-3M (11K65M) | Cosmos 1092,RVSN USSR,Cosmos-3M (11K65M),Launch Successful,1979-04-11 21:51:00+00:00,"Site 132/1, Plesetsk Cosmodrome, Russia",Unknown,1979,4,11,Wednesday,21,40,81,7,88
Molniya-M /Block ML | Molniya-1 n†­79,RVSN USSR,Molniya-M /Block ML,Launch Successful,1979-04-12 00:28:00+00:00,"Site 41/1, Plesetsk Cosmodrome, Russia",Unknown,1979,4,12,Thursday,0,40,197,7,106
Vostok-2M | Cosmos 1093,RVSN USSR,Vostok-2M,Launch Successful,1979-04-14 05:27:00+00:00,"Site 43/3, Plesetsk Cosmodrome, Russia",Unknown,1979,4,14,Saturday,5,40,334,7,108
Tsyklon-2 | Cosmos 1094,RVSN USSR,Tsyklon-2,Launch Successful,1979-04-18 12:00:00+00:00,"Site 90/19, Baikonur Cosmodrome, Kazakhstan",Unknown,1979,4,18,Wednesday,12,40,321,7,116
Tsyklon-2 | Cosmos 1096,RVSN USSR,Tsyklon-2,Launch Successful,1979-04-25 10:00:00+00:00,"Site 90/19, Baikonur Cosmodrome, Kazakhstan",Unknown,1979,4,25,Wednesday,10,40,321,7,116
Atlas-SLV3D Centaur-D1AR | FLTSATCOM-2,General Dynamics,Atlas-SLV3D Centaur-D1AR,Launch Successful,1979-05-04 18:57:00+00:00,"SLC-36A, Cape Canaveral AFS, Florida, USA",Unknown,1979,5,4,Friday,18,17,72,7,64
Titan III(24)B | OPS 7164,US Air Force,Titan III(24)B,Launch Successful,1979-05-28 18:14:00+00:00,"SLC-4W, Vandenberg AFB, California, USA",Unknown,1979,5,28,Monday,18,48,302,7,73
Cosmos-3M (11K65M) | Cosmos 1104,RVSN USSR,Cosmos-3M (11K65M),Launch Successful,1979-05-31 17:58:00+00:00,"Site 132/1, Plesetsk Cosmodrome, Russia",Unknown,1979,5,31,Thursday,17,40,81,7,88
Molniya-M /Block ML | Molniya-3 n†­80,RVSN USSR,Molniya-M /Block ML,Launch Successful,1979-06-05 23:28:00+00:00,"Site 43/4, Plesetsk Cosmodrome, Russia",Unknown,1979,6,5,Tuesday,23,40,197,7,109
Titan III(23)C | DSP-8,Martin Marietta,Titan III(23)C,Launch Successful,1979-06-10 13:30:00+00:00,"SLC-40, Cape Canaveral AFS, Florida, USA",Unknown,1979,6,10,Sunday,13,34,301,7,69
Atlas-E/F Star-37S-ISS | NOAA-A,General Dynamics,Atlas-E/F Star-37S-ISS,Launch Successful,1979-06-27 15:51:00+00:00,"SLC-3W, Vandenberg AFB, California, USA",Unknown,1979,6,27,Wednesday,15,17,55,7,68
Molniya-M /Block 2BL | Cosmos 1109,RVSN USSR,Molniya-M /Block 2BL,Launch Successful,1979-06-27 18:11:00+00:00,"Site 41/1, Plesetsk Cosmodrome, Russia",Unknown,1979,6,27,Wednesday,18,40,195,7,106
Cosmos-3M (11K65M) | Cosmos 1110,RVSN USSR,Cosmos-3M (11K65M),Launch Successful,1979-06-28 20:09:00+00:00,"Site 132/1, Plesetsk Cosmodrome, Russia",Unknown,1979,6,28,Thursday,20,40,81,7,88
Cosmos-3M (11K65M) | Cosmos 1112,RVSN USSR,Cosmos-3M (11K65M),Launch Successful,1979-07-06 08:20:00+00:00,"Site 107/1, Kapustin Yar, Russia",Unknown,1979,7,6,Friday,8,40,81,7,84
Cosmos-3M (11K65M) | Cosmos 1114,RVSN USSR,Cosmos-3M (11K65M),Launch Successful,1979-07-11 15:41:00+00:00,"Site 132/1, Plesetsk Cosmodrome, Russia",Unknown,1979,7,11,Wednesday,15,40,81,7,88
Vostok-2M | Cosmos 1116,RVSN USSR,Vostok-2M,Launch Successful,1979-07-20 11:58:00+00:00,"Site 43/4, Plesetsk Cosmodrome, Russia",Unknown,1979,7,20,Friday,11,40,334,7,109
Feng Bao 1 | Shijian 2A,CASC,Feng Bao 1,Launch Failure,1979-07-27 21:28:00+00:00,"Site 138 (LA-2B), Jiuquan Satellite Launch Center, China",Unknown,1979,7,27,Friday,21,7,135,7,91
Molniya-M /Block ML | Molniya-1 n†­81,RVSN USSR,Molniya-M /Block ML,Launch Successful,1979-07-31 03:56:00+00:00,"Site 43/3, Plesetsk Cosmodrome, Russia",Unknown,1979,7,31,Tuesday,3,40,197,7,108
SLV-3 | Rohini Technology Payload,ISRO,SLV-3,Launch Failure,1979-08-10 02:28:00+00:00,"SLV LP, Satish Dhawan Space Centre, India",Unknown,1979,8,10,Friday,2,23,236,7,79
Molniya-M /Block 2BL | Cosmos 1124,RVSN USSR,Molniya-M /Block 2BL,Launch Successful,1979-08-28 00:17:00+00:00,"Site 43/4, Plesetsk Cosmodrome, Russia",Unknown,1979,8,28,Tuesday,0,40,195,7,109
Cosmos-3M (11K65M) | Cosmos 1125,RVSN USSR,Cosmos-3M (11K65M),Launch Successful,1979-08-28 00:55:00+00:00,"Site 132/1, Plesetsk Cosmodrome, Russia",Unknown,1979,8,28,Tuesday,0,40,81,7,88
Atlas-SLV3D Centaur-D1AR | HEAO-3,General Dynamics,Atlas-SLV3D Centaur-D1AR,Launch Successful,1979-09-20 05:28:00+00:00,"SLC-36B, Cape Canaveral AFS, Florida, USA",Unknown,1979,9,20,Thursday,5,17,72,7,65
Cosmos-3M (11K65M) | Cosmos 1130 to 1137,RVSN USSR,Cosmos-3M (11K65M),Launch Successful,1979-09-25 21:00:00+00:00,"Site 132/2, Plesetsk Cosmodrome, Russia",Unknown,1979,9,25,Tuesday,21,40,81,7,89
Titan III(23)C | OPS-1948 (Vortex),Martin Marietta,Titan III(23)C,Launch Successful,1979-10-01 11:22:00+00:00,"SLC-40, Cape Canaveral AFS, Florida, USA",Unknown,1979,10,1,Monday,11,34,301,7,69
Cosmos-3M (11K65M) | Cosmos 1140,RVSN USSR,Cosmos-3M (11K65M),Launch Successful,1979-10-11 16:36:00+00:00,"Site 132/2, Plesetsk Cosmodrome, Russia",Unknown,1979,10,11,Thursday,16,40,81,7,89
Cosmos-3M (11K65M) | Cosmos 1141,RVSN USSR,Cosmos-3M (11K65M),Launch Successful,1979-10-16 12:17:00+00:00,"Site 132/2, Plesetsk Cosmodrome, Russia",Unknown,1979,10,16,Tuesday,12,40,81,7,89
Molniya-M /Block ML | Molniya-1 n†­82,RVSN USSR,Molniya-M /Block ML,Launch Successful,1979-10-20 07:03:00+00:00,"Site 41/1, Plesetsk Cosmodrome, Russia",Unknown,1979,10,20,Saturday,7,40,197,7,106
Vostok-2M | Cosmos 1143,RVSN USSR,Vostok-2M,Launch Successful,1979-10-26 18:12:00+00:00,"Site 43/4, Plesetsk Cosmodrome, Russia",Unknown,1979,10,26,Friday,18,40,334,7,109
Vostok-2M | Meteor-2 n†­6,RVSN USSR,Vostok-2M,Launch Successful,1979-10-31 09:25:00+00:00,"Site 43/4, Plesetsk Cosmodrome, Russia",Unknown,1979,10,31,Wednesday,9,40,334,7,109
Titan III(23)C | DSCS-II 13&14,Martin Marietta,Titan III(23)C,Launch Successful,1979-11-21 02:09:00+00:00,"SLC-40, Cape Canaveral AFS, Florida, USA",Unknown,1979,11,21,Wednesday,2,34,301,7,69
Vostok-2M | Cosmos 1145,RVSN USSR,Vostok-2M,Launch Successful,1979-11-27 09:55:00+00:00,"Site 43/4, Plesetsk Cosmodrome, Russia",Unknown,1979,11,27,Tuesday,9,40,334,7,109
Cosmos-3M (11K65M) | Cosmos 1146,RVSN USSR,Cosmos-3M (11K65M),Launch Successful,1979-12-05 09:00:00+00:00,"Site 132/2, Plesetsk Cosmodrome, Russia",Unknown,1979,12,5,Wednesday,9,40,81,7,89
Ariane 1 | CAT-1,ESA,Ariane 1,Launch Successful,1979-12-24 17:14:00+00:00,"ELV-1 (SLV), Guiana Space Centre, French Guiana, France",Unknown,1979,12,24,Monday,17,13,9,7,8
Molniya-M /Block ML | Molniya-1 n†­83,RVSN USSR,Molniya-M /Block ML,Launch Successful,1980-01-11 12:28:00+00:00,"Site 41/1, Plesetsk Cosmodrome, Russia",Unknown,1980,1,11,Friday,12,40,197,7,106
Cosmos-3M (11K65M) | Cosmos 1150,RVSN USSR,Cosmos-3M (11K65M),Launch Successful,1980-01-14 19:49:00+00:00,"Site 132/2, Plesetsk Cosmodrome, Russia",Unknown,1980,1,14,Monday,19,40,81,7,89
Atlas-SLV3D Centaur-D1AR | FLTSATCOM-3,General Dynamics,Atlas-SLV3D Centaur-D1AR,Launch Successful,1980-01-18 01:26:00+00:00,"SLC-36A, Cape Canaveral AFS, Florida, USA",Unknown,1980,1,18,Friday,1,17,72,7,64
Tsyklon-3 | Cosmos 1151,RVSN USSR,Tsyklon-3,Launch Successful,1980-01-23 07:00:00+00:00,"Site 32/1, Plesetsk Cosmodrome, Russia",Unknown,1980,1,23,Wednesday,7,40,323,7,102
Cosmos-3M (11K65M) | Cosmos 1153,RVSN USSR,Cosmos-3M (11K65M),Launch Successful,1980-01-25 20:36:00+00:00,"Site 132/2, Plesetsk Cosmodrome, Russia",Unknown,1980,1,25,Friday,20,40,81,7,89
Vostok-2M | Cosmos 1154,RVSN USSR,Vostok-2M,Launch Successful,1980-01-30 12:51:00+00:00,"Site 43/4, Plesetsk Cosmodrome, Russia",Unknown,1980,1,30,Wednesday,12,40,334,7,109
Titan IIID | KH-11,Martin Marietta,Titan IIID,Launch Successful,1980-02-07 21:10:00+00:00,"SLC-4E, Vandenberg AFB, California, USA",Unknown,1980,2,7,Thursday,21,34,307,7,72
Atlas-E/F SGS-1 | GPS-5,General Dynamics,Atlas-E/F SGS-1,Launch Successful,1980-02-09 23:08:00+00:00,"SLC-3E, Vandenberg AFB, California, USA",Navigation,1980,2,9,Saturday,23,17,52,5,67
Cosmos-3M (11K65M) | Cosmos 1156 to 1163,RVSN USSR,Cosmos-3M (11K65M),Launch Successful,1980-02-11 23:32:00+00:00,"Site 132/2, Plesetsk Cosmodrome, Russia",Unknown,1980,2,11,Monday,23,40,81,7,89
Molniya-M /Block 2BL | Cosmos 1164,RVSN USSR,Molniya-M /Block 2BL,Partial Failure,1980-02-12 00:52:00+00:00,"Site 43/4, Plesetsk Cosmodrome, Russia",Unknown,1980,2,12,Tuesday,0,40,195,7,109
Mu-III S | Tansei 4,ISAS,Mu-III S,Launch Successful,1980-02-17 00:40:00+00:00,"Mu Pad, Uchinoura Space Center, Japan",Unknown,1980,2,17,Sunday,0,22,203,7,48
N-I Star-37E | Ayame 2,MHI,N-I Star-37E,Launch Successful,1980-02-22 08:35:00+00:00,"LA-Y1, Tanegashima Space Center, Japan",Unknown,1980,2,22,Friday,8,32,209,7,17
Atlas-E/F MSD | NOSS-3,General Dynamics,Atlas-E/F MSD,Launch Successful,1980-03-03 09:27:00+00:00,"SLC-3W, Vandenberg AFB, California, USA",Unknown,1980,3,3,Monday,9,17,48,7,68
Tsyklon-2 | Cosmos 1167,RVSN USSR,Tsyklon-2,Launch Successful,1980-03-14 10:40:00+00:00,"Site 90/20, Baikonur Cosmodrome, Kazakhstan",Unknown,1980,3,14,Friday,10,40,321,7,117
Cosmos-3M (11K65M) | Cosmos 1168,RVSN USSR,Cosmos-3M (11K65M),Launch Successful,1980-03-17 21:37:00+00:00,"Site 132/1, Plesetsk Cosmodrome, Russia",Unknown,1980,3,17,Monday,21,40,81,7,88
Cosmos-3M (11K65M) | Cosmos 1169,RVSN USSR,Cosmos-3M (11K65M),Launch Successful,1980-03-27 07:30:00+00:00,"Site 132/1, Plesetsk Cosmodrome, Russia",Unknown,1980,3,27,Thursday,7,40,81,7,88
Cosmos-3M (11K65M) | Cosmos 1171,RVSN USSR,Cosmos-3M (11K65M),Launch Successful,1980-04-03 07:40:00+00:00,"Site 132/2, Plesetsk Cosmodrome, Russia",Unknown,1980,4,3,Thursday,7,40,81,7,89
Molniya-M /Block 2BL | Cosmos 1172,RVSN USSR,Molniya-M /Block 2BL,Launch Successful,1980-04-12 20:17:00+00:00,"Site 41/1, Plesetsk Cosmodrome, Russia",Unknown,1980,4,12,Saturday,20,40,195,7,106
Tsyklon-2 | Cosmos 1174,RVSN USSR,Tsyklon-2,Launch Successful,1980-04-18 00:51:00+00:00,"Site 90/20, Baikonur Cosmodrome, Kazakhstan",Unknown,1980,4,18,Friday,0,40,321,7,117
Molniya-M /Block ML | Cosmos 1175,RVSN USSR,Molniya-M /Block ML,Partial Failure,1980-04-18 17:31:00+00:00,"Site 41/1, Plesetsk Cosmodrome, Russia",Unknown,1980,4,18,Friday,17,40,197,7,106
Atlas-E/F SGS-1 | GPS-6,General Dynamics,Atlas-E/F SGS-1,Launch Successful,1980-04-26 22:00:00+00:00,"SLC-3E, Vandenberg AFB, California, USA",Navigation,1980,4,26,Saturday,22,17,52,5,67
Tsyklon-2 | Cosmos 1176,RVSN USSR,Tsyklon-2,Launch Successful,1980-04-29 11:40:00+00:00,"Site 90/20, Baikonur Cosmodrome, Kazakhstan",Unknown,1980,4,29,Tuesday,11,40,321,7,117
Cosmos-3M (11K65M) | Cosmos 1179,RVSN USSR,Cosmos-3M (11K65M),Launch Successful,1980-05-14 13:00:00+00:00,"Site 132/1, Plesetsk Cosmodrome, Russia",Unknown,1980,5,14,Wednesday,13,40,81,7,88
Cosmos-3M (11K65M) | Cosmos 1181,RVSN USSR,Cosmos-3M (11K65M),Launch Successful,1980-05-20 09:21:00+00:00,"Site 132/2, Plesetsk Cosmodrome, Russia",Unknown,1980,5,20,Tuesday,9,40,81,7,89
Ariane 1 | CAT-2 & Others,ESA,Ariane 1,Launch Failure,1980-05-23 14:29:00+00:00,"ELV-1 (SLV), Guiana Space Centre, French Guiana, France",Unknown,1980,5,23,Friday,14,13,9,7,8
Atlas-E/F Star-37S-ISS | NOAA-B,General Dynamics,Atlas-E/F Star-37S-ISS,Launch Failure,1980-05-29 10:53:00+00:00,"SLC-3W, Vandenberg AFB, California, USA",Unknown,1980,5,29,Thursday,10,17,55,7,68
Vostok-2M | Cosmos 1184,RVSN USSR,Vostok-2M,Launch Successful,1980-06-04 07:34:00+00:00,"Site 43/3, Plesetsk Cosmodrome, Russia",Unknown,1980,6,4,Wednesday,7,40,334,7,108
Cosmos-3M (11K65M) | Cosmos 1186,RVSN USSR,Cosmos-3M (11K65M),Launch Successful,1980-06-06 11:00:00+00:00,"Site 132/1, Plesetsk Cosmodrome, Russia",Unknown,1980,6,6,Friday,11,40,81,7,88
Molniya-M /Block 2BL | Cosmos 1188,RVSN USSR,Molniya-M /Block 2BL,Launch Successful,1980-06-14 20:51:00+00:00,"Site 43/3, Plesetsk Cosmodrome, Russia",Unknown,1980,6,14,Saturday,20,40,195,7,108
Vostok-2M | Meteor-Priroda n†­4,RVSN USSR,Vostok-2M,Launch Successful,1980-06-18 06:14:00+00:00,"Site 31/6, Baikonur Cosmodrome, Kazakhstan",Unknown,1980,6,18,Wednesday,6,40,334,7,101
Titan IIID | KH-9),Martin Marietta,Titan IIID,Launch Successful,1980-06-18 18:29:00+00:00,"SLC-4E, Vandenberg AFB, California, USA",Unknown,1980,6,18,Wednesday,18,34,307,7,72
Molniya-M /Block ML | Molniya-1 n†­85,RVSN USSR,Molniya-M /Block ML,Launch Successful,1980-06-21 18:34:00+00:00,"Site 41/1, Plesetsk Cosmodrome, Russia",Unknown,1980,6,21,Saturday,18,40,197,7,106
Cosmos-3M (11K65M) | Cosmos 1190,RVSN USSR,Cosmos-3M (11K65M),Launch Successful,1980-07-01 07:12:00+00:00,"Site 132/2, Plesetsk Cosmodrome, Russia",Unknown,1980,7,1,Tuesday,7,40,81,7,89
Molniya-M /Block 2BL | Cosmos 1191,RVSN USSR,Molniya-M /Block 2BL,Launch Successful,1980-07-02 00:53:00+00:00,"Site 41/1, Plesetsk Cosmodrome, Russia",Unknown,1980,7,2,Wednesday,0,40,195,7,106
Cosmos-3M (11K65M) | Cosmos 1192 to 1199,RVSN USSR,Cosmos-3M (11K65M),Launch Successful,1980-07-09 00:42:00+00:00,"Site 132/2, Plesetsk Cosmodrome, Russia",Unknown,1980,7,9,Wednesday,0,40,81,7,89
SLV-3 | Rohini RS-1,ISRO,SLV-3,Launch Successful,1980-07-18 02:33:00+00:00,"SLV LP, Satish Dhawan Space Centre, India",Unknown,1980,7,18,Friday,2,23,236,7,79
Molniya-M /Block ML | Molniya-3 n†­86,RVSN USSR,Molniya-M /Block ML,Launch Successful,1980-07-18 10:37:00+00:00,"Site 43/3, Plesetsk Cosmodrome, Russia",Unknown,1980,7,18,Friday,10,40,197,7,108
Cosmos-3M (11K65M) | Cosmos 1204,RVSN USSR,Cosmos-3M (11K65M),Launch Successful,1980-07-31 10:20:00+00:00,"Site 107/1, Kapustin Yar, Russia",Unknown,1980,7,31,Thursday,10,40,81,7,84
Vostok-2M | Cosmos 1206,RVSN USSR,Vostok-2M,Launch Successful,1980-08-15 05:34:00+00:00,"Site 43/3, Plesetsk Cosmodrome, Russia",Unknown,1980,8,15,Friday,5,40,334,7,108
Vostok-2M | Meteor-2 n†­7,RVSN USSR,Vostok-2M,Launch Successful,1980-09-09 11:00:00+00:00,"Site 43/3, Plesetsk Cosmodrome, Russia",Unknown,1980,9,9,Tuesday,11,40,334,7,108
Cosmos-3M (11K65M) | Cosmos 1215,RVSN USSR,Cosmos-3M (11K65M),Launch Successful,1980-10-14 20:41:00+00:00,"Site 132/1, Plesetsk Cosmodrome, Russia",Unknown,1980,10,14,Tuesday,20,40,81,7,88
Molniya-M /Block 2BL | Cosmos 1217,RVSN USSR,Molniya-M /Block 2BL,Launch Successful,1980-10-24 10:53:00+00:00,"Site 41/1, Plesetsk Cosmodrome, Russia",Unknown,1980,10,24,Friday,10,40,195,7,106
Atlas-SLV3D Centaur-D1AR | FLTSATCOM-4,General Dynamics,Atlas-SLV3D Centaur-D1AR,Launch Successful,1980-10-31 03:54:00+00:00,"SLC-36A, Cape Canaveral AFS, Florida, USA",Unknown,1980,10,31,Friday,3,17,72,7,64
Tsyklon-2 | Cosmos 1220,RVSN USSR,Tsyklon-2,Launch Successful,1980-11-04 15:04:00+00:00,"Site 90/20, Baikonur Cosmodrome, Kazakhstan",Unknown,1980,11,4,Tuesday,15,40,321,7,117
Molniya-M /Block ML | Molniya-1 n†­87,RVSN USSR,Molniya-M /Block ML,Launch Successful,1980-11-16 04:18:00+00:00,"Site 41/1, Plesetsk Cosmodrome, Russia",Unknown,1980,11,16,Sunday,4,40,197,7,106
Vostok-2M | Cosmos 1222,RVSN USSR,Vostok-2M,Launch Successful,1980-11-21 11:53:00+00:00,"Site 43/3, Plesetsk Cosmodrome, Russia",Unknown,1980,11,21,Friday,11,40,334,7,108
Molniya-M /Block 2BL | Cosmos 1223,RVSN USSR,Molniya-M /Block 2BL,Launch Successful,1980-11-27 21:37:00+00:00,"Site 41/1, Plesetsk Cosmodrome, Russia",Unknown,1980,11,27,Thursday,21,40,195,7,106
Cosmos-3M (11K65M) | Cosmos 1225,RVSN USSR,Cosmos-3M (11K65M),Launch Successful,1980-12-05 04:23:00+00:00,"Site 132/1, Plesetsk Cosmodrome, Russia",Unknown,1980,12,5,Friday,4,40,81,7,88
Atlas-SLV3D Centaur-D1AR | Intelsat V -502,General Dynamics,Atlas-SLV3D Centaur-D1AR,Launch Successful,1980-12-06 23:31:00+00:00,"SLC-36B, Cape Canaveral AFS, Florida, USA",Unknown,1980,12,6,Saturday,23,17,72,7,65
Atlas-E/F MSD | NOSS-4,General Dynamics,Atlas-E/F MSD,Launch Failure,1980-12-09 07:18:00+00:00,"SLC-3W, Vandenberg AFB, California, USA",Unknown,1980,12,9,Tuesday,7,17,48,7,68
Cosmos-3M (11K65M) | Cosmos 1226,RVSN USSR,Cosmos-3M (11K65M),Launch Successful,1980-12-10 20:53:00+00:00,"Site 132/1, Plesetsk Cosmodrome, Russia",Unknown,1980,12,10,Wednesday,20,40,81,7,88
Cosmos-3M (11K65M) | Cosmos 1228 to 1235,RVSN USSR,Cosmos-3M (11K65M),Partial Failure,1980-12-23 22:48:00+00:00,"Site 132/1, Plesetsk Cosmodrome, Russia",Unknown,1980,12,23,Tuesday,22,40,81,7,88
Molniya-M /Block ML | Molniya-3 n†­88,RVSN USSR,Molniya-M /Block ML,Launch Successful,1981-01-09 14:57:00+00:00,"Site 41/1, Plesetsk Cosmodrome, Russia",Unknown,1981,1,9,Friday,14,40,197,7,106
Cosmos-3M (11K65M) | Cosmos 1238,RVSN USSR,Cosmos-3M (11K65M),Launch Successful,1981-01-16 09:00:00+00:00,"Site 132/1, Plesetsk Cosmodrome, Russia",Unknown,1981,1,16,Friday,9,40,81,7,88
Cosmos-3M (11K65M) | Cosmos 1241,RVSN USSR,Cosmos-3M (11K65M),Launch Successful,1981-01-21 08:29:00+00:00,"Site 132/1, Plesetsk Cosmodrome, Russia",Unknown,1981,1,21,Wednesday,8,40,81,7,88
Tsyklon-3 | Cosmos 1242,RVSN USSR,Tsyklon-3,Launch Failure,1981-01-23 11:20:00+00:00,"Site 32/1, Plesetsk Cosmodrome, Russia",Unknown,1981,1,23,Friday,11,40,323,7,102
Vostok-2M | Cosmos 1242,RVSN USSR,Vostok-2M,Launch Successful,1981-01-27 14:58:00+00:00,"Site 43/3, Plesetsk Cosmodrome, Russia",Unknown,1981,1,27,Tuesday,14,40,334,7,108
Molniya-M /Block ML | Molniya-1 n†­89,RVSN USSR,Molniya-M /Block ML,Launch Successful,1981-01-30 16:27:00+00:00,"Site 43/3, Plesetsk Cosmodrome, Russia",Unknown,1981,1,30,Friday,16,40,197,7,108
Tsyklon-2 | Cosmos 1243,RVSN USSR,Tsyklon-2,Launch Successful,1981-02-02 02:19:00+00:00,"Site 90/20, Baikonur Cosmodrome, Kazakhstan",Unknown,1981,2,2,Monday,2,40,321,7,117
N-II Star-37E | Kiku 3,MHI,N-II Star-37E,Launch Successful,1981-02-11 08:30:00+00:00,"LA-Y1, Tanegashima Space Center, Japan",Unknown,1981,2,11,Wednesday,8,32,211,7,17
Cosmos-3M (11K65M) | Cosmos 1244,RVSN USSR,Cosmos-3M (11K65M),Launch Successful,1981-02-12 18:21:00+00:00,"Site 132/1, Plesetsk Cosmodrome, Russia",Unknown,1981,2,12,Thursday,18,40,81,7,88
Molniya-M /Block 2BL | Cosmos 1247,RVSN USSR,Molniya-M /Block 2BL,Launch Successful,1981-02-19 10:00:00+00:00,"Site 16/2, Plesetsk Cosmodrome, Russia",Unknown,1981,2,19,Thursday,10,40,195,7,93
Mu-III S | Hinotori,ISAS,Mu-III S,Launch Successful,1981-02-21 00:30:00+00:00,"Mu Pad, Uchinoura Space Center, Japan",Unknown,1981,2,21,Saturday,0,22,203,7,48
Atlas-SLV3D Centaur-D1AR | Comstar D4,General Dynamics,Atlas-SLV3D Centaur-D1AR,Launch Successful,1981-02-21 23:23:00+00:00,"SLC-36A, Cape Canaveral AFS, Florida, USA",Unknown,1981,2,21,Saturday,23,17,72,7,64
Titan III(24)B | OPS 1166,US Air Force,Titan III(24)B,Launch Successful,1981-02-28 19:15:00+00:00,"SLC-4W, Vandenberg AFB, California, USA",Unknown,1981,2,28,Saturday,19,48,302,7,73
Tsyklon-2 | Cosmos 1249,RVSN USSR,Tsyklon-2,Launch Successful,1981-03-05 18:09:00+00:00,"Site 90/19, Baikonur Cosmodrome, Kazakhstan",Unknown,1981,3,5,Thursday,18,40,321,7,116
Cosmos-3M (11K65M) | Cosmos 1250 to 1257,RVSN USSR,Cosmos-3M (11K65M),Launch Successful,1981-03-06 11:31:00+00:00,"Site 132/2, Plesetsk Cosmodrome, Russia",Unknown,1981,3,6,Friday,11,40,81,7,89
Tsyklon-2 | Cosmos 1258,RVSN USSR,Tsyklon-2,Launch Successful,1981-03-14 16:55:00+00:00,"Site 90/20, Baikonur Cosmodrome, Kazakhstan",Unknown,1981,3,14,Saturday,16,40,321,7,117
Titan III(23)C | DSP-9,Martin Marietta,Titan III(23)C,Launch Successful,1981-03-16 13:30:00+00:00,"SLC-40, Cape Canaveral AFS, Florida, USA",Unknown,1981,3,16,Monday,13,34,301,7,69
Tsyklon-2 | Cosmos 1260,RVSN USSR,Tsyklon-2,Launch Successful,1981-03-20 23:45:00+00:00,"Site 90/19, Baikonur Cosmodrome, Kazakhstan",Unknown,1981,3,20,Friday,23,40,321,7,116
Tsyklon-2 | Cosmos 1266,RVSN USSR,Tsyklon-2,Launch Successful,1981-03-21 03:45:00+00:00,"Site 90/20, Baikonur Cosmodrome, Kazakhstan",Unknown,1981,3,21,Saturday,3,40,321,7,117
Molniya-M /Block ML | Molniya-3 n†­90,RVSN USSR,Molniya-M /Block ML,Launch Successful,1981-03-24 03:31:00+00:00,"Site 41/1, Plesetsk Cosmodrome, Russia",Unknown,1981,3,24,Tuesday,3,40,197,7,106
Molniya-M /Block 2BL | Cosmos 1261,RVSN USSR,Molniya-M /Block 2BL,Launch Successful,1981-03-31 09:39:00+00:00,"Site 41/1, Plesetsk Cosmodrome, Russia",Unknown,1981,3,31,Tuesday,9,40,195,7,106
Cosmos-3M (11K65M) | Cosmos 1263,RVSN USSR,Cosmos-3M (11K65M),Launch Successful,1981-04-09 12:00:00+00:00,"Site 132/1, Plesetsk Cosmodrome, Russia",Unknown,1981,4,9,Thursday,12,40,81,7,88
Space Shuttle Columbia | STS-1,NASA,Space Shuttle Columbia,Launch Successful,1981-04-12 12:00:00+00:00,"LC-39A, Kennedy Space Center, Florida, USA",Unknown,1981,4,12,Sunday,12,35,278,7,34
Titan III(34)B Agena-D | Jumpseat 6,Martin Marietta,Titan III(34)B Agena-D,Launch Successful,1981-04-24 21:32:00+00:00,"SLC-4W, Vandenberg AFB, California, USA",Unknown,1981,4,24,Friday,21,34,303,7,73
Cosmos-3M (11K65M) | Cosmos 1269,RVSN USSR,Cosmos-3M (11K65M),Launch Successful,1981-05-07 13:21:00+00:00,"Site 132/1, Plesetsk Cosmodrome, Russia",Unknown,1981,5,7,Thursday,13,40,81,7,88
Vostok-2M | Meteor-2 n†­8,RVSN USSR,Vostok-2M,Launch Successful,1981-05-14 21:45:00+00:00,"Site 43/3, Plesetsk Cosmodrome, Russia",Unknown,1981,5,14,Thursday,21,40,334,7,108
Vostok-2M | Cosmos 1271,RVSN USSR,Vostok-2M,Launch Successful,1981-05-19 03:49:00+00:00,"Site 43/3, Plesetsk Cosmodrome, Russia",Unknown,1981,5,19,Tuesday,3,40,334,7,108
Atlas-SLV3D Centaur-D1AR | Intelsat V -501,General Dynamics,Atlas-SLV3D Centaur-D1AR,Launch Successful,1981-05-23 22:42:00+00:00,"SLC-36B, Cape Canaveral AFS, Florida, USA",Unknown,1981,5,23,Saturday,22,17,72,7,65
SLV-3 | Rohini RS-D1,ISRO,SLV-3,Partial Failure,1981-05-31 05:00:00+00:00,"SLV LP, Satish Dhawan Space Centre, India",Unknown,1981,5,31,Sunday,5,23,236,7,79
Cosmos-3M (11K65M) | Cosmos 1275,RVSN USSR,Cosmos-3M (11K65M),Launch Successful,1981-06-04 15:41:00+00:00,"Site 132/2, Plesetsk Cosmodrome, Russia",Unknown,1981,6,4,Thursday,15,40,81,7,89
Molniya-M /Block ML | Molniya-3 n†­91,RVSN USSR,Molniya-M /Block ML,Launch Successful,1981-06-09 03:33:00+00:00,"Site 41/1, Plesetsk Cosmodrome, Russia",Unknown,1981,6,9,Tuesday,3,40,197,7,106
Ariane 1 | CAT-3 & Others,ESA,Ariane 1,Launch Successful,1981-06-19 12:33:00+00:00,"ELV-1 (SLV), Guiana Space Centre, French Guiana, France",Unknown,1981,6,19,Friday,12,13,9,7,8
Molniya-M /Block 2BL | Cosmos 1278,RVSN USSR,Molniya-M /Block 2BL,Launch Successful,1981-06-19 19:37:00+00:00,"Site 43/3, Plesetsk Cosmodrome, Russia",Unknown,1981,6,19,Friday,19,40,195,7,108
Atlas-E/F Star-37S-ISS | NOAA-C,General Dynamics,Atlas-E/F Star-37S-ISS,Launch Successful,1981-06-23 10:52:00+00:00,"SLC-3W, Vandenberg AFB, California, USA",Unknown,1981,6,23,Tuesday,10,17,55,7,68
Molniya-M /Block ML | Molniya-1 n†­92,RVSN USSR,Molniya-M /Block ML,Launch Successful,1981-06-24 17:47:00+00:00,"Site 43/3, Plesetsk Cosmodrome, Russia",Unknown,1981,6,24,Wednesday,17,40,197,7,108
Vostok-2M | Meteor-Priroda n†­5 & Iskra 1,RVSN USSR,Vostok-2M,Launch Successful,1981-07-10 05:14:00+00:00,"Site 31/6, Baikonur Cosmodrome, Kazakhstan",Unknown,1981,7,10,Friday,5,40,334,7,101
Molniya-M /Block 2BL | Cosmos 1285,RVSN USSR,Molniya-M /Block 2BL,Launch Successful,1981-08-04 00:12:00+00:00,"Site 16/2, Plesetsk Cosmodrome, Russia",Unknown,1981,8,4,Tuesday,0,40,195,7,93
Tsyklon-2 | Cosmos 1286,RVSN USSR,Tsyklon-2,Launch Successful,1981-08-04 08:28:00+00:00,"Site 90/19, Baikonur Cosmodrome, Kazakhstan",Unknown,1981,8,4,Tuesday,8,40,321,7,116
Atlas-SLV3D Centaur-D1AR | FLTSATCOM-5,General Dynamics,Atlas-SLV3D Centaur-D1AR,Partial Failure,1981-08-06 08:16:00+00:00,"SLC-36A, Cape Canaveral AFS, Florida, USA",Unknown,1981,8,6,Thursday,8,17,72,7,64
Cosmos-3M (11K65M) | Cosmos 1287 to 1294,RVSN USSR,Cosmos-3M (11K65M),Launch Successful,1981-08-06 11:49:00+00:00,"Site 132/2, Plesetsk Cosmodrome, Russia",Unknown,1981,8,6,Thursday,11,40,81,7,89
N-II Star-37E | Himawari 2,MHI,N-II Star-37E,Launch Successful,1981-08-10 20:03:00+00:00,"LA-Y1, Tanegashima Space Center, Japan",Unknown,1981,8,10,Monday,20,32,211,7,17
Cosmos-3M (11K65M) | Cosmos 1295,RVSN USSR,Cosmos-3M (11K65M),Launch Successful,1981-08-12 05:46:00+00:00,"Site 132/2, Plesetsk Cosmodrome, Russia",Unknown,1981,8,12,Wednesday,5,40,81,7,89
Tsyklon-2 | Cosmos 1299,RVSN USSR,Tsyklon-2,Launch Successful,1981-08-24 16:37:00+00:00,"Site 90/20, Baikonur Cosmodrome, Kazakhstan",Unknown,1981,8,24,Monday,16,40,321,7,117
Tsyklon-3 | Cosmos 1300,RVSN USSR,Tsyklon-3,Launch Successful,1981-08-24 21:40:00+00:00,"Site 32/1, Plesetsk Cosmodrome, Russia",Unknown,1981,8,24,Monday,21,40,323,7,102
Cosmos-3M (11K65M) | Cosmos 1302,RVSN USSR,Cosmos-3M (11K65M),Launch Successful,1981-08-28 16:18:00+00:00,"Site 132/1, Plesetsk Cosmodrome, Russia",Unknown,1981,8,28,Friday,16,40,81,7,88
Titan IIID | KH-11,Martin Marietta,Titan IIID,Launch Successful,1981-09-03 18:29:00+00:00,"SLC-4E, Vandenberg AFB, California, USA",Unknown,1981,9,3,Thursday,18,34,307,7,72
Molniya-M /Block ML | Cosmos 1305,RVSN USSR,Molniya-M /Block ML,Partial Failure,1981-09-11 08:43:00+00:00,"Site 43/3, Plesetsk Cosmodrome, Russia",Unknown,1981,9,11,Friday,8,40,197,7,108
Tsyklon-2 | Cosmos 1306,RVSN USSR,Tsyklon-2,Launch Successful,1981-09-14 20:31:00+00:00,"Site 90/19, Baikonur Cosmodrome, Kazakhstan",Unknown,1981,9,14,Monday,20,40,321,7,116
Cosmos-3M (11K65M) | Cosmos 1308,RVSN USSR,Cosmos-3M (11K65M),Launch Successful,1981-09-18 03:34:00+00:00,"Site 132/1, Plesetsk Cosmodrome, Russia",Unknown,1981,9,18,Friday,3,40,81,7,88
Feng Bao 1 | Shijian 2,CASC,Feng Bao 1,Launch Successful,1981-09-19 21:28:00+00:00,"Site 138 (LA-2B), Jiuquan Satellite Launch Center, China",Unknown,1981,9,19,Saturday,21,7,135,7,91
Cosmos-3M (11K65M) | Cosmos 1310,RVSN USSR,Cosmos-3M (11K65M),Launch Successful,1981-09-23 08:00:00+00:00,"Site 132/2, Plesetsk Cosmodrome, Russia",Unknown,1981,9,23,Wednesday,8,40,81,7,89
Cosmos-3M (11K65M) | Cosmos 1311,RVSN USSR,Cosmos-3M (11K65M),Launch Successful,1981-09-28 21:00:00+00:00,"Site 132/2, Plesetsk Cosmodrome, Russia",Unknown,1981,9,28,Monday,21,40,81,7,89
Tsyklon-3 | Cosmos 1312,RVSN USSR,Tsyklon-3,Launch Successful,1981-09-30 08:00:00+00:00,"Site 32/1, Plesetsk Cosmodrome, Russia",Unknown,1981,9,30,Wednesday,8,40,323,7,102
Vostok-2M | Cosmos 1315,RVSN USSR,Vostok-2M,Launch Successful,1981-10-13 23:01:00+00:00,"Site 43/3, Plesetsk Cosmodrome, Russia",Unknown,1981,10,13,Tuesday,23,40,334,7,108
Molniya-M /Block ML | Molniya-3 n†­94,RVSN USSR,Molniya-M /Block ML,Launch Successful,1981-10-17 05:59:00+00:00,"Site 41/1, Plesetsk Cosmodrome, Russia",Unknown,1981,10,17,Saturday,5,40,197,7,106
Titan III(23)C | OPS-4029 (Vortex),Martin Marietta,Titan III(23)C,Launch Successful,1981-10-31 09:22:00+00:00,"SLC-40, Cape Canaveral AFS, Florida, USA",Unknown,1981,10,31,Saturday,9,34,301,7,69
Molniya-M /Block 2BL | Cosmos 1317,RVSN USSR,Molniya-M /Block 2BL,Launch Successful,1981-10-31 22:53:00+00:00,"Site 16/2, Plesetsk Cosmodrome, Russia",Unknown,1981,10,31,Saturday,22,40,195,7,93
Space Shuttle Columbia | STS-2,NASA,Space Shuttle Columbia,Launch Successful,1981-11-12 15:09:00+00:00,"LC-39A, Kennedy Space Center, Florida, USA",Unknown,1981,11,12,Thursday,15,35,278,7,34
Molniya-M /Block ML | Molniya-1 n†­95,RVSN USSR,Molniya-M /Block ML,Launch Successful,1981-11-17 15:25:00+00:00,"Site 41/1, Plesetsk Cosmodrome, Russia",Unknown,1981,11,17,Tuesday,15,40,197,7,106
Cosmos-3M (11K65M) | Cosmos 1320 to 1327,RVSN USSR,Cosmos-3M (11K65M),Launch Successful,1981-11-28 18:08:00+00:00,"Site 132/2, Plesetsk Cosmodrome, Russia",Unknown,1981,11,28,Saturday,18,40,81,7,89
Tsyklon-3 | Cosmos 1328,RVSN USSR,Tsyklon-3,Launch Successful,1981-12-03 11:47:00+00:00,"Site 32/1, Plesetsk Cosmodrome, Russia",Unknown,1981,12,3,Thursday,11,40,323,7,102
Cosmos-3M (11K65M) | Cosmos 1304,RVSN USSR,Cosmos-3M (11K65M),Partial Failure,1981-12-04 11:06:00+00:00,"Site 132/1, Plesetsk Cosmodrome, Russia",Unknown,1981,12,4,Friday,11,40,81,7,88
Atlas-SLV3D Centaur-D1AR | Intelsat V -503,General Dynamics,Atlas-SLV3D Centaur-D1AR,Launch Successful,1981-12-15 23:35:00+00:00,"SLC-36B, Cape Canaveral AFS, Florida, USA",Unknown,1981,12,15,Tuesday,23,17,72,7,65
Atlas-E/F SGS-1 | GPS-7,General Dynamics,Atlas-E/F SGS-1,Launch Failure,1981-12-19 01:10:00+00:00,"SLC-3E, Vandenberg AFB, California, USA",Navigation,1981,12,19,Saturday,1,17,52,5,67
Ariane 1 | MARCES-1 & CAT-4,ESA,Ariane 1,Launch Successful,1981-12-20 01:29:00+00:00,"ELV-1 (SLV), Guiana Space Centre, French Guiana, France",Unknown,1981,12,20,Sunday,1,13,9,7,8
Molniya-M /Block ML | Molniya-1 n†­96,RVSN USSR,Molniya-M /Block ML,Launch Successful,1981-12-23 13:15:00+00:00,"Site 1/5, Baikonur Cosmodrome, Kazakhstan",Unknown,1981,12,23,Wednesday,13,40,197,7,83
Cosmos-3M (11K65M) | Cosmos 1331,RVSN USSR,Cosmos-3M (11K65M),Launch Successful,1982-01-07 15:38:00+00:00,"Site 132/2, Plesetsk Cosmodrome, Russia",Unknown,1982,1,7,Thursday,15,40,81,7,89
Cosmos-3M (11K65M) | Cosmos 1333,RVSN USSR,Cosmos-3M (11K65M),Launch Successful,1982-01-14 07:51:00+00:00,"Site 132/2, Plesetsk Cosmodrome, Russia",Unknown,1982,1,14,Thursday,7,40,81,7,89
Titan III(24)B | OPS 2849,US Air Force,Titan III(24)B,Launch Successful,1982-01-21 19:36:00+00:00,"SLC-4W, Vandenberg AFB, California, USA",Unknown,1982,1,21,Thursday,19,48,302,7,73
Cosmos-3M (11K65M) | Cosmos 1335,RVSN USSR,Cosmos-3M (11K65M),Launch Successful,1982-01-29 11:00:00+00:00,"Site 132/1, Plesetsk Cosmodrome, Russia",Unknown,1982,1,29,Friday,11,40,81,7,88
Tsyklon-2 | Cosmos 1337,RVSN USSR,Tsyklon-2,Launch Successful,1982-02-11 01:11:00+00:00,"Site 90/19, Baikonur Cosmodrome, Kazakhstan",Unknown,1982,2,11,Thursday,1,40,321,7,116
Cosmos-3M (11K65M) | Cosmos 1339,RVSN USSR,Cosmos-3M (11K65M),Launch Successful,1982-02-17 21:56:00+00:00,"Site 132/2, Plesetsk Cosmodrome, Russia",Unknown,1982,2,17,Wednesday,21,40,81,7,89
Vostok-2M | Cosmos 1340,RVSN USSR,Vostok-2M,Launch Successful,1982-02-19 01:42:00+00:00,"Site 16/2, Plesetsk Cosmodrome, Russia",Unknown,1982,2,19,Friday,1,40,334,7,93
Molniya-M /Block ML | Molniya-1 n†­97,RVSN USSR,Molniya-M /Block ML,Launch Successful,1982-02-26 20:10:00+00:00,"Site 41/1, Plesetsk Cosmodrome, Russia",Unknown,1982,2,26,Friday,20,40,197,7,106
Molniya-M /Block 2BL | Cosmos 1341,RVSN USSR,Molniya-M /Block 2BL,Launch Successful,1982-03-03 05:44:00+00:00,"Site 16/2, Plesetsk Cosmodrome, Russia",Unknown,1982,3,3,Wednesday,5,40,195,7,93
Cosmos-3M (11K65M) | Ta??foun n†­27,RVSN USSR,Cosmos-3M (11K65M),Launch Failure,1982-03-04 16:41:00+00:00,"Site 107/1, Kapustin Yar, Russia",Unknown,1982,3,4,Thursday,16,40,81,7,84
Atlas-SLV3D Centaur-D1AR | Intelsat V -504,General Dynamics,Atlas-SLV3D Centaur-D1AR,Launch Successful,1982-03-05 00:23:00+00:00,"SLC-36A, Cape Canaveral AFS, Florida, USA",Unknown,1982,3,5,Friday,0,17,72,7,64
Titan III(23)C | DSP-10,Martin Marietta,Titan III(23)C,Launch Successful,1982-03-06 19:25:00+00:00,"SLC-40, Cape Canaveral AFS, Florida, USA",Unknown,1982,3,6,Saturday,19,34,301,7,69
Space Shuttle Columbia | STS-3,NASA,Space Shuttle Columbia,Launch Successful,1982-03-22 16:00:00+00:00,"LC-39A, Kennedy Space Center, Florida, USA",Unknown,1982,3,22,Monday,16,35,278,7,34
Molniya-M /Block ML | Molniya-3 n†­98,RVSN USSR,Molniya-M /Block ML,Launch Successful,1982-03-24 00:12:00+00:00,"Site 41/1, Plesetsk Cosmodrome, Russia",Unknown,1982,3,24,Wednesday,0,40,197,7,106
Cosmos-3M (11K65M) | Cosmos 1344,RVSN USSR,Cosmos-3M (11K65M),Launch Successful,1982-03-24 09:47:00+00:00,"Site 132/1, Plesetsk Cosmodrome, Russia",Unknown,1982,3,24,Wednesday,9,40,81,7,88
Tsyklon-3 | Meteor-2 n†­8,RVSN USSR,Tsyklon-3,Launch Successful,1982-03-25 09:50:00+00:00,"Site 32/1, Plesetsk Cosmodrome, Russia",Unknown,1982,3,25,Thursday,9,40,323,7,102
Cosmos-3M (11K65M) | Cosmos 1345,RVSN USSR,Cosmos-3M (11K65M),Launch Successful,1982-03-31 09:00:00+00:00,"Site 132/2, Plesetsk Cosmodrome, Russia",Unknown,1982,3,31,Wednesday,9,40,81,7,89
Vostok-2M | Cosmos 1346,RVSN USSR,Vostok-2M,Launch Successful,1982-03-31 16:27:00+00:00,"Site 16/2, Plesetsk Cosmodrome, Russia",Unknown,1982,3,31,Wednesday,16,40,334,7,93
Molniya-M /Block 2BL | Cosmos 1348,RVSN USSR,Molniya-M /Block 2BL,Launch Successful,1982-04-07 13:41:00+00:00,"Site 16/2, Plesetsk Cosmodrome, Russia",Unknown,1982,4,7,Wednesday,13,40,195,7,93
Cosmos-3M (11K65M) | Cosmos 1349,RVSN USSR,Cosmos-3M (11K65M),Launch Successful,1982-04-08 00:15:00+00:00,"Site 132/2, Plesetsk Cosmodrome, Russia",Unknown,1982,4,8,Thursday,0,40,81,7,89
Cosmos-3M (11K65M) | Cosmos 1351,RVSN USSR,Cosmos-3M (11K65M),Launch Successful,1982-04-21 01:40:00+00:00,"Site 107/1, Kapustin Yar, Russia",Unknown,1982,4,21,Wednesday,1,40,81,7,84
Cosmos-3M (11K65M) | Cosmos 1354,RVSN USSR,Cosmos-3M (11K65M),Launch Successful,1982-04-28 02:52:00+00:00,"Site 132/1, Plesetsk Cosmodrome, Russia",Unknown,1982,4,28,Wednesday,2,40,81,7,88
Tsyklon-2 | Cosmos 1355,RVSN USSR,Tsyklon-2,Launch Successful,1982-04-29 09:55:00+00:00,"Site 90/20, Baikonur Cosmodrome, Kazakhstan",Unknown,1982,4,29,Thursday,9,40,321,7,117
Vostok-2M | Cosmos 1356,RVSN USSR,Vostok-2M,Launch Successful,1982-05-05 08:01:00+00:00,"Site 16/2, Plesetsk Cosmodrome, Russia",Unknown,1982,5,5,Wednesday,8,40,334,7,93
Cosmos-3M (11K65M) | Cosmos 1357 to 1364,RVSN USSR,Cosmos-3M (11K65M),Launch Successful,1982-05-06 18:07:00+00:00,"Site 132/2, Plesetsk Cosmodrome, Russia",Unknown,1982,5,6,Thursday,18,40,81,7,89
Titan IIID | KH-9 & SSF-D-4,Martin Marietta,Titan IIID,Launch Successful,1982-05-11 18:45:00+00:00,"SLC-4E, Vandenberg AFB, California, USA",Unknown,1982,5,11,Tuesday,18,34,307,7,72
Tsyklon-2 | Cosmos 1365,RVSN USSR,Tsyklon-2,Launch Successful,1982-05-14 19:39:00+00:00,"Site 90/20, Baikonur Cosmodrome, Kazakhstan",Unknown,1982,5,14,Friday,19,40,321,7,117
Molniya-M /Block 2BL | Cosmos 1367,RVSN USSR,Molniya-M /Block 2BL,Launch Successful,1982-05-20 13:08:00+00:00,"Site 41/1, Plesetsk Cosmodrome, Russia",Unknown,1982,5,20,Thursday,13,40,195,7,106
Molniya-M /Block ML | Molniya-1 n†­99,RVSN USSR,Molniya-M /Block ML,Launch Successful,1982-05-28 22:02:00+00:00,"Site 43/3, Plesetsk Cosmodrome, Russia",Unknown,1982,5,28,Friday,22,40,197,7,108
Cosmos-3M (11K65M) | Cosmos 1371,RVSN USSR,Cosmos-3M (11K65M),Launch Successful,1982-06-01 04:37:00+00:00,"Site 132/1, Plesetsk Cosmodrome, Russia",Unknown,1982,6,1,Tuesday,4,40,81,7,88
Tsyklon-2 | Cosmos 1372,RVSN USSR,Tsyklon-2,Launch Successful,1982-06-01 13:58:00+00:00,"Site 90/20, Baikonur Cosmodrome, Kazakhstan",Unknown,1982,6,1,Tuesday,13,40,321,7,117
Cosmos-3MRB (65MRB) | Cosmos 1374 (BOR-4 Space Shuttle),RVSN USSR,Cosmos-3MRB (65MRB),Launch Successful,1982-06-03 21:30:00+00:00,"Site 86/1, Kapustin Yar, Russia",Unknown,1982,6,3,Thursday,21,40,82,7,115
Cosmos-3M (11K65M) | Cosmos 1375,RVSN USSR,Cosmos-3M (11K65M),Launch Successful,1982-06-06 17:10:00+00:00,"Site 132/2, Plesetsk Cosmodrome, Russia",Unknown,1982,6,6,Sunday,17,40,81,7,89
Tsyklon-3 | Cosmos 1378,RVSN USSR,Tsyklon-3,Launch Successful,1982-06-10 17:37:00+00:00,"Site 32/1, Plesetsk Cosmodrome, Russia",Unknown,1982,6,10,Thursday,17,40,323,7,102
Tsyklon-2 | Cosmos 1379,RVSN USSR,Tsyklon-2,Launch Successful,1982-06-18 11:04:00+00:00,"Site 90/19, Baikonur Cosmodrome, Kazakhstan",Unknown,1982,6,18,Friday,11,40,321,7,116
Cosmos-3M (11K65M) | Cosmos 1380,RVSN USSR,Cosmos-3M (11K65M),Partial Failure,1982-06-18 11:58:00+00:00,"Site 132/2, Plesetsk Cosmodrome, Russia",Unknown,1982,6,18,Friday,11,40,81,7,89
Molniya-M /Block 2BL | Cosmos 1382,RVSN USSR,Molniya-M /Block 2BL,Launch Successful,1982-06-25 02:28:00+00:00,"Site 41/1, Plesetsk Cosmodrome, Russia",Unknown,1982,6,25,Friday,2,40,195,7,106
Space Shuttle Columbia | STS-4,NASA,Space Shuttle Columbia,Launch Successful,1982-06-27 16:09:00+00:00,"LC-39A, Kennedy Space Center, Florida, USA",Unknown,1982,6,27,Sunday,16,35,278,7,34
Cosmos-3M (11K65M) | Cosmos 1383,RVSN USSR,Cosmos-3M (11K65M),Launch Successful,1982-06-29 21:45:00+00:00,"Site 132/1, Plesetsk Cosmodrome, Russia",Unknown,1982,6,29,Tuesday,21,40,81,7,88
Cosmos-3M (11K65M) | Cosmos 1386,RVSN USSR,Cosmos-3M (11K65M),Launch Successful,1982-07-07 09:47:00+00:00,"Site 132/1, Plesetsk Cosmodrome, Russia",Unknown,1982,7,7,Wednesday,9,40,81,7,88
Cosmos-3M (11K65M) | Cosmos 1388 to 1395,RVSN USSR,Cosmos-3M (11K65M),Launch Successful,1982-07-21 06:31:00+00:00,"Site 132/2, Plesetsk Cosmodrome, Russia",Unknown,1982,7,21,Wednesday,6,40,81,7,89
Molniya-M /Block ML | Molniya-1 n†­100,RVSN USSR,Molniya-M /Block ML,Launch Successful,1982-07-21 09:40:00+00:00,"Site 1/5, Baikonur Cosmodrome, Kazakhstan",Unknown,1982,7,21,Wednesday,9,40,197,7,83
Cosmos-3M (11K65M) | Cosmos 1397,RVSN USSR,Cosmos-3M (11K65M),Launch Successful,1982-07-29 19:40:00+00:00,"Site 107/1, Kapustin Yar, Russia",Unknown,1982,7,29,Thursday,19,40,81,7,84
Tsyklon-2 | Cosmos 1412,RVSN USSR,Tsyklon-2,Launch Successful,1982-08-02 00:01:00+00:00,"Site 90/20, Baikonur Cosmodrome, Kazakhstan",Unknown,1982,8,2,Monday,0,40,321,7,117
Vostok-2M | Cosmos 1400,RVSN USSR,Vostok-2M,Launch Successful,1982-08-05 06:56:00+00:00,"Site 16/2, Plesetsk Cosmodrome, Russia",Unknown,1982,8,5,Thursday,6,40,334,7,93
Molniya-M /Block ML | Molniya-3 n†­101,RVSN USSR,Molniya-M /Block ML,Launch Successful,1982-08-27 00:02:00+00:00,"Site 41/1, Plesetsk Cosmodrome, Russia",Unknown,1982,8,27,Friday,0,40,197,7,106
Tsyklon-2 | Cosmos 1402,RVSN USSR,Tsyklon-2,Launch Successful,1982-08-30 10:06:00+00:00,"Site 90/19, Baikonur Cosmodrome, Kazakhstan",Unknown,1982,8,30,Monday,10,40,321,7,116
Cosmos-3M (11K65M) | Strela-2M satellite,RVSN USSR,Cosmos-3M (11K65M),Launch Successful,1982-08-30 19:55:00+00:00,"Site 132/2, Plesetsk Cosmodrome, Russia",Unknown,1982,8,30,Monday,19,40,81,7,89
N-I | Kiku 4,MHI,N-I,Launch Successful,1982-09-03 05:00:00+00:00,"LA-Y1, Tanegashima Space Center, Japan",Unknown,1982,9,3,Friday,5,32,208,7,17
Tsyklon-2 | Cosmos 1405,RVSN USSR,Tsyklon-2,Launch Successful,1982-09-04 17:50:00+00:00,"Site 90/20, Baikonur Cosmodrome, Kazakhstan",Unknown,1982,9,4,Saturday,17,40,321,7,117
Ariane 1 | MARCES-B & Sirio-2,ESA,Ariane 1,Launch Failure,1982-09-09 02:12:00+00:00,"ELV-1 (SLV), Guiana Space Centre, French Guiana, France",Unknown,1982,9,9,Thursday,2,13,9,7,8
Long March 2C | FSW-0 No.4,CASC,Long March 2C,Launch Successful,1982-09-09 07:19:00+00:00,"Site 138 (LA-2B), Jiuquan Satellite Launch Center, China",Unknown,1982,9,9,Thursday,7,7,164,7,91
Tsyklon-3 | Cosmos 1408,RVSN USSR,Tsyklon-3,Launch Successful,1982-09-16 04:55:00+00:00,"Site 32/2, Plesetsk Cosmodrome, Russia",Unknown,1982,9,16,Thursday,4,40,323,7,103
Molniya-M /Block 2BL | Cosmos 1409,RVSN USSR,Molniya-M /Block 2BL,Launch Successful,1982-09-22 06:23:00+00:00,"Site 16/2, Plesetsk Cosmodrome, Russia",Unknown,1982,9,22,Wednesday,6,40,195,7,93
Tsyklon-3 | Cosmos 1410,RVSN USSR,Tsyklon-3,Launch Successful,1982-09-24 09:15:00+00:00,"Site 32/1, Plesetsk Cosmodrome, Russia",Unknown,1982,9,24,Friday,9,40,323,7,102
Atlas-SLV3D Centaur-D1AR | Intelsat V -505,General Dynamics,Atlas-SLV3D Centaur-D1AR,Launch Successful,1982-09-28 23:17:00+00:00,"SLC-36B, Cape Canaveral AFS, Florida, USA",Unknown,1982,9,28,Tuesday,23,17,72,7,65
Cosmos-3M (11K65M) | Cosmos 1417,RVSN USSR,Cosmos-3M (11K65M),Launch Successful,1982-10-19 05:58:00+00:00,"Site 132/1, Plesetsk Cosmodrome, Russia",Unknown,1982,10,19,Tuesday,5,40,81,7,88
Cosmos-3M (11K65M) | Cosmos 1418,RVSN USSR,Cosmos-3M (11K65M),Launch Successful,1982-10-21 14:00:00+00:00,"Site 107/1, Kapustin Yar, Russia",Unknown,1982,10,21,Thursday,14,40,81,7,84
Cosmos-3M (11K65M) | Cosmos 1420,RVSN USSR,Cosmos-3M (11K65M),Launch Successful,1982-11-11 06:14:00+00:00,"Site 132/1, Plesetsk Cosmodrome, Russia",Unknown,1982,11,11,Thursday,6,40,81,7,88
Space Shuttle Columbia | STS-5,NASA,Space Shuttle Columbia,Launch Successful,1982-11-11 12:19:00+00:00,"LC-39A, Kennedy Space Center, Florida, USA",Unknown,1982,11,11,Thursday,12,35,278,7,34
Titan IIID | KH-11,Martin Marietta,Titan IIID,Launch Successful,1982-11-17 21:22:00+00:00,"SLC-4E, Vandenberg AFB, California, USA",Unknown,1982,11,17,Wednesday,21,34,307,7,72
Cosmos-3M (11K65M) | Strela-1M satellites,RVSN USSR,Cosmos-3M (11K65M),Launch Failure,1982-11-24 11:00:00+00:00,"Site 132/1, Plesetsk Cosmodrome, Russia",Unknown,1982,11,24,Wednesday,11,40,81,7,88
Molniya-M /Block ML | Cosmos 1423,RVSN USSR,Molniya-M /Block ML,Partial Failure,1982-12-08 13:46:00+00:00,"Site 1/5, Baikonur Cosmodrome, Kazakhstan",Unknown,1982,12,8,Wednesday,13,40,197,7,83
Vostok-2M | Meteor-2 n†­10,RVSN USSR,Vostok-2M,Launch Successful,1982-12-14 22:30:00+00:00,"Site 43/3, Plesetsk Cosmodrome, Russia",Unknown,1982,12,14,Tuesday,22,40,334,7,108
Atlas-E/F Star-37S-ISS | DMSP 5D-2/F6,General Dynamics,Atlas-E/F Star-37S-ISS,Launch Successful,1982-12-21 02:38:00+00:00,"SLC-3W, Vandenberg AFB, California, USA",Unknown,1982,12,21,Tuesday,2,17,55,7,68
Cosmos-3M (11K65M) | Cosmos 1427,RVSN USSR,Cosmos-3M (11K65M),Launch Successful,1982-12-29 12:00:00+00:00,"Site 132/1, Plesetsk Cosmodrome, Russia",Unknown,1982,12,29,Wednesday,12,40,81,7,88
Cosmos-3M (11K65M) | Cosmos 1428,RVSN USSR,Cosmos-3M (11K65M),Launch Successful,1983-01-12 14:02:00+00:00,"Site 132/2, Plesetsk Cosmodrome, Russia",Unknown,1983,1,12,Wednesday,14,40,81,7,89
Cosmos-3M (11K65M) | Cosmos 1429 to 1436,RVSN USSR,Cosmos-3M (11K65M),Launch Successful,1983-01-19 02:25:00+00:00,"Site 132/2, Plesetsk Cosmodrome, Russia",Unknown,1983,1,19,Wednesday,2,40,81,7,89
Vostok-2M | Cosmos 1437,RVSN USSR,Vostok-2M,Launch Successful,1983-01-20 17:26:00+00:00,"Site 16/2, Plesetsk Cosmodrome, Russia",Unknown,1983,1,20,Thursday,17,40,334,7,93
Cosmos-3M (11K65M) | Ta??foun n†­32,RVSN USSR,Cosmos-3M (11K65M),Launch Failure,1983-01-25 12:00:00+00:00,"Site 132/2, Plesetsk Cosmodrome, Russia",Unknown,1983,1,25,Tuesday,12,40,81,7,89
N-II Star-37E | Sakura 2a,MHI,N-II Star-37E,Launch Successful,1983-02-04 08:37:00+00:00,"LA-Y1, Tanegashima Space Center, Japan",Unknown,1983,2,4,Friday,8,32,211,7,17
Atlas-H MSD | NOSS-5,General Dynamics,Atlas-H MSD,Launch Successful,1983-02-09 13:47:00+00:00,"SLC-3E, Vandenberg AFB, California, USA",Unknown,1983,2,9,Wednesday,13,17,57,7,67
Vostok-2M | Cosmos 1441,RVSN USSR,Vostok-2M,Launch Successful,1983-02-16 10:03:00+00:00,"Site 16/2, Plesetsk Cosmodrome, Russia",Unknown,1983,2,16,Wednesday,10,40,334,7,93
Mu-III S | Tenma,ISAS,Mu-III S,Launch Successful,1983-02-20 05:10:00+00:00,"Mu Pad, Uchinoura Space Center, Japan",Unknown,1983,2,20,Sunday,5,22,203,7,48
Molniya-M /Block ML | Molniya-3 n†­103,RVSN USSR,Molniya-M /Block ML,Launch Successful,1983-03-11 15:29:00+00:00,"Site 41/1, Plesetsk Cosmodrome, Russia",Unknown,1983,3,11,Friday,15,40,197,7,106
Cosmos-3MRB (65MRB) | Cosmos 1445 (BOR-4 Space Shuttle),RVSN USSR,Cosmos-3MRB (65MRB),Launch Successful,1983-03-15 22:30:00+00:00,"Site 86/1, Kapustin Yar, Russia",Unknown,1983,3,15,Tuesday,22,40,82,7,115
Molniya-M /Block ML | Molniya-1 n†­104,RVSN USSR,Molniya-M /Block ML,Launch Successful,1983-03-16 18:14:00+00:00,"Site 41/1, Plesetsk Cosmodrome, Russia",Unknown,1983,3,16,Wednesday,18,40,197,7,106
Cosmos-3M (11K65M) | Cosmos 1447,RVSN USSR,Cosmos-3M (11K65M),Launch Successful,1983-03-24 20:55:00+00:00,"Site 132/2, Plesetsk Cosmodrome, Russia",Unknown,1983,3,24,Thursday,20,40,81,7,89
Atlas-E/F Star-37S-ISS | NOAA-E,General Dynamics,Atlas-E/F Star-37S-ISS,Launch Successful,1983-03-28 15:52:00+00:00,"SLC-3W, Vandenberg AFB, California, USA",Unknown,1983,3,28,Monday,15,17,55,7,68
Cosmos-3M (11K65M) | Cosmos 1448,RVSN USSR,Cosmos-3M (11K65M),Launch Successful,1983-03-30 01:10:00+00:00,"Site 132/1, Plesetsk Cosmodrome, Russia",Unknown,1983,3,30,Wednesday,1,40,81,7,88
Molniya-M /Block ML | Molniya-1 n†­105,RVSN USSR,Molniya-M /Block ML,Launch Successful,1983-04-02 02:02:00+00:00,"Site 1/5, Baikonur Cosmodrome, Kazakhstan",Unknown,1983,4,2,Saturday,2,40,197,7,83
Space Shuttle Challenger | STS-6,NASA,Space Shuttle Challenger,Launch Successful,1983-04-04 18:30:00+00:00,"LC-39A, Kennedy Space Center, Florida, USA",Unknown,1983,4,4,Monday,18,35,277,7,34
Cosmos-3M (11K65M) | Cosmos 1450,RVSN USSR,Cosmos-3M (11K65M),Launch Successful,1983-04-06 12:00:00+00:00,"Site 132/1, Plesetsk Cosmodrome, Russia",Unknown,1983,4,6,Wednesday,12,40,81,7,88
Cosmos-3M (11K65M) | Cosmos 1452,RVSN USSR,Cosmos-3M (11K65M),Launch Successful,1983-04-12 18:20:00+00:00,"Site 132/2, Plesetsk Cosmodrome, Russia",Unknown,1983,4,12,Tuesday,18,40,81,7,89
SLV-3 | Rohini RS-D2,ISRO,SLV-3,Launch Successful,1983-04-17 05:44:00+00:00,"SLV LP, Satish Dhawan Space Centre, India",Unknown,1983,4,17,Sunday,5,23,236,7,79
Titan III(24)B | OPS 2925,US Air Force,Titan III(24)B,Launch Successful,1983-04-17 18:45:00+00:00,"SLC-4W, Vandenberg AFB, California, USA",Unknown,1983,4,17,Sunday,18,48,302,7,73
Cosmos-3M (11K65M) | Cosmos 1453,RVSN USSR,Cosmos-3M (11K65M),Launch Successful,1983-04-19 12:00:00+00:00,"Site 132/2, Plesetsk Cosmodrome, Russia",Unknown,1983,4,19,Tuesday,12,40,81,7,89
Tsyklon-3 | Cosmos 1455,RVSN USSR,Tsyklon-3,Launch Successful,1983-04-23 14:30:00+00:00,"Site 32/2, Plesetsk Cosmodrome, Russia",Unknown,1983,4,23,Saturday,14,40,323,7,103
Molniya-M /Block 2BL | Cosmos 1456,RVSN USSR,Molniya-M /Block 2BL,Launch Successful,1983-04-25 19:33:00+00:00,"Site 16/2, Plesetsk Cosmodrome, Russia",Unknown,1983,4,25,Monday,19,40,195,7,93
Cosmos-3M (11K65M) | Cosmos 1459,RVSN USSR,Cosmos-3M (11K65M),Launch Successful,1983-05-06 03:00:00+00:00,"Site 132/1, Plesetsk Cosmodrome, Russia",Unknown,1983,5,6,Friday,3,40,81,7,88
Tsyklon-2 | Cosmos 1461,RVSN USSR,Tsyklon-2,Launch Successful,1983-05-07 10:30:00+00:00,"Site 90/19, Baikonur Cosmodrome, Kazakhstan",Unknown,1983,5,7,Saturday,10,40,321,7,116
Cosmos-3M (11K65M) | Cosmos 1463,RVSN USSR,Cosmos-3M (11K65M),Launch Successful,1983-05-19 12:00:00+00:00,"Site 132/1, Plesetsk Cosmodrome, Russia",Unknown,1983,5,19,Thursday,12,40,81,7,88
Atlas-SLV3D Centaur-D1AR | Intelsat V -506,General Dynamics,Atlas-SLV3D Centaur-D1AR,Launch Successful,1983-05-19 22:26:00+00:00,"SLC-36A, Cape Canaveral AFS, Florida, USA",Unknown,1983,5,19,Thursday,22,17,72,7,64
Cosmos-3M (11K65M) | Cosmos 1464,RVSN USSR,Cosmos-3M (11K65M),Launch Successful,1983-05-24 02:59:00+00:00,"Site 132/1, Plesetsk Cosmodrome, Russia",Unknown,1983,5,24,Tuesday,2,40,81,7,88
Cosmos-3M (11K65M) | Cosmos 1465,RVSN USSR,Cosmos-3M (11K65M),Launch Successful,1983-05-26 05:00:00+00:00,"Site 107/1, Kapustin Yar, Russia",Unknown,1983,5,26,Thursday,5,40,81,7,84
Atlas-H MSD | NOSS-6,General Dynamics,Atlas-H MSD,Launch Successful,1983-06-09 23:23:00+00:00,"SLC-3E, Vandenberg AFB, California, USA",Unknown,1983,6,9,Thursday,23,17,57,7,67
Ariane 1 | ECS 1 & Oscar-10,ESA,Ariane 1,Launch Successful,1983-06-16 11:59:00+00:00,"ELV-1 (SLV), Guiana Space Centre, French Guiana, France",Unknown,1983,6,16,Thursday,11,13,9,7,8
Space Shuttle Challenger | STS-7,NASA,Space Shuttle Challenger,Launch Successful,1983-06-18 11:33:00+00:00,"LC-39A, Kennedy Space Center, Florida, USA",Unknown,1983,6,18,Saturday,11,35,277,7,34
Titan 34D | OPS-0721 (KH-9),Martin Marietta,Titan 34D,Launch Successful,1983-06-20 18:45:00+00:00,"SLC-4E, Vandenberg AFB, California, USA",Unknown,1983,6,20,Monday,18,34,297,7,72
Tsyklon-3 | Cosmos 1470,RVSN USSR,Tsyklon-3,Launch Successful,1983-06-22 23:58:00+00:00,"Site 32/2, Plesetsk Cosmodrome, Russia",Unknown,1983,6,22,Wednesday,23,40,323,7,103
Cosmos-3M (11K65M) | Cosmos 1473 to 1480,RVSN USSR,Cosmos-3M (11K65M),Launch Successful,1983-07-06 00:31:00+00:00,"Site 132/2, Plesetsk Cosmodrome, Russia",Unknown,1983,7,6,Wednesday,0,40,81,7,89
Molniya-M /Block 2BL | Cosmos 1481,RVSN USSR,Molniya-M /Block 2BL,Launch Successful,1983-07-08 19:21:00+00:00,"Site 43/4, Plesetsk Cosmodrome, Russia",Unknown,1983,7,8,Friday,19,40,195,7,109
Atlas-E/F SGS-2 | GPS-8,General Dynamics,Atlas-E/F SGS-2,Launch Successful,1983-07-14 10:21:00+00:00,"SLC-3W, Vandenberg AFB, California, USA",Navigation,1983,7,14,Thursday,10,17,53,5,68
Molniya-M /Block ML | Molniya-1 n†­106,RVSN USSR,Molniya-M /Block ML,Launch Successful,1983-07-19 15:14:00+00:00,"Site 1/5, Baikonur Cosmodrome, Kazakhstan",Unknown,1983,7,19,Tuesday,15,40,197,7,83
Vostok-2M | Cosmos 1484,RVSN USSR,Vostok-2M,Launch Successful,1983-07-24 05:50:00+00:00,"Site 31/6, Baikonur Cosmodrome, Kazakhstan",Unknown,1983,7,24,Sunday,5,40,334,7,101
Titan III(34)B Agena-D | Jumpseat 7,Martin Marietta,Titan III(34)B Agena-D,Launch Successful,1983-07-31 15:41:00+00:00,"SLC-4W, Vandenberg AFB, California, USA",Unknown,1983,7,31,Sunday,15,34,303,7,73
Cosmos-3M (11K65M) | Cosmos 1486,RVSN USSR,Cosmos-3M (11K65M),Launch Successful,1983-08-03 12:40:00+00:00,"Site 132/2, Plesetsk Cosmodrome, Russia",Unknown,1983,8,3,Wednesday,12,40,81,7,89
N-II Star-37E | Sakura 2b,MHI,N-II Star-37E,Launch Successful,1983-08-05 20:29:00+00:00,"LA-Y1, Tanegashima Space Center, Japan",Unknown,1983,8,5,Friday,20,32,211,7,17
Long March 2C | FSW-0 No.5,CASC,Long March 2C,Launch Successful,1983-08-19 06:00:00+00:00,"Site 138 (LA-2B), Jiuquan Satellite Launch Center, China",Unknown,1983,8,19,Friday,6,7,164,7,91
Molniya-M /Block ML | Molniya-3 n†­107,RVSN USSR,Molniya-M /Block ML,Launch Successful,1983-08-30 22:49:00+00:00,"Site 41/1, Plesetsk Cosmodrome, Russia",Unknown,1983,8,30,Tuesday,22,40,197,7,106
Cosmos-3M (11K65M) | Cosmos 1494,RVSN USSR,Cosmos-3M (11K65M),Launch Successful,1983-08-31 06:30:00+00:00,"Site 107/1, Kapustin Yar, Russia",Unknown,1983,8,31,Wednesday,6,40,81,7,84
Space Shuttle Challenger | STS-8,NASA,Space Shuttle Challenger,Launch Successful,1983-09-05 07:40:00+00:00,"LC-39A, Kennedy Space Center, Florida, USA",Unknown,1983,9,5,Monday,7,35,277,7,34
Tsyklon-3 | Cosmos 1500,RVSN USSR,Tsyklon-3,Launch Successful,1983-09-28 07:59:00+00:00,"Site 32/1, Plesetsk Cosmodrome, Russia",Unknown,1983,9,28,Wednesday,7,40,323,7,102
Cosmos-3M (11K65M) | Cosmos 1501,RVSN USSR,Cosmos-3M (11K65M),Launch Successful,1983-09-30 11:00:00+00:00,"Site 132/1, Plesetsk Cosmodrome, Russia",Unknown,1983,9,30,Friday,11,40,81,7,88
Cosmos-3M (11K65M) | Cosmos 1502,RVSN USSR,Cosmos-3M (11K65M),Launch Successful,1983-10-05 12:00:00+00:00,"Site 132/1, Plesetsk Cosmodrome, Russia",Unknown,1983,10,5,Wednesday,12,40,81,7,88
Cosmos-3M (11K65M) | Cosmos 1503,RVSN USSR,Cosmos-3M (11K65M),Launch Successful,1983-10-12 00:20:00+00:00,"Site 132/1, Plesetsk Cosmodrome, Russia",Unknown,1983,10,12,Wednesday,0,40,81,7,88
Ariane 1 | Intelsat 507,ESA,Ariane 1,Launch Successful,1983-10-19 00:45:00+00:00,"ELV-1 (SLV), Guiana Space Centre, French Guiana, France",Unknown,1983,10,19,Wednesday,0,13,9,7,8
Cosmos-3M (11K65M) | Cosmos 1506,RVSN USSR,Cosmos-3M (11K65M),Launch Successful,1983-10-26 17:20:00+00:00,"Site 132/1, Plesetsk Cosmodrome, Russia",Unknown,1983,10,26,Wednesday,17,40,81,7,88
Vostok-2M | Meteor-2 n†­11,RVSN USSR,Vostok-2M,Launch Successful,1983-10-28 09:00:00+00:00,"Site 16/2, Plesetsk Cosmodrome, Russia",Unknown,1983,10,28,Friday,9,40,334,7,93
Tsyklon-2 | Cosmos 1507,RVSN USSR,Tsyklon-2,Launch Successful,1983-10-29 08:30:00+00:00,"Site 90/20, Baikonur Cosmodrome, Kazakhstan",Unknown,1983,10,29,Saturday,8,40,321,7,117
Cosmos-3M (11K65M) | Cosmos 1508,RVSN USSR,Cosmos-3M (11K65M),Launch Successful,1983-11-11 12:30:00+00:00,"Site 132/2, Plesetsk Cosmodrome, Russia",Unknown,1983,11,11,Friday,12,40,81,7,89
Atlas-E/F Star-37S-ISS | DMSP 5D-2/F7,General Dynamics,Atlas-E/F Star-37S-ISS,Launch Successful,1983-11-18 06:32:00+00:00,"SLC-3W, Vandenberg AFB, California, USA",Unknown,1983,11,18,Friday,6,17,55,7,68
Molniya-M /Block ML | Molniya-1 n†­108,RVSN USSR,Molniya-M /Block ML,Launch Successful,1983-11-23 16:45:00+00:00,"Site 41/1, Plesetsk Cosmodrome, Russia",Unknown,1983,11,23,Wednesday,16,40,197,7,106
Tsyklon-3 | Cosmos 1510,RVSN USSR,Tsyklon-3,Launch Successful,1983-11-24 12:33:00+00:00,"Site 32/2, Plesetsk Cosmodrome, Russia",Unknown,1983,11,24,Thursday,12,40,323,7,103
Space Shuttle Columbia | STS-9,NASA,Space Shuttle Columbia,Launch Successful,1983-11-28 16:00:00+00:00,"LC-39A, Kennedy Space Center, Florida, USA",Unknown,1983,11,28,Monday,16,35,278,7,34
Cosmos-3M (11K65M) | Cosmos 1513,RVSN USSR,Cosmos-3M (11K65M),Launch Successful,1983-12-08 06:13:00+00:00,"Site 132/2, Plesetsk Cosmodrome, Russia",Unknown,1983,12,8,Thursday,6,40,81,7,89
Tsyklon-3 | Cosmos 1515,RVSN USSR,Tsyklon-3,Launch Successful,1983-12-15 12:25:00+00:00,"Site 32/2, Plesetsk Cosmodrome, Russia",Unknown,1983,12,15,Thursday,12,40,323,7,103
Molniya-M /Block ML | Molniya-3 n†­109,RVSN USSR,Molniya-M /Block ML,Launch Successful,1983-12-21 06:07:00+00:00,"Site 41/1, Plesetsk Cosmodrome, Russia",Unknown,1983,12,21,Wednesday,6,40,197,7,106
Cosmos-3MRB (65MRB) | Cosmos 1517 (BOR-4 Space Shuttle),RVSN USSR,Cosmos-3MRB (65MRB),Launch Successful,1983-12-27 10:00:00+00:00,"Site 86/1, Kapustin Yar, Russia",Unknown,1983,12,27,Tuesday,10,40,82,7,115
Molniya-M /Block 2BL | Cosmos 1518,RVSN USSR,Molniya-M /Block 2BL,Launch Successful,1983-12-28 03:48:00+00:00,"Site 16/2, Plesetsk Cosmodrome, Russia",Unknown,1983,12,28,Wednesday,3,40,195,7,93
Cosmos-3M (11K65M) | Cosmos 1522 to 1529,RVSN USSR,Cosmos-3M (11K65M),Launch Successful,1984-01-05 20:09:00+00:00,"Site 132/2, Plesetsk Cosmodrome, Russia",Unknown,1984,1,5,Thursday,20,40,81,7,89
Cosmos-3M (11K65M) | Cosmos 1531,RVSN USSR,Cosmos-3M (11K65M),Launch Successful,1984-01-11 18:08:00+00:00,"Site 132/2, Plesetsk Cosmodrome, Russia",Unknown,1984,1,11,Wednesday,18,40,81,7,89
N-II Star-37E | Yuri 2a,MHI,N-II Star-37E,Launch Successful,1984-01-23 07:58:00+00:00,"LA-Y1, Tanegashima Space Center, Japan",Unknown,1984,1,23,Monday,7,32,211,7,17
Cosmos-3M (11K65M) | Cosmos 1534,RVSN USSR,Cosmos-3M (11K65M),Launch Successful,1984-01-26 12:00:00+00:00,"Site 132/2, Plesetsk Cosmodrome, Russia",Unknown,1984,1,26,Thursday,12,40,81,7,89
Long March 3 | STTW 1 (Dong Fang Hong 2),CASC,Long March 3,Partial Failure,1984-01-29 12:25:00+00:00,"LC-3, Xichang Satellite Launch Center, China",Unknown,1984,1,29,Sunday,12,7,172,7,32
Titan 34D | OPS-0441 (Vortex),Martin Marietta,Titan 34D,Launch Successful,1984-01-31 03:08:00+00:00,"SLC-40, Cape Canaveral AFS, Florida, USA",Unknown,1984,1,31,Tuesday,3,34,297,7,69
Cosmos-3M (11K65M) | Cosmos 1535,RVSN USSR,Cosmos-3M (11K65M),Launch Successful,1984-02-02 17:38:00+00:00,"Site 132/1, Plesetsk Cosmodrome, Russia",Unknown,1984,2,2,Thursday,17,40,81,7,88
Space Shuttle Challenger | STS-41-B,NASA,Space Shuttle Challenger,Launch Successful,1984-02-03 13:00:00+00:00,"LC-39A, Kennedy Space Center, Florida, USA",Unknown,1984,2,3,Friday,13,35,277,7,34
Atlas-H MSD | NOSS-7,General Dynamics,Atlas-H MSD,Launch Successful,1984-02-05 18:44:00+00:00,"SLC-3E, Vandenberg AFB, California, USA",Unknown,1984,2,5,Sunday,18,17,57,7,67
Tsyklon-3 | Cosmos 1536,RVSN USSR,Tsyklon-3,Launch Successful,1984-02-08 09:23:00+00:00,"Site 32/2, Plesetsk Cosmodrome, Russia",Unknown,1984,2,8,Wednesday,9,40,323,7,103
Mu-III S | Ohzora,ISAS,Mu-III S,Launch Successful,1984-02-14 08:00:00+00:00,"Mu Pad, Uchinoura Space Center, Japan",Unknown,1984,2,14,Tuesday,8,22,203,7,48
Cosmos-3M (11K65M) | Cosmos 1538,RVSN USSR,Cosmos-3M (11K65M),Launch Successful,1984-02-21 15:36:00+00:00,"Site 132/1, Plesetsk Cosmodrome, Russia",Unknown,1984,2,21,Tuesday,15,40,81,7,88
Ariane 1 | Intelsat 508,ESA,Ariane 1,Launch Successful,1984-03-05 00:50:00+00:00,"ELV-1 (SLV), Guiana Space Centre, French Guiana, France",Unknown,1984,3,5,Monday,0,13,9,7,8
Molniya-M /Block 2BL | Cosmos 1541,RVSN USSR,Molniya-M /Block 2BL,Launch Successful,1984-03-06 17:10:00+00:00,"Site 16/2, Plesetsk Cosmodrome, Russia",Unknown,1984,3,6,Tuesday,17,40,195,7,93
Tsyklon-3 | Cosmos 1544,RVSN USSR,Tsyklon-3,Launch Successful,1984-03-15 17:05:00+00:00,"Site 32/2, Plesetsk Cosmodrome, Russia",Unknown,1984,3,15,Thursday,17,40,323,7,103
Molniya-M /Block ML | Molniya-1 n†­110,RVSN USSR,Molniya-M /Block ML,Launch Successful,1984-03-16 23:29:00+00:00,"Site 41/1, Plesetsk Cosmodrome, Russia",Unknown,1984,3,16,Friday,23,40,197,7,106
Molniya-M /Block 2BL | Cosmos 1547,RVSN USSR,Molniya-M /Block 2BL,Launch Successful,1984-04-04 01:40:00+00:00,"Site 16/2, Plesetsk Cosmodrome, Russia",Unknown,1984,4,4,Wednesday,1,40,195,7,93
Space Shuttle Challenger | STS-41-C,NASA,Space Shuttle Challenger,Launch Successful,1984-04-06 13:58:00+00:00,"LC-39A, Kennedy Space Center, Florida, USA",Unknown,1984,4,6,Friday,13,35,277,7,34
Long March 3 | STTW 2 (Dong Fang Hong 2),CASC,Long March 3,Launch Successful,1984-04-08 11:20:00+00:00,"LC-3, Xichang Satellite Launch Center, China",Unknown,1984,4,8,Sunday,11,7,172,7,32
Titan 34D | DSP-11,Martin Marietta,Titan 34D,Launch Successful,1984-04-14 16:52:00+00:00,"SLC-40, Cape Canaveral AFS, Florida, USA",Unknown,1984,4,14,Saturday,16,34,297,7,69
Titan III(24)B | OPS 8424,US Air Force,Titan III(24)B,Launch Successful,1984-04-17 17:45:00+00:00,"SLC-4W, Vandenberg AFB, California, USA",Unknown,1984,4,17,Tuesday,17,48,302,7,73
Cosmos-3M (11K65M) | Cosmos 1550,RVSN USSR,Cosmos-3M (11K65M),Launch Successful,1984-05-11 06:19:00+00:00,"Site 132/2, Plesetsk Cosmodrome, Russia",Unknown,1984,5,11,Friday,6,40,81,7,89
Cosmos-3M (11K65M) | Cosmos 1553,RVSN USSR,Cosmos-3M (11K65M),Launch Successful,1984-05-17 14:43:00+00:00,"Site 132/1, Plesetsk Cosmodrome, Russia",Unknown,1984,5,17,Thursday,14,40,81,7,88
Ariane 1 | Spacenet F1,Arianespace,Ariane 1,Launch Successful,1984-05-23 01:33:00+00:00,"ELV-1 (SLV), Guiana Space Centre, French Guiana, France",Unknown,1984,5,23,Wednesday,1,3,9,7,8
Cosmos-3M (11K65M) | Cosmos 1559 to 1566,RVSN USSR,Cosmos-3M (11K65M),Launch Successful,1984-05-28 21:52:00+00:00,"Site 132/2, Plesetsk Cosmodrome, Russia",Unknown,1984,5,28,Monday,21,40,81,7,89
Tsyklon-2 | Cosmos 1567,RVSN USSR,Tsyklon-2,Launch Successful,1984-05-30 18:46:00+00:00,"Site 90/20, Baikonur Cosmodrome, Kazakhstan",Unknown,1984,5,30,Wednesday,18,40,321,7,117
Molniya-M /Block 2BL | Cosmos 1569,RVSN USSR,Molniya-M /Block 2BL,Launch Successful,1984-06-06 15:33:00+00:00,"Site 16/2, Plesetsk Cosmodrome, Russia",Unknown,1984,6,6,Wednesday,15,40,195,7,93
Cosmos-3M (11K65M) | Cosmos 1570,RVSN USSR,Cosmos-3M (11K65M),Launch Successful,1984-06-08 11:28:00+00:00,"Site 132/1, Plesetsk Cosmodrome, Russia",Unknown,1984,6,8,Friday,11,40,81,7,88
Atlas-G Centaur-D1AR | Intelsat V -509,General Dynamics,Atlas-G Centaur-D1AR,Launch Failure,1984-06-09 23:03:00+00:00,"SLC-36B, Cape Canaveral AFS, Florida, USA",Unknown,1984,6,9,Saturday,23,17,56,7,65
Atlas-E/F SGS-2 | GPS-9,General Dynamics,Atlas-E/F SGS-2,Launch Successful,1984-06-13 11:37:00+00:00,"SLC-3W, Vandenberg AFB, California, USA",Navigation,1984,6,13,Wednesday,11,17,53,5,68
Cosmos-3M (11K65M) | Cosmos 1574,RVSN USSR,Cosmos-3M (11K65M),Launch Successful,1984-06-21 19:40:00+00:00,"Site 132/2, Plesetsk Cosmodrome, Russia",Unknown,1984,6,21,Thursday,19,40,81,7,89
Titan 34D | USA-2 (KH-9),Martin Marietta,Titan 34D,Launch Successful,1984-06-25 18:47:00+00:00,"SLC-4E, Vandenberg AFB, California, USA",Unknown,1984,6,25,Monday,18,34,297,7,72
Cosmos-3M (11K65M) | Cosmos 1577,RVSN USSR,Cosmos-3M (11K65M),Launch Successful,1984-06-27 04:59:00+00:00,"Site 132/2, Plesetsk Cosmodrome, Russia",Unknown,1984,6,27,Wednesday,4,40,81,7,89
Cosmos-3M (11K65M) | Cosmos 1578,RVSN USSR,Cosmos-3M (11K65M),Launch Successful,1984-06-28 13:10:00+00:00,"Site 107/1, Kapustin Yar, Russia",Unknown,1984,6,28,Thursday,13,40,81,7,84
Molniya-M /Block 2BL | Cosmos 1581,RVSN USSR,Molniya-M /Block 2BL,Launch Successful,1984-07-03 21:30:00+00:00,"Site 43/4, Plesetsk Cosmodrome, Russia",Unknown,1984,7,3,Tuesday,21,40,195,7,109
Tsyklon-3 | Meteor-2 n†­11,RVSN USSR,Tsyklon-3,Launch Successful,1984-07-05 03:34:00+00:00,"Site 32/2, Plesetsk Cosmodrome, Russia",Unknown,1984,7,5,Thursday,3,40,323,7,103
Molniya-M /Block 2BL | Cosmos 1586,RVSN USSR,Molniya-M /Block 2BL,Launch Successful,1984-08-02 08:38:00+00:00,"Site 16/2, Plesetsk Cosmodrome, Russia",Unknown,1984,8,2,Thursday,8,40,195,7,93
N-II Star-37E | Himawari 3,MHI,N-II Star-37E,Launch Successful,1984-08-02 20:30:00+00:00,"LA-Y1, Tanegashima Space Center, Japan",Unknown,1984,8,2,Thursday,20,32,211,7,17
"Ariane 3 | Eutelsat-1 F2, Telecom 1A",Arianespace,Ariane 3,Launch Successful,1984-08-04 13:32:00+00:00,"ELA-1, Guiana Space Centre, French Guiana, France",Unknown,1984,8,4,Saturday,13,3,11,7,3
Tsyklon-2 | Cosmos 1588,RVSN USSR,Tsyklon-2,Launch Successful,1984-08-07 22:50:00+00:00,"Site 90/20, Baikonur Cosmodrome, Kazakhstan",Unknown,1984,8,7,Tuesday,22,40,321,7,117
Tsyklon-3 | Cosmos 1589,RVSN USSR,Tsyklon-3,Launch Successful,1984-08-08 12:08:00+00:00,"Site 32/2, Plesetsk Cosmodrome, Russia",Unknown,1984,8,8,Wednesday,12,40,323,7,103
Molniya-M /Block ML | Molniya-1 n†­111,RVSN USSR,Molniya-M /Block ML,Launch Successful,1984-08-10 00:03:00+00:00,"Site 41/1, Plesetsk Cosmodrome, Russia",Unknown,1984,8,10,Friday,0,40,197,7,106
Molniya-M /Block ML | Molniya-1 n†­112,RVSN USSR,Molniya-M /Block ML,Launch Successful,1984-08-24 08:26:00+00:00,"Site 43/4, Plesetsk Cosmodrome, Russia",Unknown,1984,8,24,Friday,8,40,197,7,109
Titan III(34)B Agena-D | Quasar 5,Martin Marietta,Titan III(34)B Agena-D,Launch Successful,1984-08-28 00:00:00+00:00,"SLC-4W, Vandenberg AFB, California, USA",Unknown,1984,8,28,Tuesday,0,34,303,7,73
Tsyklon-2 | Cosmos 1579,RVSN USSR,Tsyklon-2,Launch Successful,1984-08-29 00:21:00+00:00,"Site 90/19, Baikonur Cosmodrome, Kazakhstan",Unknown,1984,8,29,Wednesday,0,40,321,7,116
Space Shuttle Discovery | STS-41-D,NASA,Space Shuttle Discovery,Launch Successful,1984-08-30 12:41:00+00:00,"LC-39A, Kennedy Space Center, Florida, USA",Unknown,1984,8,30,Thursday,12,35,279,7,34
Molniya-M /Block 2BL | Cosmos 1596,RVSN USSR,Molniya-M /Block 2BL,Launch Successful,1984-09-07 19:12:00+00:00,"Site 16/2, Plesetsk Cosmodrome, Russia",Unknown,1984,9,7,Friday,19,40,195,7,93
Atlas-E/F SGS-2 | GPS-10,General Dynamics,Atlas-E/F SGS-2,Launch Successful,1984-09-08 21:41:00+00:00,"SLC-3W, Vandenberg AFB, California, USA",Navigation,1984,9,8,Saturday,21,17,53,5,68
Long March 2C | FSW-0 No.6,CASC,Long March 2C,Launch Successful,1984-09-12 05:44:00+00:00,"Site 138 (LA-2B), Jiuquan Satellite Launch Center, China",Unknown,1984,9,12,Wednesday,5,7,164,7,91
Cosmos-3M (11K65M) | Cosmos 1598,RVSN USSR,Cosmos-3M (11K65M),Launch Successful,1984-09-13 14:54:00+00:00,"Site 132/1, Plesetsk Cosmodrome, Russia",Unknown,1984,9,13,Thursday,14,40,81,7,88
Cosmos-3M (11K65M) | Cosmos 1601,RVSN USSR,Cosmos-3M (11K65M),Launch Successful,1984-09-27 09:30:00+00:00,"Site 132/2, Plesetsk Cosmodrome, Russia",Unknown,1984,9,27,Thursday,9,40,81,7,89
Tsyklon-3 | Cosmos 1602,RVSN USSR,Tsyklon-3,Launch Successful,1984-09-28 06:00:00+00:00,"Site 32/2, Plesetsk Cosmodrome, Russia",Unknown,1984,9,28,Friday,6,40,323,7,103
Molniya-M /Block 2BL | Cosmos 1604,RVSN USSR,Molniya-M /Block 2BL,Launch Successful,1984-10-04 19:49:00+00:00,"Site 16/2, Plesetsk Cosmodrome, Russia",Unknown,1984,10,4,Thursday,19,40,195,7,93
Space Shuttle Challenger | STS-41-G,NASA,Space Shuttle Challenger,Launch Successful,1984-10-05 11:03:00+00:00,"LC-39A, Kennedy Space Center, Florida, USA",Unknown,1984,10,5,Friday,11,35,277,7,34
Cosmos-3M (11K65M) | Cosmos 1605,RVSN USSR,Cosmos-3M (11K65M),Launch Successful,1984-10-11 14:43:00+00:00,"Site 132/2, Plesetsk Cosmodrome, Russia",Unknown,1984,10,11,Thursday,14,40,81,7,89
Tsyklon-3 | Cosmos 1606,RVSN USSR,Tsyklon-3,Launch Successful,1984-10-18 17:46:00+00:00,"Site 32/1, Plesetsk Cosmodrome, Russia",Unknown,1984,10,18,Thursday,17,40,323,7,102
Tsyklon-2 | Cosmos 1607,RVSN USSR,Tsyklon-2,Launch Successful,1984-10-31 12:29:00+00:00,"Site 90/20, Baikonur Cosmodrome, Kazakhstan",Unknown,1984,10,31,Wednesday,12,40,321,7,117
Space Shuttle Discovery | STS-51-A,NASA,Space Shuttle Discovery,Launch Successful,1984-11-08 12:15:00+00:00,"LC-39A, Kennedy Space Center, Florida, USA",Unknown,1984,11,8,Thursday,12,35,279,7,34
"Ariane 3 | Spacenet 2, MARECS-2",Arianespace,Ariane 3,Launch Successful,1984-11-10 01:14:00+00:00,"ELA-1, Guiana Space Centre, French Guiana, France",Unknown,1984,11,10,Saturday,1,3,11,7,3
Cosmos-3M (11K65M) | Cosmos 1610,RVSN USSR,Cosmos-3M (11K65M),Launch Successful,1984-11-15 06:40:00+00:00,"Site 132/1, Plesetsk Cosmodrome, Russia",Unknown,1984,11,15,Thursday,6,40,81,7,88
Tsyklon-3 | Meteor-3 n†­1a,RVSN USSR,Tsyklon-3,Partial Failure,1984-11-27 14:22:00+00:00,"Site 32/1, Plesetsk Cosmodrome, Russia",Unknown,1984,11,27,Tuesday,14,40,323,7,102
Titan 34D | USA-6 (KH-11),Martin Marietta,Titan 34D,Launch Successful,1984-12-04 18:03:00+00:00,"SLC-4E, Vandenberg AFB, California, USA",Unknown,1984,12,4,Tuesday,18,34,297,7,72
Atlas-E/F Star-37S-ISS | NOAA-F,General Dynamics,Atlas-E/F Star-37S-ISS,Launch Successful,1984-12-12 10:42:00+00:00,"SLC-3W, Vandenberg AFB, California, USA",Unknown,1984,12,12,Wednesday,10,17,55,7,68
Molniya-M /Block ML | Molniya-1 n†­113,RVSN USSR,Molniya-M /Block ML,Launch Successful,1984-12-14 20:40:00+00:00,"Site 41/1, Plesetsk Cosmodrome, Russia",Unknown,1984,12,14,Friday,20,40,197,7,106
Cosmos-3MRB (65MRB) | Cosmos 1614 (BOR-4 Space Shuttle),RVSN USSR,Cosmos-3MRB (65MRB),Launch Successful,1984-12-19 03:55:00+00:00,"Site 86/1, Kapustin Yar, Russia",Unknown,1984,12,19,Wednesday,3,40,82,7,115
Cosmos-3M (11K65M) | Cosmos 1615,RVSN USSR,Cosmos-3M (11K65M),Launch Successful,1984-12-20 13:00:00+00:00,"Site 132/2, Plesetsk Cosmodrome, Russia",Unknown,1984,12,20,Thursday,13,40,81,7,89
Titan 34D | DSP-12,Martin Marietta,Titan 34D,Launch Successful,1984-12-22 00:02:00+00:00,"SLC-40, Cape Canaveral AFS, Florida, USA",Unknown,1984,12,22,Saturday,0,34,297,7,69
Tsyklon-3 | Cosmos 1617 to 1622,RVSN USSR,Tsyklon-3,Launch Successful,1985-01-15 14:51:00+00:00,"Site 32/1, Plesetsk Cosmodrome, Russia",Unknown,1985,1,15,Tuesday,14,40,323,7,102
Cosmos-3M (11K65M) | Cosmos 1624,RVSN USSR,Cosmos-3M (11K65M),Launch Successful,1985-01-15 17:46:00+00:00,"Site 132/1, Plesetsk Cosmodrome, Russia",Unknown,1985,1,15,Tuesday,17,40,81,7,88
Molniya-M /Block ML | Molniya-3 n†­114,RVSN USSR,Molniya-M /Block ML,Launch Successful,1985-01-16 06:22:00+00:00,"Site 43/4, Plesetsk Cosmodrome, Russia",Unknown,1985,1,16,Wednesday,6,40,197,7,109
Tsyklon-2 | Cosmos 1625,RVSN USSR,Tsyklon-2,Launch Successful,1985-01-23 19:58:00+00:00,"Site 90/19, Baikonur Cosmodrome, Kazakhstan",Unknown,1985,1,23,Wednesday,19,40,321,7,116
Tsyklon-3 | Cosmos 1626,RVSN USSR,Tsyklon-3,Launch Successful,1985-01-24 16:45:00+00:00,"Site 32/2, Plesetsk Cosmodrome, Russia",Unknown,1985,1,24,Thursday,16,40,323,7,103
Space Shuttle Discovery | STS-51-C,NASA,Space Shuttle Discovery,Launch Successful,1985-01-24 19:50:00+00:00,"LC-39A, Kennedy Space Center, Florida, USA",Unknown,1985,1,24,Thursday,19,35,279,7,34
Cosmos-3M (11K65M) | Cosmos 1627,RVSN USSR,Cosmos-3M (11K65M),Launch Successful,1985-02-01 19:36:00+00:00,"Site 132/2, Plesetsk Cosmodrome, Russia",Unknown,1985,2,1,Friday,19,40,81,7,89
Tsyklon-3 | Meteor-2 n†­12,RVSN USSR,Tsyklon-3,Launch Successful,1985-02-06 21:45:00+00:00,"Site 32/1, Plesetsk Cosmodrome, Russia",Unknown,1985,2,6,Wednesday,21,40,323,7,102
Mu-III S2 | Sakigake,ISAS,Mu-III S2,Launch Successful,1985-02-07 19:26:00+00:00,"Mu Pad, Uchinoura Space Center, Japan",Unknown,1985,2,7,Thursday,19,22,204,7,48
"Ariane 3 | Arabsat-1A, Brasilsat-A1",Arianespace,Ariane 3,Launch Successful,1985-02-08 23:22:00+00:00,"ELA-1, Guiana Space Centre, French Guiana, France",Unknown,1985,2,8,Friday,23,3,11,7,3
Cosmos-3M (11K65M) | Cosmos 1631,RVSN USSR,Cosmos-3M (11K65M),Launch Successful,1985-02-27 12:56:00+00:00,"Site 132/1, Plesetsk Cosmodrome, Russia",Unknown,1985,2,27,Wednesday,12,40,81,7,88
Tsyklon-3 | Cosmos 1633,RVSN USSR,Tsyklon-3,Launch Successful,1985-03-05 15:39:00+00:00,"Site 32/2, Plesetsk Cosmodrome, Russia",Unknown,1985,3,5,Tuesday,15,40,323,7,103
Atlas-E/F OIS | Geosat,General Dynamics,Atlas-E/F OIS,Launch Successful,1985-03-13 02:00:00+00:00,"SLC-3W, Vandenberg AFB, California, USA",Unknown,1985,3,13,Wednesday,2,17,49,7,68
Cosmos-3M (11K65M) | Cosmos 1634,RVSN USSR,Cosmos-3M (11K65M),Launch Successful,1985-03-14 01:09:00+00:00,"Site 132/2, Plesetsk Cosmodrome, Russia",Unknown,1985,3,14,Thursday,1,40,81,7,89
Cosmos-3M (11K65M) | Cosmos 1635 to 1642,RVSN USSR,Cosmos-3M (11K65M),Launch Successful,1985-03-21 00:08:00+00:00,"Site 132/2, Plesetsk Cosmodrome, Russia",Unknown,1985,3,21,Thursday,0,40,81,7,89
Atlas-G Centaur-D1AR | Intelsat V -510,General Dynamics,Atlas-G Centaur-D1AR,Launch Successful,1985-03-22 23:55:00+00:00,"SLC-36B, Cape Canaveral AFS, Florida, USA",Unknown,1985,3,22,Friday,23,17,56,7,65
Space Shuttle Discovery | STS-51-D,NASA,Space Shuttle Discovery,Launch Successful,1985-04-12 13:59:00+00:00,"LC-39A, Kennedy Space Center, Florida, USA",Unknown,1985,4,12,Friday,13,35,279,7,34
Zenit-2 | EPN 03.0694 n†­1,RVSN USSR,Zenit-2,Launch Failure,1985-04-13 08:00:00+00:00,"Site 45/1, Baikonur Cosmodrome, Kazakhstan",Unknown,1985,4,13,Saturday,8,40,335,7,110
Tsyklon-2 | Cosmos 1646,RVSN USSR,Tsyklon-2,Launch Successful,1985-04-18 21:40:00+00:00,"Site 90/20, Baikonur Cosmodrome, Kazakhstan",Unknown,1985,4,18,Thursday,21,40,321,7,117
Space Shuttle Challenger | STS-51-B,NASA,Space Shuttle Challenger,Launch Successful,1985-05-06 16:02:00+00:00,"LC-39A, Kennedy Space Center, Florida, USA",Unknown,1985,5,6,Monday,16,35,277,7,34
"Ariane 3 | GStar-1, Telecom 1B",Arianespace,Ariane 3,Launch Successful,1985-05-08 01:15:00+00:00,"ELA-1, Guiana Space Centre, French Guiana, France",Unknown,1985,5,8,Wednesday,1,3,11,7,3
Molniya-M /Block ML | Molniya-3 n†­115,RVSN USSR,Molniya-M /Block ML,Launch Successful,1985-05-29 07:40:00+00:00,"Site 43/4, Plesetsk Cosmodrome, Russia",Unknown,1985,5,29,Wednesday,7,40,197,7,109
Cosmos-3M (11K65M) | Cosmos 1655,RVSN USSR,Cosmos-3M (11K65M),Launch Successful,1985-05-30 01:14:00+00:00,"Site 132/1, Plesetsk Cosmodrome, Russia",Unknown,1985,5,30,Thursday,1,40,81,7,88
Molniya-M /Block 2BL | Cosmos 1658,RVSN USSR,Molniya-M /Block 2BL,Launch Successful,1985-06-11 14:26:00+00:00,"Site 41/1, Plesetsk Cosmodrome, Russia",Unknown,1985,6,11,Tuesday,14,40,195,7,106
Molniya-M /Block 2BL | Cosmos 1675,RVSN USSR,Molniya-M /Block 2BL,Launch Successful,1985-06-12 15:09:00+00:00,"Site 16/2, Plesetsk Cosmodrome, Russia",Unknown,1985,6,12,Wednesday,15,40,195,7,93
Tsyklon-3 | Cosmos 1660,RVSN USSR,Tsyklon-3,Launch Successful,1985-06-14 10:36:00+00:00,"Site 32/1, Plesetsk Cosmodrome, Russia",Unknown,1985,6,14,Friday,10,40,323,7,102
Space Shuttle Discovery | STS-51-G,NASA,Space Shuttle Discovery,Launch Successful,1985-06-17 11:33:00+00:00,"LC-39A, Kennedy Space Center, Florida, USA",Unknown,1985,6,17,Monday,11,35,279,7,34
Molniya-M /Block 2BL | Cosmos 1661,RVSN USSR,Molniya-M /Block 2BL,Launch Successful,1985-06-18 00:40:00+00:00,"Site 16/2, Plesetsk Cosmodrome, Russia",Unknown,1985,6,18,Tuesday,0,40,195,7,93
Cosmos-3M (11K65M) | Cosmos 1662,RVSN USSR,Cosmos-3M (11K65M),Launch Successful,1985-06-19 11:30:00+00:00,"Site 132/2, Plesetsk Cosmodrome, Russia",Unknown,1985,6,19,Wednesday,11,40,81,7,89
Zenit-2 | EPN 03.0694 n†­2,RVSN USSR,Zenit-2,Launch Failure,1985-06-21 08:29:00+00:00,"Site 45/1, Baikonur Cosmodrome, Kazakhstan",Unknown,1985,6,21,Friday,8,40,335,7,110
Atlas-G Centaur-D1AR | Intelsat V -511,General Dynamics,Atlas-G Centaur-D1AR,Launch Successful,1985-06-30 00:44:00+00:00,"SLC-36A, Cape Canaveral AFS, Florida, USA",Unknown,1985,6,30,Sunday,0,17,56,7,64
Ariane 1 | Giotto,Arianespace,Ariane 1,Launch Successful,1985-07-02 11:23:00+00:00,"ELV-1 (SLV), Guiana Space Centre, French Guiana, France",Unknown,1985,7,2,Tuesday,11,3,9,7,8
Tsyklon-3 | Cosmos 1666,RVSN USSR,Tsyklon-3,Launch Successful,1985-07-08 23:40:00+00:00,"Site 32/1, Plesetsk Cosmodrome, Russia",Unknown,1985,7,8,Monday,23,40,323,7,102
Molniya-M /Block ML | Molniya-3 n†­116,RVSN USSR,Molniya-M /Block ML,Launch Successful,1985-07-17 01:05:00+00:00,"Site 43/4, Plesetsk Cosmodrome, Russia",Unknown,1985,7,17,Wednesday,1,40,197,7,109
Space Shuttle Challenger | STS-51-F,NASA,Space Shuttle Challenger,Launch Successful,1985-07-25 21:00:00+00:00,"LC-39A, Kennedy Space Center, Florida, USA",Unknown,1985,7,25,Thursday,21,35,277,7,34
Tsyklon-2 | Cosmos 1670,RVSN USSR,Tsyklon-2,Launch Successful,1985-08-01 05:36:00+00:00,"Site 90/19, Baikonur Cosmodrome, Kazakhstan",Unknown,1985,8,1,Thursday,5,40,321,7,116
Tsyklon-3 | Cosmos 1674,RVSN USSR,Tsyklon-3,Launch Successful,1985-08-08 11:45:00+00:00,"Site 32/1, Plesetsk Cosmodrome, Russia",Unknown,1985,8,8,Thursday,11,40,323,7,102
Mu-III S2 | Suisei,ISAS,Mu-III S2,Launch Successful,1985-08-18 23:33:00+00:00,"Mu Pad, Uchinoura Space Center, Japan",Unknown,1985,8,18,Sunday,23,22,204,7,48
Molniya-M /Block ML | Molniya-1 n†­117,RVSN USSR,Molniya-M /Block ML,Launch Successful,1985-08-22 19:28:00+00:00,"Site 41/1, Plesetsk Cosmodrome, Russia",Unknown,1985,8,22,Thursday,19,40,197,7,106
Tsyklon-2 | Cosmos 1677,RVSN USSR,Tsyklon-2,Launch Successful,1985-08-23 22:33:00+00:00,"Site 90/19, Baikonur Cosmodrome, Kazakhstan",Unknown,1985,8,23,Friday,22,40,321,7,116
Space Shuttle Discovery | STS-51-I,NASA,Space Shuttle Discovery,Launch Successful,1985-08-27 10:58:00+00:00,"LC-39A, Kennedy Space Center, Florida, USA",Unknown,1985,8,27,Tuesday,10,35,279,7,34
Titan 34D | KH-11,Martin Marietta,Titan 34D,Launch Failure,1985-08-28 21:20:00+00:00,"SLC-4E, Vandenberg AFB, California, USA",Unknown,1985,8,28,Wednesday,21,34,297,7,72
Cosmos-3M (11K65M) | Cosmos 1680,RVSN USSR,Cosmos-3M (11K65M),Launch Successful,1985-09-04 17:05:00+00:00,"Site 132/1, Plesetsk Cosmodrome, Russia",Unknown,1985,9,4,Wednesday,17,40,81,7,88
"Ariane 3 | ECS 3, Spacenet 3",Arianespace,Ariane 3,Launch Failure,1985-09-12 23:26:00+00:00,"ELA-1, Guiana Space Centre, French Guiana, France",Unknown,1985,9,12,Thursday,23,3,11,7,3
Tsyklon-2 | Cosmos 1682,RVSN USSR,Tsyklon-2,Launch Successful,1985-09-19 01:32:00+00:00,"Site 90/20, Baikonur Cosmodrome, Kazakhstan",Unknown,1985,9,19,Thursday,1,40,321,7,117
Molniya-M /Block 2BL | Cosmos 1684,RVSN USSR,Molniya-M /Block 2BL,Launch Successful,1985-09-24 01:18:00+00:00,"Site 43/4, Plesetsk Cosmodrome, Russia",Unknown,1985,9,24,Tuesday,1,40,195,7,109
Atlas-G Centaur-D1AR | Intelsat V -512,General Dynamics,Atlas-G Centaur-D1AR,Launch Successful,1985-09-28 23:17:00+00:00,"SLC-36B, Cape Canaveral AFS, Florida, USA",Unknown,1985,9,28,Saturday,23,17,56,7,65
Molniya-M /Block 2BL | Cosmos 1687,RVSN USSR,Molniya-M /Block 2BL,Launch Successful,1985-09-30 19:23:00+00:00,"Site 16/2, Plesetsk Cosmodrome, Russia",Unknown,1985,9,30,Monday,19,40,195,7,93
Cosmos-3M (11K65M) | Cosmos 1688,RVSN USSR,Cosmos-3M (11K65M),Launch Successful,1985-10-02 09:00:00+00:00,"Site 107/1, Kapustin Yar, Russia",Unknown,1985,10,2,Wednesday,9,40,81,7,84
Vostok-2M | Cosmos 1689,RVSN USSR,Vostok-2M,Launch Successful,1985-10-03 05:48:00+00:00,"Site 31/6, Baikonur Cosmodrome, Kazakhstan",Unknown,1985,10,3,Thursday,5,40,334,7,101
Molniya-M /Block ML | Molniya-3 n†­118,RVSN USSR,Molniya-M /Block ML,Launch Successful,1985-10-03 07:33:00+00:00,"Site 43/4, Plesetsk Cosmodrome, Russia",Unknown,1985,10,3,Thursday,7,40,197,7,109
Space Shuttle Atlantis | STS-51-J,NASA,Space Shuttle Atlantis,Launch Successful,1985-10-03 15:15:00+00:00,"LC-39A, Kennedy Space Center, Florida, USA",Unknown,1985,10,3,Thursday,15,35,276,7,34
Atlas-E/F SGS-2 | GPS-11,General Dynamics,Atlas-E/F SGS-2,Launch Successful,1985-10-09 02:53:00+00:00,"SLC-3W, Vandenberg AFB, California, USA",Navigation,1985,10,9,Wednesday,2,17,53,5,68
Tsyklon-3 | Cosmos 1690 to 1695,RVSN USSR,Tsyklon-3,Launch Successful,1985-10-09 21:35:00+00:00,"Site 32/1, Plesetsk Cosmodrome, Russia",Unknown,1985,10,9,Wednesday,21,40,323,7,102
Long March 2C | FSW-0 No.7,CASC,Long March 2C,Launch Successful,1985-10-21 05:04:00+00:00,"Site 138 (LA-2B), Jiuquan Satellite Launch Center, China",Unknown,1985,10,21,Monday,5,7,164,7,91
Zenit-2 | Cosmos 1697,RVSN USSR,Zenit-2,Launch Successful,1985-10-22 07:00:00+00:00,"Site 45/1, Baikonur Cosmodrome, Kazakhstan",Unknown,1985,10,22,Tuesday,7,40,335,7,110
Molniya-M /Block 2BL | Cosmos 1698,RVSN USSR,Molniya-M /Block 2BL,Launch Successful,1985-10-22 20:24:00+00:00,"Site 43/4, Plesetsk Cosmodrome, Russia",Unknown,1985,10,22,Tuesday,20,40,195,7,109
Molniya-M /Block ML | Molniya-1 n†­119,RVSN USSR,Molniya-M /Block ML,Launch Successful,1985-10-23 00:42:00+00:00,"Site 1/5, Baikonur Cosmodrome, Kazakhstan",Unknown,1985,10,23,Wednesday,0,40,197,7,83
Cosmos-3M (11K65M) | Parouss n†­50,RVSN USSR,Cosmos-3M (11K65M),Launch Failure,1985-10-23 17:24:00+00:00,"Site 133/3, Plesetsk Cosmodrome, Russia",Unknown,1985,10,23,Wednesday,17,40,81,7,90
Tsyklon-3 | Meteor-3 n†­1,RVSN USSR,Tsyklon-3,Launch Successful,1985-10-24 02:30:00+00:00,"Site 32/1, Plesetsk Cosmodrome, Russia",Unknown,1985,10,24,Thursday,2,40,323,7,102
Molniya-M /Block ML | Molniya-1 n†­120,RVSN USSR,Molniya-M /Block ML,Launch Successful,1985-10-28 17:24:00+00:00,"Site 43/4, Plesetsk Cosmodrome, Russia",Unknown,1985,10,28,Monday,17,40,197,7,109
Space Shuttle Challenger | STS-61-A,NASA,Space Shuttle Challenger,Launch Successful,1985-11-06 17:00:00+00:00,"LC-39A, Kennedy Space Center, Florida, USA",Unknown,1985,11,6,Wednesday,17,35,277,7,34
Molniya-M /Block 2BL | Cosmos 1701,RVSN USSR,Molniya-M /Block 2BL,Launch Successful,1985-11-09 08:25:00+00:00,"Site 41/1, Plesetsk Cosmodrome, Russia",Unknown,1985,11,9,Saturday,8,40,195,7,106
Tsyklon-3 | Cosmos 1703,RVSN USSR,Tsyklon-3,Launch Successful,1985-11-22 22:20:00+00:00,"Site 32/2, Plesetsk Cosmodrome, Russia",Unknown,1985,11,22,Friday,22,40,323,7,103
Space Shuttle Atlantis | STS-61-B,NASA,Space Shuttle Atlantis,Launch Successful,1985-11-27 00:29:00+00:00,"LC-39A, Kennedy Space Center, Florida, USA",Unknown,1985,11,27,Wednesday,0,35,276,7,34
Cosmos-3M (11K65M) | Cosmos 1704,RVSN USSR,Cosmos-3M (11K65M),Launch Successful,1985-11-28 13:12:00+00:00,"Site 133/3, Plesetsk Cosmodrome, Russia",Unknown,1985,11,28,Thursday,13,40,81,7,90
Tsyklon-3 | Cosmos 1707,RVSN USSR,Tsyklon-3,Launch Successful,1985-12-12 15:51:00+00:00,"Site 32/1, Plesetsk Cosmodrome, Russia",Unknown,1985,12,12,Thursday,15,40,323,7,102
Cosmos-3M (11K65M) | Cosmos 1709,RVSN USSR,Cosmos-3M (11K65M),Launch Successful,1985-12-19 08:46:00+00:00,"Site 132/1, Plesetsk Cosmodrome, Russia",Unknown,1985,12,19,Thursday,8,40,81,7,88
Molniya-M /Block ML | Molniya-3 n†­121,RVSN USSR,Molniya-M /Block ML,Launch Successful,1985-12-24 18:56:00+00:00,"Site 43/4, Plesetsk Cosmodrome, Russia",Unknown,1985,12,24,Tuesday,18,40,197,7,109
Tsyklon-3 | Meteor-2 n†­13,RVSN USSR,Tsyklon-3,Launch Successful,1985-12-26 01:50:00+00:00,"Site 32/1, Plesetsk Cosmodrome, Russia",Unknown,1985,12,26,Thursday,1,40,323,7,102
Zenit-2 | Cosmos 1714,RVSN USSR,Zenit-2,Partial Failure,1985-12-28 09:16:00+00:00,"Site 45/1, Baikonur Cosmodrome, Kazakhstan",Unknown,1985,12,28,Saturday,9,40,335,7,110
Cosmos-3M (11K65M) | Cosmos 1716 to 1723,RVSN USSR,Cosmos-3M (11K65M),Launch Successful,1986-01-09 02:48:00+00:00,"Site 132/2, Plesetsk Cosmodrome, Russia",Unknown,1986,1,9,Thursday,2,40,81,7,89
Space Shuttle Columbia | STS-61-C,NASA,Space Shuttle Columbia,Launch Successful,1986-01-12 11:55:00+00:00,"LC-39A, Kennedy Space Center, Florida, USA",Unknown,1986,1,12,Sunday,11,35,278,7,34
Cosmos-3M (11K65M) | Cosmos 1725,RVSN USSR,Cosmos-3M (11K65M),Launch Successful,1986-01-16 11:38:00+00:00,"Site 132/1, Plesetsk Cosmodrome, Russia",Unknown,1986,1,16,Thursday,11,40,81,7,88
Tsyklon-3 | Cosmos 1726,RVSN USSR,Tsyklon-3,Launch Successful,1986-01-17 07:21:00+00:00,"Site 32/1, Plesetsk Cosmodrome, Russia",Unknown,1986,1,17,Friday,7,40,323,7,102
Cosmos-3M (11K65M) | Cosmos 1727,RVSN USSR,Cosmos-3M (11K65M),Launch Successful,1986-01-23 18:52:00+00:00,"Site 132/1, Plesetsk Cosmodrome, Russia",Unknown,1986,1,23,Thursday,18,40,81,7,88
Space Shuttle Challenger | STS-51-L,NASA,Space Shuttle Challenger,Launch Failure,1986-01-28 16:38:00+00:00,"LC-39A, Kennedy Space Center, Florida, USA",Unknown,1986,1,28,Tuesday,16,35,277,7,34
Long March 3 | DFH-2A-T1,CASC,Long March 3,Launch Successful,1986-02-01 12:27:00+00:00,"LC-3, Xichang Satellite Launch Center, China",Unknown,1986,2,1,Saturday,12,7,172,7,32
Molniya-M /Block 2BL | Cosmos 1729,RVSN USSR,Molniya-M /Block 2BL,Launch Successful,1986-02-01 18:11:00+00:00,"Site 16/2, Plesetsk Cosmodrome, Russia",Unknown,1986,2,1,Saturday,18,40,195,7,93
Atlas-H MSD | NOSS-8,General Dynamics,Atlas-H MSD,Launch Successful,1986-02-09 10:06:00+00:00,"SLC-3E, Vandenberg AFB, California, USA",Unknown,1986,2,9,Sunday,10,17,57,7,67
Tsyklon-3 | Cosmos 1732,RVSN USSR,Tsyklon-3,Launch Successful,1986-02-11 06:56:00+00:00,"Site 32/2, Plesetsk Cosmodrome, Russia",Unknown,1986,2,11,Tuesday,6,40,323,7,103
N-II Star-37E | Yuri 2b,MHI,N-II Star-37E,Launch Successful,1986-02-12 07:55:00+00:00,"LA-Y1, Tanegashima Space Center, Japan",Unknown,1986,2,12,Wednesday,7,32,211,7,17
Tsyklon-3 | Cosmos 1733,RVSN USSR,Tsyklon-3,Launch Successful,1986-02-19 23:04:00+00:00,"Site 32/1, Plesetsk Cosmodrome, Russia",Unknown,1986,2,19,Wednesday,23,40,323,7,102
Ariane 1 | SPOT-1 & Viking,Arianespace,Ariane 1,Launch Successful,1986-02-22 01:44:00+00:00,"ELV-1 (SLV), Guiana Space Centre, French Guiana, France",Unknown,1986,2,22,Saturday,1,3,9,7,8
Tsyklon-2 | Cosmos 1735,RVSN USSR,Tsyklon-2,Launch Successful,1986-02-27 01:44:00+00:00,"Site 90/19, Baikonur Cosmodrome, Kazakhstan",Unknown,1986,2,27,Thursday,1,40,321,7,116
Tsyklon-2 | Cosmos 1736,RVSN USSR,Tsyklon-2,Launch Successful,1986-03-21 10:05:00+00:00,"Site 90/20, Baikonur Cosmodrome, Kazakhstan",Unknown,1986,3,21,Friday,10,40,321,7,117
Tsyklon-2 | Cosmos 1737,RVSN USSR,Tsyklon-2,Launch Successful,1986-03-25 19:26:00+00:00,"Site 90/19, Baikonur Cosmodrome, Kazakhstan",Unknown,1986,3,25,Tuesday,19,40,321,7,116
"Ariane 3 | GStar-2, Brasilsat-A2",Arianespace,Ariane 3,Launch Successful,1986-03-28 23:30:00+00:00,"ELA-2, Guiana Space Centre, French Guiana, France",Unknown,1986,3,28,Friday,23,3,11,7,4
Cosmos-3M (11K65M) | Cosmos 1741,RVSN USSR,Cosmos-3M (11K65M),Launch Successful,1986-04-17 21:02:00+00:00,"Site 132/1, Plesetsk Cosmodrome, Russia",Unknown,1986,4,17,Thursday,21,40,81,7,88
Titan 34D | KH-9,Martin Marietta,Titan 34D,Launch Failure,1986-04-18 18:45:00+00:00,"SLC-4E, Vandenberg AFB, California, USA",Unknown,1986,4,18,Friday,18,34,297,7,72
Molniya-M /Block ML | Molniya-3 n†­122,RVSN USSR,Molniya-M /Block ML,Launch Successful,1986-04-18 19:50:00+00:00,"Site 41/1, Plesetsk Cosmodrome, Russia",Unknown,1986,4,18,Friday,19,40,197,7,106
Tsyklon-3 | Cosmos 1743,RVSN USSR,Tsyklon-3,Launch Successful,1986-05-15 04:26:00+00:00,"Site 32/1, Plesetsk Cosmodrome, Russia",Unknown,1986,5,15,Thursday,4,40,323,7,102
Cosmos-3M (11K65M) | Cosmos 1745,RVSN USSR,Cosmos-3M (11K65M),Launch Successful,1986-05-23 12:54:00+00:00,"Site 132/1, Plesetsk Cosmodrome, Russia",Unknown,1986,5,23,Friday,12,40,81,7,88
Tsyklon-3 | Meteor-2 n†­14,RVSN USSR,Tsyklon-3,Launch Successful,1986-05-27 09:29:00+00:00,"Site 32/1, Plesetsk Cosmodrome, Russia",Unknown,1986,5,27,Tuesday,9,40,323,7,102
Ariane 2 | Intelsat-5A 14,Arianespace,Ariane 2,Launch Failure,1986-05-31 00:53:00+00:00,"ELA-1, Guiana Space Centre, French Guiana, France",Unknown,1986,5,31,Saturday,0,3,10,7,3
Cosmos-3M (11K65M) | Cosmos 1748 to 1755,RVSN USSR,Cosmos-3M (11K65M),Launch Successful,1986-06-06 03:57:00+00:00,"Site 132/1, Plesetsk Cosmodrome, Russia",Unknown,1986,6,6,Friday,3,40,81,7,88
Tsyklon-3 | Cosmos 1758,RVSN USSR,Tsyklon-3,Launch Successful,1986-06-12 04:42:00+00:00,"Site 32/1, Plesetsk Cosmodrome, Russia",Unknown,1986,6,12,Thursday,4,40,323,7,102
Cosmos-3M (11K65M) | Cosmos 1759,RVSN USSR,Cosmos-3M (11K65M),Launch Successful,1986-06-18 20:03:00+00:00,"Site 132/1, Plesetsk Cosmodrome, Russia",Unknown,1986,6,18,Wednesday,20,40,81,7,88
Molniya-M /Block ML | Molniya-3 n†­123,RVSN USSR,Molniya-M /Block ML,Launch Successful,1986-06-19 21:09:00+00:00,"Site 41/1, Plesetsk Cosmodrome, Russia",Unknown,1986,6,19,Thursday,21,40,197,7,106
Molniya-M /Block 2BL | Cosmos 1761,RVSN USSR,Molniya-M /Block 2BL,Launch Successful,1986-07-05 01:16:00+00:00,"Site 43/4, Plesetsk Cosmodrome, Russia",Unknown,1986,7,5,Saturday,1,40,195,7,109
Cosmos-3M (11K65M) | Cosmos 1763,RVSN USSR,Cosmos-3M (11K65M),Partial Failure,1986-07-16 04:21:00+00:00,"Site 133/3, Plesetsk Cosmodrome, Russia",Unknown,1986,7,16,Wednesday,4,40,81,7,90
Tsyklon-3 | Cosmos 1766,RVSN USSR,Tsyklon-3,Launch Successful,1986-07-28 21:08:00+00:00,"Site 32/2, Plesetsk Cosmodrome, Russia",Unknown,1986,7,28,Monday,21,40,323,7,103
Zenit-2 | Cosmos 1767,RVSN USSR,Zenit-2,Launch Successful,1986-07-30 08:30:00+00:00,"Site 45/1, Baikonur Cosmodrome, Kazakhstan",Unknown,1986,7,30,Wednesday,8,40,335,7,110
Molniya-M /Block ML | Molniya-1 n†­124,RVSN USSR,Molniya-M /Block ML,Launch Successful,1986-07-30 15:05:00+00:00,"Site 43/4, Plesetsk Cosmodrome, Russia",Unknown,1986,7,30,Wednesday,15,40,197,7,109
Tsyklon-2 | Cosmos 1769,RVSN USSR,Tsyklon-2,Launch Successful,1986-08-04 05:08:00+00:00,"Site 90/20, Baikonur Cosmodrome, Kazakhstan",Unknown,1986,8,4,Monday,5,40,321,7,117
"H-I (9 SO) | Fuji 1a, Jindai & Ajisai",MHI,H-I (9 SO),Launch Successful,1986-08-12 20:45:00+00:00,"LA-Y1, Tanegashima Space Center, Japan",Unknown,1986,8,12,Tuesday,20,32,139,7,17
Tsyklon-2 | Cosmos 1771,RVSN USSR,Tsyklon-2,Launch Successful,1986-08-20 12:58:00+00:00,"Site 90/20, Baikonur Cosmodrome, Kazakhstan",Unknown,1986,8,20,Wednesday,12,40,321,7,117
Molniya-M /Block 2BL | Cosmos 1774,RVSN USSR,Molniya-M /Block 2BL,Launch Successful,1986-08-28 08:02:00+00:00,"Site 16/2, Plesetsk Cosmodrome, Russia",Unknown,1986,8,28,Thursday,8,40,195,7,93
Cosmos-3M (11K65M) | Cosmos 1776,RVSN USSR,Cosmos-3M (11K65M),Launch Successful,1986-09-03 09:00:00+00:00,"Site 132/1, Plesetsk Cosmodrome, Russia",Unknown,1986,9,3,Wednesday,9,40,81,7,88
Molniya-M /Block ML | Molniya-1 n†­125,RVSN USSR,Molniya-M /Block ML,Launch Successful,1986-09-05 09:12:00+00:00,"Site 43/4, Plesetsk Cosmodrome, Russia",Unknown,1986,9,5,Friday,9,40,197,7,109
Cosmos-3M (11K65M) | Cosmos 1777,RVSN USSR,Cosmos-3M (11K65M),Launch Successful,1986-09-10 01:45:00+00:00,"Site 133/3, Plesetsk Cosmodrome, Russia",Unknown,1986,9,10,Wednesday,1,40,81,7,90
Atlas-E/F Star-37S-ISS | NOAA-G,General Dynamics,Atlas-E/F Star-37S-ISS,Launch Successful,1986-09-17 15:52:00+00:00,"SLC-3W, Vandenberg AFB, California, USA",Unknown,1986,9,17,Wednesday,15,17,55,7,68
Tsyklon-3 | Cosmos 1782,RVSN USSR,Tsyklon-3,Launch Successful,1986-09-30 18:33:00+00:00,"Site 32/1, Plesetsk Cosmodrome, Russia",Unknown,1986,9,30,Tuesday,18,40,323,7,102
Molniya-M /Block 2BL | Cosmos 1783,RVSN USSR,Molniya-M /Block 2BL,Partial Failure,1986-10-03 13:05:00+00:00,"Site 41/1, Plesetsk Cosmodrome, Russia",Unknown,1986,10,3,Friday,13,40,195,7,106
Long March 2C | FSW-0 No.8,CASC,Long March 2C,Launch Successful,1986-10-06 05:40:00+00:00,"Site 138 (LA-2B), Jiuquan Satellite Launch Center, China",Unknown,1986,10,6,Monday,5,7,164,7,91
Tsyklon-3 | Cosmos 1786 to 1791,RVSN USSR,Tsyklon-3,Launch Failure,1986-10-15 05:24:00+00:00,"Site 32/2, Plesetsk Cosmodrome, Russia",Unknown,1986,10,15,Wednesday,5,40,323,7,103
Molniya-M /Block 2BL | Cosmos 1785,RVSN USSR,Molniya-M /Block 2BL,Launch Successful,1986-10-15 09:29:00+00:00,"Site 41/1, Plesetsk Cosmodrome, Russia",Unknown,1986,10,15,Wednesday,9,40,195,7,106
Molniya-M /Block ML | Molniya-3 n†­126,RVSN USSR,Molniya-M /Block ML,Launch Successful,1986-10-20 08:49:00+00:00,"Site 43/4, Plesetsk Cosmodrome, Russia",Unknown,1986,10,20,Monday,8,40,197,7,109
Zenit-2 | Cosmos 1786 & EPN n†­3,RVSN USSR,Zenit-2,Launch Successful,1986-10-22 08:00:00+00:00,"Site 45/1, Baikonur Cosmodrome, Kazakhstan",Unknown,1986,10,22,Wednesday,8,40,335,7,110
Cosmos-3M (11K65M) | Cosmos 1788,RVSN USSR,Cosmos-3M (11K65M),Launch Successful,1986-10-27 12:40:00+00:00,"Site 133/3, Plesetsk Cosmodrome, Russia",Unknown,1986,10,27,Monday,12,40,81,7,90
Cosmos-3M (11K65M) | Cosmos 1791,RVSN USSR,Cosmos-3M (11K65M),Launch Successful,1986-11-13 06:10:00+00:00,"Site 132/2, Plesetsk Cosmodrome, Russia",Unknown,1986,11,13,Thursday,6,40,81,7,89
Molniya-M /Block ML | Molniya-1 n†­127,RVSN USSR,Molniya-M /Block ML,Launch Successful,1986-11-15 21:35:00+00:00,"Site 41/1, Plesetsk Cosmodrome, Russia",Unknown,1986,11,15,Saturday,21,40,197,7,106
Molniya-M /Block 2BL | Cosmos 1793,RVSN USSR,Molniya-M /Block 2BL,Launch Successful,1986-11-20 12:09:00+00:00,"Site 16/2, Plesetsk Cosmodrome, Russia",Unknown,1986,11,20,Thursday,12,40,195,7,93
Cosmos-3M (11K65M) | Cosmos 1794 to 1801,RVSN USSR,Cosmos-3M (11K65M),Launch Successful,1986-11-21 02:00:00+00:00,"Site 132/2, Plesetsk Cosmodrome, Russia",Unknown,1986,11,21,Friday,2,40,81,7,89
Cosmos-3M (11K65M) | Cosmos 1802,RVSN USSR,Cosmos-3M (11K65M),Launch Successful,1986-11-24 21:43:00+00:00,"Site 132/2, Plesetsk Cosmodrome, Russia",Unknown,1986,11,24,Monday,21,40,81,7,89
Tsyklon-3 | Cosmos 1803,RVSN USSR,Tsyklon-3,Launch Successful,1986-12-02 07:00:00+00:00,"Site 32/1, Plesetsk Cosmodrome, Russia",Unknown,1986,12,2,Tuesday,7,40,323,7,102
Atlas-G Centaur-D1AR | FLTSATCOM-7,General Dynamics,Atlas-G Centaur-D1AR,Launch Successful,1986-12-05 02:30:00+00:00,"SLC-36B, Cape Canaveral AFS, Florida, USA",Unknown,1986,12,5,Friday,2,17,56,7,65
Tsyklon-3 | Cosmos 1805,RVSN USSR,Tsyklon-3,Launch Successful,1986-12-10 07:30:00+00:00,"Site 32/2, Plesetsk Cosmodrome, Russia",Unknown,1986,12,10,Wednesday,7,40,323,7,103
Molniya-M /Block 2BL | Cosmos 1806,RVSN USSR,Molniya-M /Block 2BL,Launch Successful,1986-12-12 18:35:00+00:00,"Site 43/4, Plesetsk Cosmodrome, Russia",Unknown,1986,12,12,Friday,18,40,195,7,109
Cosmos-3M (11K65M) | Cosmos 1808,RVSN USSR,Cosmos-3M (11K65M),Launch Successful,1986-12-17 17:02:00+00:00,"Site 132/1, Plesetsk Cosmodrome, Russia",Unknown,1986,12,17,Wednesday,17,40,81,7,88
Cosmos-3MRB (65MRB) | BOR-5 Shuttle,RVSN USSR,Cosmos-3MRB (65MRB),Launch Successful,1986-12-25 23:59:00+00:00,"Site 86/1, Kapustin Yar, Russia",Unknown,1986,12,25,Thursday,23,40,82,7,115
Molniya-M /Block ML | Molniya-1 n†­128,RVSN USSR,Molniya-M /Block ML,Launch Successful,1986-12-26 15:25:00+00:00,"Site 43/3, Plesetsk Cosmodrome, Russia",Unknown,1986,12,26,Friday,15,40,197,7,108
Tsyklon-3 | Meteor-2 n†­15,RVSN USSR,Tsyklon-3,Launch Successful,1987-01-05 01:19:00+00:00,"Site 32/2, Plesetsk Cosmodrome, Russia",Unknown,1987,1,5,Monday,1,40,323,7,103
Tsyklon-3 | Cosmos 1812,RVSN USSR,Tsyklon-3,Launch Successful,1987-01-14 09:04:00+00:00,"Site 32/2, Plesetsk Cosmodrome, Russia",Unknown,1987,1,14,Wednesday,9,40,323,7,103
Cosmos-3M (11K65M) | Cosmos 1814,RVSN USSR,Cosmos-3M (11K65M),Launch Successful,1987-01-21 09:10:00+00:00,"Site 132/2, Plesetsk Cosmodrome, Russia",Unknown,1987,1,21,Wednesday,9,40,81,7,89
Cosmos-3M (11K65M) | Cosmos 1815,RVSN USSR,Cosmos-3M (11K65M),Launch Successful,1987-01-22 07:00:00+00:00,"Site 107/1, Kapustin Yar, Russia",Unknown,1987,1,22,Thursday,7,40,81,7,84
Molniya-M /Block ML | Molniya-3 n†­129,RVSN USSR,Molniya-M /Block ML,Launch Successful,1987-01-22 16:06:00+00:00,"Site 41/1, Plesetsk Cosmodrome, Russia",Unknown,1987,1,22,Thursday,16,40,197,7,106
Cosmos-3M (11K65M) | Cosmos 1816,RVSN USSR,Cosmos-3M (11K65M),Partial Failure,1987-01-29 06:14:00+00:00,"Site 132/2, Plesetsk Cosmodrome, Russia",Unknown,1987,1,29,Thursday,6,40,81,7,89
Tsyklon-2 | Cosmos 1818,RVSN USSR,Tsyklon-2,Launch Successful,1987-02-01 23:30:00+00:00,"Site 90/20, Baikonur Cosmodrome, Kazakhstan",Unknown,1987,2,1,Sunday,23,40,321,7,117
Mu-III S2 | Ginga,ISAS,Mu-III S2,Launch Successful,1987-02-05 06:30:00+00:00,"Mu Pad, Uchinoura Space Center, Japan",Unknown,1987,2,5,Thursday,6,22,204,7,48
Titan III(34)B Agena-D | Quasar 7,Martin Marietta,Titan III(34)B Agena-D,Launch Successful,1987-02-12 00:00:00+00:00,"SLC-4W, Vandenberg AFB, California, USA",Unknown,1987,2,12,Thursday,0,34,303,7,73
Zenit-2 | Cosmos 1820,RVSN USSR,Zenit-2,Launch Successful,1987-02-14 08:30:00+00:00,"Site 45/1, Baikonur Cosmodrome, Kazakhstan",Unknown,1987,2,14,Saturday,8,40,335,7,110
Cosmos-3M (11K65M) | Cosmos 1821,RVSN USSR,Cosmos-3M (11K65M),Launch Successful,1987-02-18 13:53:00+00:00,"Site 132/2, Plesetsk Cosmodrome, Russia",Unknown,1987,2,18,Wednesday,13,40,81,7,89
N-II | Momo 1a,MHI,N-II,Launch Successful,1987-02-19 01:23:00+00:00,"LA-Y1, Tanegashima Space Center, Japan",Unknown,1987,2,19,Thursday,1,32,210,7,17
Tsyklon-3 | Cosmos 1823,RVSN USSR,Tsyklon-3,Launch Successful,1987-02-20 04:43:00+00:00,"Site 32/2, Plesetsk Cosmodrome, Russia",Unknown,1987,2,20,Friday,4,40,323,7,103
Tsyklon-3 | Cosmos 1825,RVSN USSR,Tsyklon-3,Launch Successful,1987-03-03 15:02:00+00:00,"Site 32/2, Plesetsk Cosmodrome, Russia",Unknown,1987,3,3,Tuesday,15,40,323,7,103
Tsyklon-3 | Cosmos 1827 to 1832,RVSN USSR,Tsyklon-3,Launch Successful,1987-03-13 13:12:00+00:00,"Site 32/2, Plesetsk Cosmodrome, Russia",Unknown,1987,3,13,Friday,13,40,323,7,103
Zenit-2 | Cosmos 1833,RVSN USSR,Zenit-2,Launch Successful,1987-03-18 08:30:00+00:00,"Site 45/1, Baikonur Cosmodrome, Kazakhstan",Unknown,1987,3,18,Wednesday,8,40,335,7,110
ASLV | SROSS-A,ISRO,ASLV,Launch Failure,1987-03-24 06:39:00+00:00,"SLV LP, Satish Dhawan Space Centre, India",Unknown,1987,3,24,Tuesday,6,23,0,7,79
Atlas-G Centaur-D1AR | FLTSATCOM-6,General Dynamics,Atlas-G Centaur-D1AR,Launch Failure,1987-03-26 21:22:00+00:00,"SLC-36B, Cape Canaveral AFS, Florida, USA",Unknown,1987,3,26,Thursday,21,17,56,7,65
Tsyklon-2 | Cosmos 1834,RVSN USSR,Tsyklon-2,Launch Successful,1987-04-08 03:51:00+00:00,"Site 90/19, Baikonur Cosmodrome, Kazakhstan",Unknown,1987,4,8,Wednesday,3,40,321,7,116
Tsyklon-3 | Cosmos 1842,RVSN USSR,Tsyklon-3,Launch Successful,1987-04-26 23:59:00+00:00,"Site 32/2, Plesetsk Cosmodrome, Russia",Unknown,1987,4,26,Sunday,23,40,323,7,103
Zenit-2 | Cosmos 1844,RVSN USSR,Zenit-2,Launch Successful,1987-05-13 05:40:00+00:00,"Site 45/1, Baikonur Cosmodrome, Kazakhstan",Unknown,1987,5,13,Wednesday,5,40,335,7,110
Atlas-H MSD | NOSS-9,General Dynamics,Atlas-H MSD,Launch Successful,1987-05-15 15:45:00+00:00,"SLC-3E, Vandenberg AFB, California, USA",Unknown,1987,5,15,Friday,15,17,57,7,67
Energiya/Polyus | Polyus Space Station,RVSN USSR,Energiya/Polyus,Launch Successful,1987-05-15 17:30:00+00:00,"Site 250, Baikonur Cosmodrome, Kazakhstan",Unknown,1987,5,15,Friday,17,40,122,7,100
Molniya-M /Block 2BL | Cosmos 1849,RVSN USSR,Molniya-M /Block 2BL,Launch Successful,1987-06-04 18:50:00+00:00,"Site 16/2, Plesetsk Cosmodrome, Russia",Unknown,1987,6,4,Thursday,18,40,195,7,93
Cosmos-3M (11K65M) | Cosmos 1850,RVSN USSR,Cosmos-3M (11K65M),Launch Successful,1987-06-09 14:45:00+00:00,"Site 132/1, Plesetsk Cosmodrome, Russia",Unknown,1987,6,9,Tuesday,14,40,81,7,88
Molniya-M /Block 2BL | Cosmos 1851,RVSN USSR,Molniya-M /Block 2BL,Launch Successful,1987-06-12 07:40:00+00:00,"Site 43/4, Plesetsk Cosmodrome, Russia",Unknown,1987,6,12,Friday,7,40,195,7,109
Cosmos-3M (11K65M) | Cosmos 1852 to 1859,RVSN USSR,Cosmos-3M (11K65M),Launch Successful,1987-06-16 17:51:00+00:00,"Site 132/1, Plesetsk Cosmodrome, Russia",Unknown,1987,6,16,Tuesday,17,40,81,7,88
Tsyklon-2 | Cosmos 1860,RVSN USSR,Tsyklon-2,Launch Successful,1987-06-18 21:33:00+00:00,"Site 90/19, Baikonur Cosmodrome, Kazakhstan",Unknown,1987,6,18,Thursday,21,40,321,7,116
Atlas-E/F Star-37S-ISS | DMSP 5D-2/F8,General Dynamics,Atlas-E/F Star-37S-ISS,Launch Successful,1987-06-20 02:34:00+00:00,"SLC-3W, Vandenberg AFB, California, USA",Unknown,1987,6,20,Saturday,2,17,55,7,68
Cosmos-3M (11K65M) | Cosmos 1861,RVSN USSR,Cosmos-3M (11K65M),Launch Successful,1987-06-23 07:37:00+00:00,"Site 132/1, Plesetsk Cosmodrome, Russia",Unknown,1987,6,23,Tuesday,7,40,81,7,88
Tsyklon-3 | Cosmos 1862,RVSN USSR,Tsyklon-3,Launch Successful,1987-07-01 19:35:00+00:00,"Site 32/2, Plesetsk Cosmodrome, Russia",Unknown,1987,7,1,Wednesday,19,40,323,7,103
Cosmos-3M (11K65M) | Cosmos 1864,RVSN USSR,Cosmos-3M (11K65M),Launch Successful,1987-07-06 21:59:00+00:00,"Site 132/2, Plesetsk Cosmodrome, Russia",Unknown,1987,7,6,Monday,21,40,81,7,89
Tsyklon-2 | Cosmos 1867,RVSN USSR,Tsyklon-2,Launch Successful,1987-07-10 15:35:00+00:00,"Site 90/20, Baikonur Cosmodrome, Kazakhstan",Unknown,1987,7,10,Friday,15,40,321,7,117
Cosmos-3M (11K65M) | Cosmos 1868,RVSN USSR,Cosmos-3M (11K65M),Launch Successful,1987-07-14 14:00:00+00:00,"Site 132/2, Plesetsk Cosmodrome, Russia",Unknown,1987,7,14,Tuesday,14,40,81,7,89
Tsyklon-3 | Cosmos 1869,RVSN USSR,Tsyklon-3,Launch Successful,1987-07-16 04:25:00+00:00,"Site 32/2, Plesetsk Cosmodrome, Russia",Unknown,1987,7,16,Thursday,4,40,323,7,103
Zenit-2 | Cosmos 1871,RVSN USSR,Zenit-2,Launch Successful,1987-08-01 03:59:00+00:00,"Site 45/1, Baikonur Cosmodrome, Kazakhstan",Unknown,1987,8,1,Saturday,3,40,335,7,110
Long March 2C | FSW-0 No.9,CASC,Long March 2C,Launch Successful,1987-08-05 06:39:00+00:00,"Site 138 (LA-2B), Jiuquan Satellite Launch Center, China",Unknown,1987,8,5,Wednesday,6,7,164,7,91
Tsyklon-3 | Meteor-2 n†­16,RVSN USSR,Tsyklon-3,Launch Successful,1987-08-18 02:26:00+00:00,"Site 32/1, Plesetsk Cosmodrome, Russia",Unknown,1987,8,18,Tuesday,2,40,323,7,102
H-I UM-129A (9SO) | Kiku 5,MHI,H-I UM-129A (9SO),Launch Successful,1987-08-27 09:20:00+00:00,"LA-Y1, Tanegashima Space Center, Japan",Unknown,1987,8,27,Thursday,9,32,141,7,17
Zenit-2 | Cosmos 1873,RVSN USSR,Zenit-2,Launch Successful,1987-08-28 08:20:00+00:00,"Site 45/1, Baikonur Cosmodrome, Kazakhstan",Unknown,1987,8,28,Friday,8,40,335,7,110
Tsyklon-3 | Cosmos 1875 to 1880,RVSN USSR,Tsyklon-3,Launch Successful,1987-09-07 23:50:00+00:00,"Site 32/1, Plesetsk Cosmodrome, Russia",Unknown,1987,9,7,Monday,23,40,323,7,102
Long March 2C | FSW-1 No.1,CASC,Long March 2C,Launch Successful,1987-09-09 07:15:00+00:00,"Site 138 (LA-2B), Jiuquan Satellite Launch Center, China",Unknown,1987,9,9,Wednesday,7,7,164,7,91
"Ariane 3 | Aussat-A3, Eutelsat 1-F4",Arianespace,Ariane 3,Launch Successful,1987-09-16 00:45:00+00:00,"ELA-1, Guiana Space Centre, French Guiana, France",Unknown,1987,9,16,Wednesday,0,3,11,7,3
Tsyklon-2 | Cosmos 1890,RVSN USSR,Tsyklon-2,Launch Successful,1987-10-10 21:48:00+00:00,"Site 90/19, Baikonur Cosmodrome, Kazakhstan",Unknown,1987,10,10,Saturday,21,40,321,7,116
Cosmos-3M (11K65M) | Cosmos 1891,RVSN USSR,Cosmos-3M (11K65M),Launch Successful,1987-10-14 12:35:00+00:00,"Site 133/3, Plesetsk Cosmodrome, Russia",Unknown,1987,10,14,Wednesday,12,40,81,7,90
Tsyklon-3 | Cosmos 1892,RVSN USSR,Tsyklon-3,Launch Successful,1987-10-20 09:08:00+00:00,"Site 32/1, Plesetsk Cosmodrome, Russia",Unknown,1987,10,20,Tuesday,9,40,323,7,102
Titan 34D | USA-27 (KH-11),Martin Marietta,Titan 34D,Launch Successful,1987-10-26 21:32:00+00:00,"SLC-4E, Vandenberg AFB, California, USA",Unknown,1987,10,26,Monday,21,34,297,7,72
Ariane 2 | TVSAT-1,Arianespace,Ariane 2,Launch Successful,1987-11-21 02:19:00+00:00,"ELA-2, Guiana Space Centre, French Guiana, France",Unknown,1987,11,21,Saturday,2,3,10,7,4
Titan 34D | DSP-13,Martin Marietta,Titan 34D,Launch Successful,1987-11-29 03:27:00+00:00,"SLC-40, Cape Canaveral AFS, Florida, USA",Unknown,1987,11,29,Sunday,3,34,297,7,69
Cosmos-3M (11K65M) | Cosmos 1898,RVSN USSR,Cosmos-3M (11K65M),Launch Successful,1987-12-01 14:15:00+00:00,"Site 132/1, Plesetsk Cosmodrome, Russia",Unknown,1987,12,1,Tuesday,14,40,81,7,88
Tsyklon-2 | Cosmos 1900,RVSN USSR,Tsyklon-2,Launch Successful,1987-12-12 05:40:00+00:00,"Site 90/20, Baikonur Cosmodrome, Kazakhstan",Unknown,1987,12,12,Saturday,5,40,321,7,117
Cosmos-3M (11K65M) | Cosmos 1902,RVSN USSR,Cosmos-3M (11K65M),Launch Successful,1987-12-15 13:30:00+00:00,"Site 133/3, Plesetsk Cosmodrome, Russia",Unknown,1987,12,15,Tuesday,13,40,81,7,90
Molniya-M /Block 2BL | Cosmos 1903,RVSN USSR,Molniya-M /Block 2BL,Launch Successful,1987-12-21 22:35:00+00:00,"Site 41/1, Plesetsk Cosmodrome, Russia",Unknown,1987,12,21,Monday,22,40,195,7,106
Cosmos-3M (11K65M) | Cosmos 1904,RVSN USSR,Cosmos-3M (11K65M),Launch Successful,1987-12-23 20:22:00+00:00,"Site 133/3, Plesetsk Cosmodrome, Russia",Unknown,1987,12,23,Wednesday,20,40,81,7,90
Tsyklon-3 | Cosmos 1909 to 1914,RVSN USSR,Tsyklon-3,Launch Successful,1988-01-15 03:49:00+00:00,"Site 32/1, Plesetsk Cosmodrome, Russia",Unknown,1988,1,15,Friday,3,40,323,7,102
Tsyklon-3 | Meteor-2 n†­17,RVSN USSR,Tsyklon-3,Launch Successful,1988-01-30 10:59:00+00:00,"Site 32/1, Plesetsk Cosmodrome, Russia",Unknown,1988,1,30,Saturday,10,40,323,7,102
Atlas-E/F Star-37S-ISS | DMSP 5D-2/F9,General Dynamics,Atlas-E/F Star-37S-ISS,Launch Successful,1988-02-03 05:53:00+00:00,"SLC-3W, Vandenberg AFB, California, USA",Unknown,1988,2,3,Wednesday,5,17,55,7,68
H-I UM-129A (9SO) | Sakura 3A,MHI,H-I UM-129A (9SO),Launch Successful,1988-02-19 10:05:00+00:00,"LA-Y1, Tanegashima Space Center, Japan",Unknown,1988,2,19,Friday,10,32,141,7,17
Molniya-M /Block 2BL | Cosmos 1922,RVSN USSR,Molniya-M /Block 2BL,Launch Successful,1988-02-26 09:31:00+00:00,"Site 41/1, Plesetsk Cosmodrome, Russia",Unknown,1988,2,26,Friday,9,40,195,7,106
Long March 3 | DFH-2A-T2,CASC,Long March 3,Launch Successful,1988-03-07 12:41:00+00:00,"LC-3, Xichang Satellite Launch Center, China",Unknown,1988,3,7,Monday,12,7,172,7,32
Cosmos-3M (11K65M) | Cosmos 1924 to 1931,RVSN USSR,Cosmos-3M (11K65M),Launch Successful,1988-03-11 00:18:00+00:00,"Site 132/1, Plesetsk Cosmodrome, Russia",Unknown,1988,3,11,Friday,0,40,81,7,88
Molniya-M /Block ML | Molniya-1 n†­130,RVSN USSR,Molniya-M /Block ML,Launch Successful,1988-03-11 06:38:00+00:00,"Site 1/5, Baikonur Cosmodrome, Kazakhstan",Unknown,1988,3,11,Friday,6,40,197,7,83
"Ariane 3 | Spacenet 3R, Telecom 1C",Arianespace,Ariane 3,Launch Successful,1988-03-11 23:28:00+00:00,"ELA-1, Guiana Space Centre, French Guiana, France",Unknown,1988,3,11,Friday,23,3,11,7,3
Tsyklon-2 | Cosmos 1932,RVSN USSR,Tsyklon-2,Launch Successful,1988-03-14 14:21:00+00:00,"Site 90/19, Baikonur Cosmodrome, Kazakhstan",Unknown,1988,3,14,Monday,14,40,321,7,116
Tsyklon-3 | Cosmos 1933,RVSN USSR,Tsyklon-3,Launch Successful,1988-03-15 18:49:00+00:00,"Site 32/2, Plesetsk Cosmodrome, Russia",Unknown,1988,3,15,Tuesday,18,40,323,7,103
Vostok-2M | IRS-1A,RVSN USSR,Vostok-2M,Launch Successful,1988-03-17 06:43:00+00:00,"Site 31/6, Baikonur Cosmodrome, Kazakhstan",Unknown,1988,3,17,Thursday,6,40,334,7,101
Molniya-M /Block ML | Molniya-1 n†­131,RVSN USSR,Molniya-M /Block ML,Launch Successful,1988-03-17 20:55:00+00:00,"Site 43/4, Plesetsk Cosmodrome, Russia",Unknown,1988,3,17,Thursday,20,40,197,7,109
Cosmos-3M (11K65M) | Cosmos 1934,RVSN USSR,Cosmos-3M (11K65M),Launch Successful,1988-03-22 14:07:00+00:00,"Site 132/1, Plesetsk Cosmodrome, Russia",Unknown,1988,3,22,Tuesday,14,40,81,7,88
Scout G1 | San Marco 5,ASI,Scout G1,Launch Successful,1988-03-25 19:50:00+00:00,"SM Launch Tab, San Marco Launch Platform, Kenya",Unknown,1988,3,25,Friday,19,2,246,7,80
Cosmos-3M (11K65M) | Cosmos 1937,RVSN USSR,Cosmos-3M (11K65M),Launch Successful,1988-04-05 14:31:00+00:00,"Site 133/3, Plesetsk Cosmodrome, Russia",Unknown,1988,4,5,Tuesday,14,40,81,7,90
Vostok-2M | Cosmos 1939,RVSN USSR,Vostok-2M,Launch Successful,1988-04-20 05:48:00+00:00,"Site 31/6, Baikonur Cosmodrome, Kazakhstan",Unknown,1988,4,20,Wednesday,5,40,334,7,101
Zenit-2 | Cosmos 1943,RVSN USSR,Zenit-2,Launch Successful,1988-05-15 09:20:00+00:00,"Site 45/1, Baikonur Cosmodrome, Kazakhstan",Unknown,1988,5,15,Sunday,9,40,335,7,110
Ariane 2 | Intelsat 3AF13,Arianespace,Ariane 2,Launch Successful,1988-05-17 23:58:00+00:00,"ELA-1, Guiana Space Centre, French Guiana, France",Unknown,1988,5,17,Tuesday,23,3,10,7,3
Molniya-M /Block ML | Molniya-3 n†­132,RVSN USSR,Molniya-M /Block ML,Launch Successful,1988-05-26 15:27:00+00:00,"Site 43/4, Plesetsk Cosmodrome, Russia",Unknown,1988,5,26,Thursday,15,40,197,7,109
Tsyklon-2 | Cosmos 1949,RVSN USSR,Tsyklon-2,Launch Successful,1988-05-28 02:49:00+00:00,"Site 90/19, Baikonur Cosmodrome, Kazakhstan",Unknown,1988,5,28,Saturday,2,40,321,7,116
Tsyklon-3 | Cosmos 1950,RVSN USSR,Tsyklon-3,Launch Successful,1988-05-30 07:59:00+00:00,"Site 32/1, Plesetsk Cosmodrome, Russia",Unknown,1988,5,30,Monday,7,40,323,7,102
Tsyklon-3 | Cosmos 1908,RVSN USSR,Tsyklon-3,Launch Successful,1988-06-01 07:40:00+00:00,"Site 32/2, Plesetsk Cosmodrome, Russia",Unknown,1988,6,1,Wednesday,7,40,323,7,103
Tsyklon-3 | Cosmos 1953,RVSN USSR,Tsyklon-3,Launch Successful,1988-06-14 03:17:00+00:00,"Site 32/2, Plesetsk Cosmodrome, Russia",Unknown,1988,6,14,Tuesday,3,40,323,7,103
"Ariane 44LP | Meteosat 3, Panamsat-1, Oscar 13",ESA,Ariane 44LP,Launch Successful,1988-06-15 11:19:00+00:00,"ELA-2, Guiana Space Centre, French Guiana, France",Unknown,1988,6,15,Wednesday,11,13,16,7,4
Cosmos-3M (11K65M) | Cosmos 1954,RVSN USSR,Cosmos-3M (11K65M),Launch Successful,1988-06-21 16:26:00+00:00,"Site 133/3, Plesetsk Cosmodrome, Russia",Unknown,1988,6,21,Tuesday,16,40,81,7,90
Tsyklon-3 | Okean 1,RVSN USSR,Tsyklon-3,Launch Successful,1988-07-05 09:45:00+00:00,"Site 32/1, Plesetsk Cosmodrome, Russia",Unknown,1988,7,5,Tuesday,9,40,323,7,102
Cosmos-3M (11K65M) | Cosmos 1958,RVSN USSR,Cosmos-3M (11K65M),Launch Successful,1988-07-14 11:40:00+00:00,"Site 132/1, Plesetsk Cosmodrome, Russia",Unknown,1988,7,14,Thursday,11,40,81,7,88
Cosmos-3M (11K65M) | Cosmos 1959,RVSN USSR,Cosmos-3M (11K65M),Launch Successful,1988-07-18 22:28:00+00:00,"Site 133/3, Plesetsk Cosmodrome, Russia",Unknown,1988,7,18,Monday,22,40,81,7,90
"Ariane 3 | Insat 1C, Eutelsat-1 F5",Arianespace,Ariane 3,Launch Successful,1988-07-21 23:12:00+00:00,"ELA-1, Guiana Space Centre, French Guiana, France",Unknown,1988,7,21,Thursday,23,3,11,7,3
Tsyklon-3 | Meteor-3 n†­2,RVSN USSR,Tsyklon-3,Launch Successful,1988-07-26 05:01:00+00:00,"Site 32/2, Plesetsk Cosmodrome, Russia",Unknown,1988,7,26,Tuesday,5,40,323,7,103
Cosmos-3M (11K65M) | Cosmos 1960,RVSN USSR,Cosmos-3M (11K65M),Launch Successful,1988-07-28 11:20:00+00:00,"Site 132/1, Plesetsk Cosmodrome, Russia",Unknown,1988,7,28,Thursday,11,40,81,7,88
ASLV | SROSS-B,ISRO,ASLV,Launch Failure,1988-07-31 09:18:00+00:00,"SLV LP, Satish Dhawan Space Centre, India",Unknown,1988,7,31,Sunday,9,23,0,7,79
Long March 2C | FSW-1 No.2,CASC,Long March 2C,Launch Successful,1988-08-05 07:29:00+00:00,"Site 138 (LA-2B), Jiuquan Satellite Launch Center, China",Unknown,1988,8,5,Friday,7,7,164,7,91
Molniya-M /Block 2BL | Cosmos 1966,RVSN USSR,Molniya-M /Block 2BL,Launch Successful,1988-08-30 14:14:00+00:00,"Site 16/2, Plesetsk Cosmodrome, Russia",Unknown,1988,8,30,Tuesday,14,40,195,7,93
Titan 34D | USA-31 (Vortex),Martin Marietta,Titan 34D,Partial Failure,1988-09-02 12:05:00+00:00,"SLC-40, Cape Canaveral AFS, Florida, USA",Unknown,1988,9,2,Friday,12,34,297,7,69
Titan II(23)G | USA-32,Martin Marietta,Titan II(23)G,Launch Successful,1988-09-05 09:25:00+00:00,"SLC-4W, Vandenberg AFB, California, USA",Unknown,1988,9,5,Monday,9,34,299,7,73
Long March 4A | Fengyun 1A,CASC,Long March 4A,Launch Successful,1988-09-06 20:30:00+00:00,"Taiyuan Satellite Launch Center, China",Unknown,1988,9,6,Tuesday,20,7,180,7,128
"Ariane 3 | GStar 5, SBS 5",Arianespace,Ariane 3,Launch Successful,1988-09-08 23:00:00+00:00,"ELA-2, Guiana Space Centre, French Guiana, France",Unknown,1988,9,8,Thursday,23,3,11,7,4
H-I UM-129A (9SO) | Sakura 3B,MHI,H-I UM-129A (9SO),Launch Successful,1988-09-16 09:59:00+00:00,"LA-Y1, Tanegashima Space Center, Japan",Unknown,1988,9,16,Friday,9,32,141,7,17
Atlas-E/F Star-37S-ISS | NOAA-H,General Dynamics,Atlas-E/F Star-37S-ISS,Launch Successful,1988-09-24 10:02:00+00:00,"SLC-3W, Vandenberg AFB, California, USA",Unknown,1988,9,24,Saturday,10,17,55,7,68
Molniya-M /Block ML | Molniya-3 n†­134,RVSN USSR,Molniya-M /Block ML,Launch Successful,1988-09-29 09:07:00+00:00,"Site 41/1, Plesetsk Cosmodrome, Russia",Unknown,1988,9,29,Thursday,9,40,197,7,106
Space Shuttle Discovery | STS-26R,NASA,Space Shuttle Discovery,Launch Successful,1988-09-29 15:37:00+00:00,"LC-39A, Kennedy Space Center, Florida, USA",Unknown,1988,9,29,Thursday,15,35,279,7,34
Molniya-M /Block 2BL | Cosmos 1974,RVSN USSR,Molniya-M /Block 2BL,Launch Successful,1988-10-03 22:23:00+00:00,"Site 41/1, Plesetsk Cosmodrome, Russia",Unknown,1988,10,3,Monday,22,40,195,7,106
Tsyklon-3 | Cosmos 1975,RVSN USSR,Tsyklon-3,Launch Successful,1988-10-11 08:01:00+00:00,"Site 32/1, Plesetsk Cosmodrome, Russia",Unknown,1988,10,11,Tuesday,8,40,323,7,102
Molniya-M /Block 2BL | Cosmos 1977,RVSN USSR,Molniya-M /Block 2BL,Launch Successful,1988-10-25 18:02:00+00:00,"Site 41/1, Plesetsk Cosmodrome, Russia",Unknown,1988,10,25,Tuesday,18,40,195,7,106
Ariane 2 | TDF-1,Arianespace,Ariane 2,Launch Successful,1988-10-28 02:17:00+00:00,"ELA-1, Guiana Space Centre, French Guiana, France",Unknown,1988,10,28,Friday,2,3,10,7,3
Titan 34D | USA-33 (KH-11),Martin Marietta,Titan 34D,Launch Successful,1988-11-06 18:03:00+00:00,"SLC-4E, Vandenberg AFB, California, USA",Unknown,1988,11,6,Sunday,18,34,297,7,72
Energiya/Buran | Buran,RVSN USSR,Energiya/Buran,Launch Successful,1988-11-15 03:00:00+00:00,"Site 110/37, Baikonur Cosmodrome, Kazakhstan",Unknown,1988,11,15,Tuesday,3,40,121,7,86
Tsyklon-2 | Cosmos 1979,RVSN USSR,Tsyklon-2,Launch Successful,1988-11-18 00:12:00+00:00,"Site 90/19, Baikonur Cosmodrome, Kazakhstan",Unknown,1988,11,18,Friday,0,40,321,7,116
Zenit-2 | Cosmos 1980,RVSN USSR,Zenit-2,Launch Successful,1988-11-23 14:50:00+00:00,"Site 45/1, Baikonur Cosmodrome, Kazakhstan",Unknown,1988,11,23,Wednesday,14,40,335,7,110
Space Shuttle Atlantis | STS-27R,NASA,Space Shuttle Atlantis,Launch Successful,1988-12-02 14:30:00+00:00,"LC-39B, Kennedy Space Center, Florida, USA",Unknown,1988,12,2,Friday,14,35,276,7,35
"Ariane 44LP | Skynet 4B, Astra 1A",Arianespace,Ariane 44LP,Launch Successful,1988-12-11 00:33:00+00:00,"ELA-2, Guiana Space Centre, French Guiana, France",Unknown,1988,12,11,Sunday,0,3,16,7,4
Long March 3 | DFH-2A-T3,CASC,Long March 3,Launch Successful,1988-12-22 12:40:00+00:00,"LC-3, Xichang Satellite Launch Center, China",Unknown,1988,12,22,Thursday,12,7,172,7,32
Molniya-M /Block ML | Molniya-3 n†­135,RVSN USSR,Molniya-M /Block ML,Launch Successful,1988-12-22 14:15:00+00:00,"Site 43/3, Plesetsk Cosmodrome, Russia",Unknown,1988,12,22,Thursday,14,40,197,7,108
Molniya-M /Block ML | Molniya-1 n†­136,RVSN USSR,Molniya-M /Block ML,Launch Successful,1988-12-28 05:27:00+00:00,"Site 43/3, Plesetsk Cosmodrome, Russia",Unknown,1988,12,28,Wednesday,5,40,197,7,108
Ariane 2 | Intelsat-5A 15,Arianespace,Ariane 2,Launch Successful,1989-01-27 01:21:00+00:00,"ELA-1, Guiana Space Centre, French Guiana, France",Unknown,1989,1,27,Friday,1,3,10,7,3
Tsyklon-3 | Cosmos 1994 to 1999,RVSN USSR,Tsyklon-3,Launch Successful,1989-02-10 15:13:00+00:00,"Site 32/1, Plesetsk Cosmodrome, Russia",Unknown,1989,2,10,Friday,15,40,323,7,102
Molniya-M /Block 2BL | Cosmos 2001,RVSN USSR,Molniya-M /Block 2BL,Launch Successful,1989-02-14 04:21:00+00:00,"Site 43/3, Plesetsk Cosmodrome, Russia",Unknown,1989,2,14,Tuesday,4,40,195,7,108
Delta II 6925 | NAVSTAR II-1 (USA 35),Boeing,Delta II 6925,Launch Successful,1989-02-14 18:30:00+00:00,"SLC-17A, Cape Canaveral AFS, Florida, USA",Unknown,1989,2,14,Tuesday,18,6,89,7,57
Molniya-M /Block ML | Molniya-1 n†­137,RVSN USSR,Molniya-M /Block ML,Launch Successful,1989-02-15 11:00:00+00:00,"Site 1/5, Baikonur Cosmodrome, Kazakhstan",Unknown,1989,2,15,Wednesday,11,40,197,7,83
Mu-III S2 | Akebono,ISAS,Mu-III S2,Launch Successful,1989-02-21 23:30:00+00:00,"Mu Pad, Uchinoura Space Center, Japan",Unknown,1989,2,21,Tuesday,23,22,204,7,48
Cosmos-3M (11K65M) | Cosmos 2004,RVSN USSR,Cosmos-3M (11K65M),Launch Successful,1989-02-22 03:28:00+00:00,"Site 132/2, Plesetsk Cosmodrome, Russia",Unknown,1989,2,22,Wednesday,3,40,81,7,89
Cosmos-3M (11K65M) | Cosmos 1992,RVSN USSR,Cosmos-3M (11K65M),Launch Successful,1989-02-26 15:36:00+00:00,"Site 132/2, Plesetsk Cosmodrome, Russia",Unknown,1989,2,26,Sunday,15,40,81,7,89
Tsyklon-3 | Meteor-2 n†­18,RVSN USSR,Tsyklon-3,Launch Successful,1989-02-28 04:04:00+00:00,"Site 32/2, Plesetsk Cosmodrome, Russia",Unknown,1989,2,28,Tuesday,4,40,323,7,103
Ariane 44LP | JCSAT-1 & Meteosat 4,Arianespace,Ariane 44LP,Launch Successful,1989-03-06 23:29:00+00:00,"ELA-2, Guiana Space Centre, French Guiana, France",Unknown,1989,3,6,Monday,23,3,16,7,4
Space Shuttle Discovery | STS-29R,NASA,Space Shuttle Discovery,Launch Successful,1989-03-13 14:57:00+00:00,"LC-39B, Kennedy Space Center, Florida, USA",Unknown,1989,3,13,Monday,14,35,279,7,35
Cosmos-3M (11K65M) | Cosmos 2008 to 2015,RVSN USSR,Cosmos-3M (11K65M),Launch Successful,1989-03-24 13:38:00+00:00,"Site 132/2, Plesetsk Cosmodrome, Russia",Unknown,1989,3,24,Friday,13,40,81,7,89
Delta 3920-8 | Delta Star (USA 36),Douglas,Delta 3920-8,Launch Successful,1989-03-24 21:50:00+00:00,"SLC-17A, Cape Canaveral AFS, Florida, USA",Unknown,1989,3,24,Friday,21,11,83,7,57
Ariane 2 | TELE-X,Arianespace,Ariane 2,Launch Successful,1989-04-02 02:28:00+00:00,"ELA-1, Guiana Space Centre, French Guiana, France",Unknown,1989,4,2,Sunday,2,3,10,7,3
Cosmos-3M (11K65M) | Cosmos 2016,RVSN USSR,Cosmos-3M (11K65M),Launch Successful,1989-04-04 18:36:00+00:00,"Site 132/2, Plesetsk Cosmodrome, Russia",Unknown,1989,4,4,Tuesday,18,40,81,7,89
Space Shuttle Atlantis | STS-30R,NASA,Space Shuttle Atlantis,Launch Successful,1989-05-04 18:46:00+00:00,"LC-39B, Kennedy Space Center, Florida, USA",Unknown,1989,5,4,Thursday,18,35,276,7,35
Titan 34D | USA-37 (Vortex),Martin Marietta,Titan 34D,Launch Successful,1989-05-10 19:47:00+00:00,"SLC-40, Cape Canaveral AFS, Florida, USA",Unknown,1989,5,10,Wednesday,19,34,297,7,69
ASLV | SROSS C,ISRO,ASLV,Partial Failure,1989-05-22 01:40:00+00:00,"SLV LP, Satish Dhawan Space Centre, India",Unknown,1989,5,22,Monday,1,23,0,7,79
"Ariane 44L | Superbird-A, DFS-1",Arianespace,Ariane 44L,Launch Successful,1989-06-05 22:37:00+00:00,"ELA-2, Guiana Space Centre, French Guiana, France",Unknown,1989,6,5,Monday,22,3,15,7,4
Cosmos-3M (11K65M) | Cosmos 2026,RVSN USSR,Cosmos-3M (11K65M),Launch Successful,1989-06-07 05:12:00+00:00,"Site 132/2, Plesetsk Cosmodrome, Russia",Unknown,1989,6,7,Wednesday,5,40,81,7,89
Molniya-M /Block ML | Molniya-3 n†­138,RVSN USSR,Molniya-M /Block ML,Launch Successful,1989-06-08 17:09:00+00:00,"Site 43/3, Plesetsk Cosmodrome, Russia",Unknown,1989,6,8,Thursday,17,40,197,7,108
Tsyklon-3 | Okean 2a,RVSN USSR,Tsyklon-3,Launch Failure,1989-06-09 10:10:00+00:00,"Site 32/2, Plesetsk Cosmodrome, Russia",Unknown,1989,6,9,Friday,10,40,323,7,103
Delta II 6925 | NAVSTAR II-2,Boeing,Delta II 6925,Launch Successful,1989-06-10 22:30:00+00:00,"SLC-17A, Cape Canaveral AFS, Florida, USA",Unknown,1989,6,10,Saturday,22,6,89,7,57
Cosmos-3M (11K65M) | Cosmos 2027,RVSN USSR,Cosmos-3M (11K65M),Launch Successful,1989-06-14 12:30:00+00:00,"Site 133/3, Plesetsk Cosmodrome, Russia",Unknown,1989,6,14,Wednesday,12,40,81,7,90
Titan IV(402)A | DSP,Martin Marietta,Titan IV(402)A,Launch Successful,1989-06-14 13:18:00+00:00,"SLC-41, Cape Canaveral AFS, Florida, USA",Unknown,1989,6,14,Wednesday,13,34,311,7,70
Cosmos-3M (11K65M) | Nadiezhda n†­4,RVSN USSR,Cosmos-3M (11K65M),Launch Successful,1989-07-04 15:21:00+00:00,"Site 133/3, Plesetsk Cosmodrome, Russia",Unknown,1989,7,4,Tuesday,15,40,81,7,90
Ariane 3 | Olympus-1,Arianespace,Ariane 3,Launch Successful,1989-07-12 00:14:00+00:00,"ELA-1, Guiana Space Centre, French Guiana, France",Unknown,1989,7,12,Wednesday,0,3,11,7,3
Tsyklon-2 | Cosmos 2033,RVSN USSR,Tsyklon-2,Launch Successful,1989-07-24 00:00:00+00:00,"Site 90/20, Baikonur Cosmodrome, Kazakhstan",Unknown,1989,7,24,Monday,0,40,321,7,117
Cosmos-3M (11K65M) | Cosmos 2034,RVSN USSR,Cosmos-3M (11K65M),Launch Successful,1989-07-25 07:48:00+00:00,"Site 133/3, Plesetsk Cosmodrome, Russia",Unknown,1989,7,25,Tuesday,7,40,81,7,90
Space Shuttle Columbia | STS-28R,NASA,Space Shuttle Columbia,Launch Successful,1989-08-08 12:37:00+00:00,"LC-39B, Kennedy Space Center, Florida, USA",Unknown,1989,8,8,Tuesday,12,35,278,7,35
"Ariane 44LP | TVSAT-2, Hipparcos",Arianespace,Ariane 44LP,Launch Successful,1989-08-08 23:25:00+00:00,"ELA-2, Guiana Space Centre, French Guiana, France",Unknown,1989,8,8,Tuesday,23,3,16,7,4
Delta II 6925 | NAVSTAR II-3,Boeing,Delta II 6925,Launch Successful,1989-08-18 05:58:00+00:00,"SLC-17A, Cape Canaveral AFS, Florida, USA",Unknown,1989,8,18,Friday,5,6,89,7,57
Delta II 6925 | BSB-R1,Boeing,Delta II 6925,Launch Successful,1989-08-27 22:59:00+00:00,"SLC-17B, Cape Canaveral AFS, Florida, USA",Unknown,1989,8,27,Sunday,22,6,89,7,58
Tsyklon-3 | Cosmos 2037,RVSN USSR,Tsyklon-3,Launch Successful,1989-08-28 00:14:00+00:00,"Site 32/2, Plesetsk Cosmodrome, Russia",Unknown,1989,8,28,Monday,0,40,323,7,103
Titan 34D | DSCS-II-16 & DSCS-III-A2,Martin Marietta,Titan 34D,Launch Successful,1989-09-04 05:54:00+00:00,"SLC-40, Cape Canaveral AFS, Florida, USA",Unknown,1989,9,4,Monday,5,34,297,7,69
H-I UM-129A (6SO) | Himawari 4,MHI,H-I UM-129A (6SO),Launch Successful,1989-09-05 19:11:00+00:00,"LA-Y1, Tanegashima Space Center, Japan",Unknown,1989,9,5,Tuesday,19,32,140,7,17
Titan II(23)G | USA-45,Martin Marietta,Titan II(23)G,Launch Successful,1989-09-06 01:48:00+00:00,"SLC-4W, Vandenberg AFB, California, USA",Unknown,1989,9,6,Wednesday,1,34,299,7,73
Tsyklon-3 | Cosmos 2038 to 2043,RVSN USSR,Tsyklon-3,Launch Successful,1989-09-14 09:49:00+00:00,"Site 32/1, Plesetsk Cosmodrome, Russia",Unknown,1989,9,14,Thursday,9,40,323,7,102
Atlas-G Centaur-D1AR | FLTSATCOM-8,General Dynamics,Atlas-G Centaur-D1AR,Launch Successful,1989-09-25 08:56:00+00:00,"SLC-36B, Cape Canaveral AFS, Florida, USA",Unknown,1989,9,25,Monday,8,17,56,7,65
Molniya-M /Block ML | Molniya-1 n†­139,RVSN USSR,Molniya-M /Block ML,Launch Successful,1989-09-27 14:38:00+00:00,"Site 43/4, Plesetsk Cosmodrome, Russia",Unknown,1989,9,27,Wednesday,14,40,197,7,109
Tsyklon-2 | Cosmos 2046,RVSN USSR,Tsyklon-2,Launch Successful,1989-09-27 16:20:00+00:00,"Site 90/20, Baikonur Cosmodrome, Kazakhstan",Unknown,1989,9,27,Wednesday,16,40,321,7,117
Tsyklon-3 | Intercosmos 24 & Magion 2,RVSN USSR,Tsyklon-3,Launch Successful,1989-09-28 00:04:00+00:00,"Site 32/2, Plesetsk Cosmodrome, Russia",Unknown,1989,9,28,Thursday,0,40,323,7,103
Space Shuttle Atlantis | STS-34R,NASA,Space Shuttle Atlantis,Launch Successful,1989-10-18 16:53:00+00:00,"LC-39B, Kennedy Space Center, Florida, USA",Unknown,1989,10,18,Wednesday,16,35,276,7,35
Tsyklon-3 | Meteor-3 n†­3,RVSN USSR,Tsyklon-3,Launch Successful,1989-10-24 21:35:00+00:00,"Site 32/1, Plesetsk Cosmodrome, Russia",Unknown,1989,10,24,Tuesday,21,40,323,7,102
Ariane 44L | Intelsat 6AF2,Arianespace,Ariane 44L,Launch Successful,1989-10-27 23:05:00+00:00,"ELA-2, Guiana Space Centre, French Guiana, France",Unknown,1989,10,27,Friday,23,3,15,7,4
Space Shuttle Discovery | STS-33R,NASA,Space Shuttle Discovery,Launch Successful,1989-11-23 00:23:00+00:00,"LC-39B, Kennedy Space Center, Florida, USA",Unknown,1989,11,23,Thursday,0,35,279,7,35
Molniya-M /Block 2BL | Cosmos 2050,RVSN USSR,Molniya-M /Block 2BL,Launch Successful,1989-11-23 20:35:00+00:00,"Site 16/2, Plesetsk Cosmodrome, Russia",Unknown,1989,11,23,Thursday,20,40,195,7,93
Tsyklon-2 | Cosmos 2051,RVSN USSR,Tsyklon-2,Launch Successful,1989-11-24 23:22:00+00:00,"Site 90/20, Baikonur Cosmodrome, Kazakhstan",Unknown,1989,11,24,Friday,23,40,321,7,117
Molniya-M /Block ML | Molniya-3 n†­140,RVSN USSR,Molniya-M /Block ML,Launch Successful,1989-11-28 10:01:00+00:00,"Site 43/3, Plesetsk Cosmodrome, Russia",Unknown,1989,11,28,Tuesday,10,40,197,7,108
Delta II 6925 | NAVSTAR II-5,Boeing,Delta II 6925,Launch Successful,1989-12-11 18:10:00+00:00,"SLC-17B, Cape Canaveral AFS, Florida, USA",Unknown,1989,12,11,Monday,18,6,89,7,58
Commercial Titan III | Skynet 4A & JCSAT-2,Martin Marietta,Commercial Titan III,Launch Successful,1990-01-01 00:07:00+00:00,"SLC-40, Cape Canaveral AFS, Florida, USA",Unknown,1990,1,1,Monday,0,34,75,7,69
Space Shuttle Columbia | STS-32,NASA,Space Shuttle Columbia,Launch Successful,1990-01-09 12:35:00+00:00,"LC-39A, Kennedy Space Center, Florida, USA",Unknown,1990,1,9,Tuesday,12,35,278,7,34
Cosmos-3M (11K65M) | Cosmos 2056,RVSN USSR,Cosmos-3M (11K65M),Launch Successful,1990-01-18 12:52:00+00:00,"Site 133/3, Plesetsk Cosmodrome, Russia",Unknown,1990,1,18,Thursday,12,40,81,7,90
"Ariane 40 | SPOT-2, Oscar 14-19",Arianespace,Ariane 40,Launch Successful,1990-01-22 01:35:00+00:00,"ELA-2, Guiana Space Centre, French Guiana, France",Unknown,1990,1,22,Monday,1,3,12,7,4
Molniya-M /Block ML | Molniya-3 n†­141,RVSN USSR,Molniya-M /Block ML,Launch Successful,1990-01-23 02:51:00+00:00,"Site 43/4, Plesetsk Cosmodrome, Russia",Unknown,1990,1,23,Tuesday,2,40,197,7,109
Mu-III S2 | Hiten,ISAS,Mu-III S2,Launch Successful,1990-01-24 11:46:00+00:00,"Mu Pad, Uchinoura Space Center, Japan",Unknown,1990,1,24,Wednesday,11,22,204,7,48
Delta II 6925 | USA-50 (GPS II-6),Boeing,Delta II 6925,Launch Successful,1990-01-24 22:55:00+00:00,"SLC-17A, Cape Canaveral AFS, Florida, USA",Navigation,1990,1,24,Wednesday,22,6,89,5,57
Tsyklon-3 | Cosmos 2058,RVSN USSR,Tsyklon-3,Launch Successful,1990-01-30 11:20:00+00:00,"Site 32/1, Plesetsk Cosmodrome, Russia",Unknown,1990,1,30,Tuesday,11,40,323,7,102
Delta II 6925 | USA-64 (GPS II-9),Boeing,Delta II 6925,Launch Successful,1990-01-30 21:56:00+00:00,"SLC-17A, Cape Canaveral AFS, Florida, USA",Navigation,1990,1,30,Tuesday,21,6,89,5,57
Long March 3 | DFH-2A-T4,CASC,Long March 3,Launch Successful,1990-02-04 12:28:00+00:00,"LC-3, Xichang Satellite Launch Center, China",Unknown,1990,2,4,Sunday,12,7,172,7,32
"H-I (9 SO) | Orizuru, Fuji 1b & Momo-1b",MHI,H-I (9 SO),Launch Successful,1990-02-07 01:33:00+00:00,"LA-Y1, Tanegashima Space Center, Japan",Unknown,1990,2,7,Wednesday,1,32,139,7,17
Delta II 6920-8 | LACE / RME,Boeing,Delta II 6920-8,Launch Successful,1990-02-14 16:15:00+00:00,"SLC-17B, Cape Canaveral AFS, Florida, USA",Unknown,1990,2,14,Wednesday,16,6,88,7,58
"Ariane 44L | Superbird-B, BS-2X",Arianespace,Ariane 44L,Launch Failure,1990-02-22 23:17:00+00:00,"ELA-2, Guiana Space Centre, French Guiana, France",Unknown,1990,2,22,Thursday,23,3,15,7,4
Cosmos-3M (11K65M) | Nadiezhda n†­5,RVSN USSR,Cosmos-3M (11K65M),Launch Successful,1990-02-27 20:59:00+00:00,"Site 132/2, Plesetsk Cosmodrome, Russia",Unknown,1990,2,27,Tuesday,20,40,81,7,89
Tsyklon-3 | Okean 2,RVSN USSR,Tsyklon-3,Launch Successful,1990-02-28 00:55:00+00:00,"Site 32/2, Plesetsk Cosmodrome, Russia",Unknown,1990,2,28,Wednesday,0,40,323,7,103
Space Shuttle Atlantis | STS-36,NASA,Space Shuttle Atlantis,Launch Successful,1990-02-28 07:50:00+00:00,"LC-39A, Kennedy Space Center, Florida, USA",Unknown,1990,2,28,Wednesday,7,35,276,7,34
Commercial Titan III | Intelsat 603,Martin Marietta,Commercial Titan III,Launch Failure,1990-03-14 11:52:00+00:00,"SLC-40, Cape Canaveral AFS, Florida, USA",Unknown,1990,3,14,Wednesday,11,34,75,7,69
Tsyklon-2 | Cosmos 2060,RVSN USSR,Tsyklon-2,Launch Successful,1990-03-14 15:27:00+00:00,"Site 90/20, Baikonur Cosmodrome, Kazakhstan",Unknown,1990,3,14,Wednesday,15,40,321,7,117
Cosmos-3M (11K65M) | Cosmos 2061,RVSN USSR,Cosmos-3M (11K65M),Launch Successful,1990-03-20 00:25:00+00:00,"Site 133/3, Plesetsk Cosmodrome, Russia",Unknown,1990,3,20,Tuesday,0,40,81,7,90
Delta II 6925 | USA-54 (GPS II-7),Boeing,Delta II 6925,Launch Successful,1990-03-26 02:45:00+00:00,"SLC-17A, Cape Canaveral AFS, Florida, USA",Navigation,1990,3,26,Monday,2,6,89,5,57
Molniya-M /Block 2BL | Cosmos 2063,RVSN USSR,Molniya-M /Block 2BL,Launch Successful,1990-03-27 16:40:00+00:00,"Site 43/3, Plesetsk Cosmodrome, Russia",Unknown,1990,3,27,Tuesday,16,40,195,7,108
Pegasus | Pegsat & NavySat,Northrop,Pegasus,Launch Successful,1990-04-05 19:10:00+00:00,"NB-52B Carrier, Edwards AFB, California, USA",Unknown,1990,4,5,Thursday,19,36,221,7,50
Cosmos-3M (11K65M) | Cosmos 2064 to 2071,RVSN USSR,Cosmos-3M (11K65M),Launch Successful,1990-04-06 03:12:00+00:00,"Site 133/3, Plesetsk Cosmodrome, Russia",Unknown,1990,4,6,Friday,3,40,81,7,90
Long March 3 | AsiaSat 1,CASC,Long March 3,Launch Successful,1990-04-07 13:30:00+00:00,"LC-3, Xichang Satellite Launch Center, China",Unknown,1990,4,7,Saturday,13,7,172,7,32
Atlas-E/F Altair | USA-56/57/58,Lockheed,Atlas-E/F Altair,Launch Successful,1990-04-11 15:00:00+00:00,"SLC-3W, Vandenberg AFB, California, USA",Unknown,1990,4,11,Wednesday,15,31,46,7,68
Delta II 6925-8 | Palapa B2R,Boeing,Delta II 6925-8,Launch Successful,1990-04-13 22:28:00+00:00,"SLC-17B, Cape Canaveral AFS, Florida, USA",Unknown,1990,4,13,Friday,22,6,90,7,58
Cosmos-3M (11K65M) | Cosmos 2074,RVSN USSR,Cosmos-3M (11K65M),Launch Successful,1990-04-20 18:41:00+00:00,"Site 133/3, Plesetsk Cosmodrome, Russia",Unknown,1990,4,20,Friday,18,40,81,7,90
Space Shuttle Discovery | STS-31,NASA,Space Shuttle Discovery,Launch Successful,1990-04-24 12:33:00+00:00,"LC-39B, Kennedy Space Center, Florida, USA",Unknown,1990,4,24,Tuesday,12,35,279,7,35
Cosmos-3M (11K65M) | Cosmos 2075,RVSN USSR,Cosmos-3M (11K65M),Launch Successful,1990-04-25 13:00:00+00:00,"Site 132/2, Plesetsk Cosmodrome, Russia",Unknown,1990,4,25,Wednesday,13,40,81,7,89
Molniya-M /Block ML | Molniya-1 n†­142,RVSN USSR,Molniya-M /Block ML,Launch Successful,1990-04-26 01:37:00+00:00,"Site 43/4, Plesetsk Cosmodrome, Russia",Unknown,1990,4,26,Thursday,1,40,197,7,109
Molniya-M /Block 2BL | Cosmos 2076,RVSN USSR,Molniya-M /Block 2BL,Launch Successful,1990-04-28 11:37:00+00:00,"Site 16/2, Plesetsk Cosmodrome, Russia",Unknown,1990,4,28,Saturday,11,40,195,7,93
Zenit-2 | Cosmos 2082,RVSN USSR,Zenit-2,Launch Successful,1990-05-22 05:14:00+00:00,"Site 45/2, Baikonur Cosmodrome, Kazakhstan",Unknown,1990,5,22,Tuesday,5,40,335,7,111
Delta II 6920-10 | ROSAT,Boeing,Delta II 6920-10,Launch Successful,1990-06-01 21:48:00+00:00,"SLC-17A, Cape Canaveral AFS, Florida, USA",Unknown,1990,6,1,Friday,21,6,87,7,57
Titan IV(405)A | SLDCOM & NOSS 3x,Martin Marietta,Titan IV(405)A,Launch Successful,1990-06-08 05:22:00+00:00,"SLC-41, Cape Canaveral AFS, Florida, USA",Unknown,1990,6,8,Friday,5,34,317,7,70
Delta 4925-8 | INSAT 1D,Boeing,Delta 4925-8,Launch Successful,1990-06-12 05:52:00+00:00,"SLC-17B, Cape Canaveral AFS, Florida, USA",Unknown,1990,6,12,Tuesday,5,6,84,7,58
Molniya-M /Block ML | Molniya-3 n†­143,RVSN USSR,Molniya-M /Block ML,Launch Successful,1990-06-13 01:07:00+00:00,"Site 43/3, Plesetsk Cosmodrome, Russia",Unknown,1990,6,13,Wednesday,1,40,197,7,108
Molniya-M /Block 2BL | Cosmos 2084,RVSN USSR,Molniya-M /Block 2BL,Partial Failure,1990-06-21 20:45:00+00:00,"Site 43/3, Plesetsk Cosmodrome, Russia",Unknown,1990,6,21,Thursday,20,40,195,7,108
Commercial Titan III | Intelsat 604,Martin Marietta,Commercial Titan III,Launch Successful,1990-06-23 11:19:00+00:00,"SLC-40, Cape Canaveral AFS, Florida, USA",Unknown,1990,6,23,Saturday,11,34,75,7,69
Tsyklon-3 | Meteor-2 n†­19,RVSN USSR,Tsyklon-3,Launch Successful,1990-06-25 22:29:00+00:00,"Site 32/1, Plesetsk Cosmodrome, Russia",Unknown,1990,6,25,Monday,22,40,323,7,102
"Long March 2E | Optus-B, Badr-1, mass simulator",CASC,Long March 2E,Launch Successful,1990-07-16 00:40:00+00:00,"LC-2, Xichang Satellite Launch Center, China",Unknown,1990,7,16,Monday,0,7,168,7,29
"Ariane 44L | TDF-2, DFS-2",Arianespace,Ariane 44L,Launch Successful,1990-07-24 22:25:00+00:00,"ELA-2, Guiana Space Centre, French Guiana, France",Unknown,1990,7,24,Tuesday,22,3,15,7,4
Molniya-M /Block 2BL | Cosmos 2087,RVSN USSR,Molniya-M /Block 2BL,Launch Successful,1990-07-25 18:13:00+00:00,"Site 16/2, Plesetsk Cosmodrome, Russia",Unknown,1990,7,25,Wednesday,18,40,195,7,93
Atlas I | CRRES,General Dynamics,Atlas I,Launch Successful,1990-07-25 19:21:00+00:00,"SLC-36B, Cape Canaveral AFS, Florida, USA",Unknown,1990,7,25,Wednesday,19,17,25,7,65
Tsyklon-3 | Cosmos 2088,RVSN USSR,Tsyklon-3,Launch Successful,1990-07-30 00:06:00+00:00,"Site 32/1, Plesetsk Cosmodrome, Russia",Unknown,1990,7,30,Monday,0,40,323,7,102
Tsyklon-3 | Cosmos 2090 to 2095,RVSN USSR,Tsyklon-3,Launch Successful,1990-08-08 14:15:00+00:00,"Site 32/2, Plesetsk Cosmodrome, Russia",Unknown,1990,8,8,Wednesday,14,40,323,7,103
Molniya-M /Block ML | Molniya-1 n†­144,RVSN USSR,Molniya-M /Block ML,Launch Successful,1990-08-10 20:18:00+00:00,"Site 43/4, Plesetsk Cosmodrome, Russia",Unknown,1990,8,10,Friday,20,40,197,7,109
Tsyklon-2 | Cosmos 2096,RVSN USSR,Tsyklon-2,Launch Successful,1990-08-23 16:17:00+00:00,"Site 90/20, Baikonur Cosmodrome, Kazakhstan",Unknown,1990,8,23,Thursday,16,40,321,7,117
Molniya-M /Block 2BL | Cosmos 2097,RVSN USSR,Molniya-M /Block 2BL,Launch Successful,1990-08-28 07:46:00+00:00,"Site 43/4, Plesetsk Cosmodrome, Russia",Unknown,1990,8,28,Tuesday,7,40,195,7,109
H-I UM-129A (9SO) | BS-3A,MHI,H-I UM-129A (9SO),Launch Successful,1990-08-28 09:05:00+00:00,"LA-Y1, Tanegashima Space Center, Japan",Unknown,1990,8,28,Tuesday,9,32,141,7,17
H-I (9 SO) | BS-3A (Yuri-3A),MHI,H-I (9 SO),Launch Successful,1990-08-28 09:05:00+00:00,"SLC-N, Tanegashima Space Center, Japan",Unknown,1990,8,28,Tuesday,9,32,139,7,78
Cosmos-3M (11K65M) | Cosmos 2098,RVSN USSR,Cosmos-3M (11K65M),Launch Successful,1990-08-28 15:45:00+00:00,"Site 133/3, Plesetsk Cosmodrome, Russia",Unknown,1990,8,28,Tuesday,15,40,81,7,90
"Ariane 44L | Skynet 4C, Eutelsat 2F1",Arianespace,Ariane 44L,Launch Successful,1990-08-30 22:46:00+00:00,"ELA-2, Guiana Space Centre, French Guiana, France",Unknown,1990,8,30,Thursday,22,3,15,7,4
Long March 4A | Fengyun-1B,CASC,Long March 4A,Launch Successful,1990-09-03 00:53:00+00:00,"Taiyuan Satellite Launch Center, China",Unknown,1990,9,3,Monday,0,7,180,7,128
Cosmos-3M (11K65M) | Cosmos 2100,RVSN USSR,Cosmos-3M (11K65M),Launch Successful,1990-09-14 05:59:00+00:00,"Site 133/3, Plesetsk Cosmodrome, Russia",Unknown,1990,9,14,Friday,5,40,81,7,90
Molniya-M /Block ML | Molniya-3 n†­145,RVSN USSR,Molniya-M /Block ML,Launch Successful,1990-09-20 20:16:00+00:00,"Site 43/4, Plesetsk Cosmodrome, Russia",Unknown,1990,9,20,Thursday,20,40,197,7,109
Tsyklon-3 | Meteor-2 n†­20,RVSN USSR,Tsyklon-3,Launch Successful,1990-09-28 07:30:00+00:00,"Site 32/1, Plesetsk Cosmodrome, Russia",Unknown,1990,9,28,Friday,7,40,323,7,102
Delta II 6925 | USA-63 (GPS II-8),Boeing,Delta II 6925,Launch Successful,1990-10-02 05:39:00+00:00,"SLC-17A, Cape Canaveral AFS, Florida, USA",Navigation,1990,10,2,Tuesday,5,6,89,5,57
Zenit-2 | Tselina-2 n†­8,RVSN USSR,Zenit-2,Launch Failure,1990-10-04 04:27:00+00:00,"Site 45/2, Baikonur Cosmodrome, Kazakhstan",Unknown,1990,10,4,Thursday,4,40,335,7,111
Long March 2C | FSW-1 No.3,CASC,Long March 2C,Launch Successful,1990-10-05 06:14:00+00:00,"Site 138 (LA-2B), Jiuquan Satellite Launch Center, China",Unknown,1990,10,5,Friday,6,7,164,7,91
Space Shuttle Discovery | STS-41,NASA,Space Shuttle Discovery,Launch Successful,1990-10-06 11:47:00+00:00,"LC-39B, Kennedy Space Center, Florida, USA",Unknown,1990,10,6,Saturday,11,35,279,7,35
"Ariane 44L | SBS-6, Galaxy-6",Arianespace,Ariane 44L,Launch Successful,1990-10-12 22:58:00+00:00,"ELA-2, Guiana Space Centre, French Guiana, France",Unknown,1990,10,12,Friday,22,3,15,7,4
Delta II 6925 | Thor 1,Boeing,Delta II 6925,Launch Successful,1990-10-18 05:39:00+00:00,"SLC-17B, Cape Canaveral AFS, Florida, USA",Unknown,1990,10,18,Thursday,5,6,89,7,58
Delta II 6925 | Inmarsat-2 F1,Boeing,Delta II 6925,Launch Successful,1990-10-30 23:16:00+00:00,"SLC-17B, Cape Canaveral AFS, Florida, USA",Unknown,1990,10,30,Tuesday,23,6,89,7,58
Titan IV(402)A | DSP,Martin Marietta,Titan IV(402)A,Launch Successful,1990-11-13 00:37:00+00:00,"SLC-41, Cape Canaveral AFS, Florida, USA",Unknown,1990,11,13,Tuesday,0,34,311,7,70
Tsyklon-2 | Cosmos 2103,RVSN USSR,Tsyklon-2,Launch Successful,1990-11-14 06:33:00+00:00,"Site 90/20, Baikonur Cosmodrome, Kazakhstan",Unknown,1990,11,14,Wednesday,6,40,321,7,117
Space Shuttle Atlantis | STS-38,NASA,Space Shuttle Atlantis,Launch Successful,1990-11-15 23:48:00+00:00,"LC-39A, Kennedy Space Center, Florida, USA",Unknown,1990,11,15,Thursday,23,35,276,7,34
Molniya-M /Block 2BL | Cosmos 2105,RVSN USSR,Molniya-M /Block 2BL,Launch Successful,1990-11-20 02:33:00+00:00,"Site 16/2, Plesetsk Cosmodrome, Russia",Unknown,1990,11,20,Tuesday,2,40,195,7,93
"Ariane 42P | Satcom C1, GStar-4",Arianespace,Ariane 42P,Launch Successful,1990-11-20 23:11:00+00:00,"ELA-2, Guiana Space Centre, French Guiana, France",Unknown,1990,11,20,Tuesday,23,3,14,7,4
Molniya-M /Block ML | Molniya-1 n†­146,RVSN USSR,Molniya-M /Block ML,Launch Successful,1990-11-23 03:51:00+00:00,"Site 43/3, Plesetsk Cosmodrome, Russia",Unknown,1990,11,23,Friday,3,40,197,7,108
Delta II 7925 | USA-66 (GPS IIA-1),Boeing,Delta II 7925,Launch Successful,1990-11-26 21:39:00+00:00,"SLC-17A, Cape Canaveral AFS, Florida, USA",Navigation,1990,11,26,Monday,21,6,103,5,57
Atlas-E/F Star-37S-ISS | DMSP F-10,General Dynamics,Atlas-E/F Star-37S-ISS,Launch Successful,1990-12-01 15:57:00+00:00,"SLC-3W, Vandenberg AFB, California, USA",Unknown,1990,12,1,Saturday,15,17,55,7,68
Space Shuttle Columbia | STS-35,NASA,Space Shuttle Columbia,Launch Successful,1990-12-02 06:49:00+00:00,"LC-39B, Kennedy Space Center, Florida, USA",Unknown,1990,12,2,Sunday,6,35,278,7,35
Tsyklon-2 | Cosmos 2107,RVSN USSR,Tsyklon-2,Launch Successful,1990-12-04 00:48:00+00:00,"Site 90/20, Baikonur Cosmodrome, Kazakhstan",Unknown,1990,12,4,Tuesday,0,40,321,7,117
Cosmos-3M (11K65M) | Cosmos 2112,RVSN USSR,Cosmos-3M (11K65M),Launch Successful,1990-12-10 07:54:00+00:00,"Site 133/3, Plesetsk Cosmodrome, Russia",Unknown,1990,12,10,Monday,7,40,81,7,90
Tsyklon-3 | Cosmos 2114 to 2119,RVSN USSR,Tsyklon-3,Launch Successful,1990-12-22 07:28:00+00:00,"Site 32/2, Plesetsk Cosmodrome, Russia",Unknown,1990,12,22,Saturday,7,40,323,7,103
Delta II 7925 | NATO 4A,Boeing,Delta II 7925,Launch Successful,1991-01-08 00:53:00+00:00,"SLC-17B, Cape Canaveral AFS, Florida, USA",Unknown,1991,1,8,Tuesday,0,6,103,7,58
"Ariane 44L | Italsat-1, Eutelsat 2F2",Arianespace,Ariane 44L,Launch Successful,1991-01-15 23:10:00+00:00,"ELA-2, Guiana Space Centre, French Guiana, France",Unknown,1991,1,15,Tuesday,23,3,15,7,4
Tsyklon-2 | Cosmos 2122,RVSN USSR,Tsyklon-2,Launch Successful,1991-01-18 11:34:00+00:00,"Site 90/20, Baikonur Cosmodrome, Kazakhstan",Unknown,1991,1,18,Friday,11,40,321,7,117
Cosmos-3M (11K65M) | Cosmos 2123,RVSN USSR,Cosmos-3M (11K65M),Launch Successful,1991-02-05 02:36:00+00:00,"Site 133/3, Plesetsk Cosmodrome, Russia",Unknown,1991,2,5,Tuesday,2,40,81,7,90
Cosmos-3M (11K65M) | Cosmos 2125 to 2132,RVSN USSR,Cosmos-3M (11K65M),Launch Successful,1991-02-12 02:44:00+00:00,"Site 133/3, Plesetsk Cosmodrome, Russia",Unknown,1991,2,12,Tuesday,2,40,81,7,90
Molniya-M /Block ML | Molniya-1 n†­147,RVSN USSR,Molniya-M /Block ML,Launch Successful,1991-02-15 15:19:00+00:00,"Site 43/3, Plesetsk Cosmodrome, Russia",Unknown,1991,2,15,Friday,15,40,197,7,108
Cosmos-3M (11K65M) | Cosmos 2135,RVSN USSR,Cosmos-3M (11K65M),Launch Successful,1991-02-26 04:53:00+00:00,"Site 133/3, Plesetsk Cosmodrome, Russia",Unknown,1991,2,26,Tuesday,4,40,81,7,90
"Ariane 44LP | Astra 1B, Meteosat 5",Arianespace,Ariane 44LP,Launch Successful,1991-03-02 23:36:00+00:00,"ELA-2, Guiana Space Centre, French Guiana, France",Unknown,1991,3,2,Saturday,23,3,16,7,4
Titan IV(403)A | Lacrosse,Martin Marietta,Titan IV(403)A,Launch Successful,1991-03-08 12:03:00+00:00,"SLC-4E, Vandenberg AFB, California, USA",Unknown,1991,3,8,Friday,12,34,313,7,72
Delta II 6925 | Inmarsat-2 F2,Boeing,Delta II 6925,Launch Successful,1991-03-08 23:03:00+00:00,"SLC-17B, Cape Canaveral AFS, Florida, USA",Unknown,1991,3,8,Friday,23,6,89,7,58
Cosmos-3M (11K65M) | Nadiezhda n†­6,RVSN USSR,Cosmos-3M (11K65M),Launch Successful,1991-03-12 19:29:00+00:00,"Site 133/3, Plesetsk Cosmodrome, Russia",Unknown,1991,3,12,Tuesday,19,40,81,7,90
Cosmos-3M (11K65M) | Cosmos 2137,RVSN USSR,Cosmos-3M (11K65M),Launch Successful,1991-03-19 14:30:00+00:00,"Site 132/1, Plesetsk Cosmodrome, Russia",Unknown,1991,3,19,Tuesday,14,40,81,7,88
Molniya-M /Block ML | Molniya-3 n†­148,RVSN USSR,Molniya-M /Block ML,Launch Successful,1991-03-22 12:19:00+00:00,"Site 43/3, Plesetsk Cosmodrome, Russia",Unknown,1991,3,22,Friday,12,40,197,7,108
Ariane 44P | Anik E2,Arianespace,Ariane 44P,Launch Successful,1991-04-04 23:33:00+00:00,"ELA-2, Guiana Space Centre, French Guiana, France",Unknown,1991,4,4,Thursday,23,3,17,7,4
Space Shuttle Atlantis | STS-37,NASA,Space Shuttle Atlantis,Launch Successful,1991-04-05 14:22:00+00:00,"LC-39B, Kennedy Space Center, Florida, USA",Unknown,1991,4,5,Friday,14,35,276,7,35
Delta II 7925 | ASC-2 (Spacenet F4),Boeing,Delta II 7925,Launch Successful,1991-04-13 00:09:00+00:00,"SLC-17B, Cape Canaveral AFS, Florida, USA",Unknown,1991,4,13,Saturday,0,6,103,7,58
Cosmos-3M (11K65M) | Cosmos 2142,RVSN USSR,Cosmos-3M (11K65M),Launch Successful,1991-04-16 07:21:00+00:00,"Site 132/1, Plesetsk Cosmodrome, Russia",Unknown,1991,4,16,Tuesday,7,40,81,7,88
Atlas I | Yuri 3H,General Dynamics,Atlas I,Launch Failure,1991-04-18 23:30:00+00:00,"SLC-36B, Cape Canaveral AFS, Florida, USA",Unknown,1991,4,18,Thursday,23,17,25,7,65
Tsyklon-3 | Meteor-3 n†­4,RVSN USSR,Tsyklon-3,Launch Successful,1991-04-24 01:36:00+00:00,"Site 32/2, Plesetsk Cosmodrome, Russia",Unknown,1991,4,24,Wednesday,1,40,323,7,103
Space Shuttle Discovery | STS-39,NASA,Space Shuttle Discovery,Launch Successful,1991-04-28 11:33:00+00:00,"LC-39A, Kennedy Space Center, Florida, USA",Unknown,1991,4,28,Sunday,11,35,279,7,34
Atlas-E/F Star-37S-ISS | NOAA-D,General Dynamics,Atlas-E/F Star-37S-ISS,Launch Successful,1991-05-14 15:52:00+00:00,"SLC-3W, Vandenberg AFB, California, USA",Unknown,1991,5,14,Tuesday,15,17,55,7,68
Tsyklon-3 | Cosmos 2143 to 2148,RVSN USSR,Tsyklon-3,Launch Successful,1991-05-16 21:40:00+00:00,"Site 32/2, Plesetsk Cosmodrome, Russia",Unknown,1991,5,16,Thursday,21,40,323,7,103
Delta II 7925 | Aurora 2,Boeing,Delta II 7925,Launch Successful,1991-05-29 22:55:00+00:00,"SLC-17B, Cape Canaveral AFS, Florida, USA",Unknown,1991,5,29,Wednesday,22,6,103,7,58
Tsyklon-3 | Okean 3,RVSN USSR,Tsyklon-3,Launch Successful,1991-06-04 09:00:00+00:00,"Site 32/2, Plesetsk Cosmodrome, Russia",Unknown,1991,6,4,Tuesday,9,40,323,7,103
Space Shuttle Columbia | STS-40,NASA,Space Shuttle Columbia,Launch Successful,1991-06-05 13:24:00+00:00,"LC-39B, Kennedy Space Center, Florida, USA",Unknown,1991,6,5,Wednesday,13,35,278,7,35
Cosmos-3M (11K65M) | Cosmos 2150,RVSN USSR,Cosmos-3M (11K65M),Launch Successful,1991-06-11 05:42:00+00:00,"Site 133/3, Plesetsk Cosmodrome, Russia",Unknown,1991,6,11,Tuesday,5,40,81,7,90
Tsyklon-3 | Cosmos 2151,RVSN USSR,Tsyklon-3,Launch Successful,1991-06-13 15:41:00+00:00,"Site 32/2, Plesetsk Cosmodrome, Russia",Unknown,1991,6,13,Thursday,15,40,323,7,103
Molniya-M /Block ML | Molniya-1 n†­149,RVSN USSR,Molniya-M /Block ML,Launch Successful,1991-06-18 09:09:00+00:00,"Site 43/4, Plesetsk Cosmodrome, Russia",Unknown,1991,6,18,Tuesday,9,40,197,7,109
Cosmos-3M (11K65M) | Ta??foun n†­59,RVSN USSR,Cosmos-3M (11K65M),Launch Failure,1991-06-25 13:20:00+00:00,"Site 132/1, Plesetsk Cosmodrome, Russia",Unknown,1991,6,25,Tuesday,13,40,81,7,88
Delta II 7925 | USA-71 (GPS IIA-2),Boeing,Delta II 7925,Launch Successful,1991-07-04 02:32:00+00:00,"SLC-17A, Cape Canaveral AFS, Florida, USA",Navigation,1991,7,4,Thursday,2,6,103,5,57
"Ariane 40 | ERS-1, Oscar 22, Orbcomm-X, Tubsat-A, SARA",Arianespace,Ariane 40,Launch Successful,1991-07-17 01:46:00+00:00,"ELA-2, Guiana Space Centre, French Guiana, France",Unknown,1991,7,17,Wednesday,1,3,12,7,4
Pegasus/HAPS | 7 Microsats,Northrop,Pegasus/HAPS,Partial Failure,1991-07-21 17:33:00+00:00,"NB-52B Carrier, Edwards AFB, California, USA",Unknown,1991,7,21,Sunday,17,36,224,7,50
Molniya-M /Block ML | Molniya-1 n†­150,RVSN USSR,Molniya-M /Block ML,Launch Successful,1991-08-01 11:53:00+00:00,"Site 43/4, Plesetsk Cosmodrome, Russia",Unknown,1991,8,1,Thursday,11,40,197,7,109
Space Shuttle Atlantis | STS-43,NASA,Space Shuttle Atlantis,Launch Successful,1991-08-02 15:02:00+00:00,"LC-39A, Kennedy Space Center, Florida, USA",Unknown,1991,8,2,Friday,15,35,276,7,34
Ariane 44L | Intelsat 605,Arianespace,Ariane 44L,Launch Successful,1991-08-14 23:15:00+00:00,"ELA-2, Guiana Space Centre, French Guiana, France",Unknown,1991,8,14,Wednesday,23,3,15,7,4
Tsyklon-3 | Meteor-3 n†­5,RVSN USSR,Tsyklon-3,Launch Successful,1991-08-15 09:14:00+00:00,"Site 32/2, Plesetsk Cosmodrome, Russia",Unknown,1991,8,15,Thursday,9,40,323,7,103
Cosmos-3M (11K65M) | Cosmos 2154,RVSN USSR,Cosmos-3M (11K65M),Launch Successful,1991-08-22 12:35:00+00:00,"Site 132/1, Plesetsk Cosmodrome, Russia",Unknown,1991,8,22,Thursday,12,40,81,7,88
H-I UM-129A (9SO) | BS-3B,MHI,H-I UM-129A (9SO),Launch Successful,1991-08-25 08:40:00+00:00,"LA-Y1, Tanegashima Space Center, Japan",Unknown,1991,8,25,Sunday,8,32,141,7,17
H-I (9 SO) | BS-3B (Yuri-3B),MHI,H-I (9 SO),Launch Successful,1991-08-25 08:40:00+00:00,"SLC-N, Tanegashima Space Center, Japan",Unknown,1991,8,25,Sunday,8,32,139,7,78
Vostok-2M | IRS-1B,RVSN USSR,Vostok-2M,Launch Successful,1991-08-29 06:48:00+00:00,"Site 31/6, Baikonur Cosmodrome, Kazakhstan",Unknown,1991,8,29,Thursday,6,40,334,7,101
Mu-III S2 | Yohkoh,ISAS,Mu-III S2,Launch Successful,1991-08-30 02:30:00+00:00,"Mu Pad, Uchinoura Space Center, Japan",Unknown,1991,8,30,Friday,2,22,204,7,48
Zenit-2 | Tselina-2 n†­9,RVSN USSR,Zenit-2,Launch Failure,1991-08-30 08:58:00+00:00,"Site 45/1, Baikonur Cosmodrome, Kazakhstan",Unknown,1991,8,30,Friday,8,40,335,7,110
Space Shuttle Discovery | STS-48,NASA,Space Shuttle Discovery,Launch Successful,1991-09-12 23:11:00+00:00,"LC-39A, Kennedy Space Center, Florida, USA",Unknown,1991,9,12,Thursday,23,35,279,7,34
Molniya-M /Block ML | Molniya-3 n†­151,RVSN USSR,Molniya-M /Block ML,Launch Successful,1991-09-17 20:01:00+00:00,"Site 43/4, Plesetsk Cosmodrome, Russia",Unknown,1991,9,17,Tuesday,20,40,197,7,109
Ariane 44P | Anik E1,Arianespace,Ariane 44P,Launch Successful,1991-09-26 23:43:00+00:00,"ELA-2, Guiana Space Centre, French Guiana, France",Unknown,1991,9,26,Thursday,23,3,17,7,4
Tsyklon-3 | Cosmos 2157 to 2162,RVSN USSR,Tsyklon-3,Launch Successful,1991-09-28 07:05:00+00:00,"Site 32/2, Plesetsk Cosmodrome, Russia",Unknown,1991,9,28,Saturday,7,40,323,7,103
Cosmos-3M (11K65M) | Cosmos 2164,RVSN USSR,Cosmos-3M (11K65M),Launch Successful,1991-10-10 14:00:00+00:00,"Site 132/1, Plesetsk Cosmodrome, Russia",Unknown,1991,10,10,Thursday,14,40,81,7,88
Ariane 44L | Intelsat 6AF1,Arianespace,Ariane 44L,Launch Successful,1991-10-29 23:08:00+00:00,"ELA-2, Guiana Space Centre, French Guiana, France",Unknown,1991,10,29,Tuesday,23,3,15,7,4
Titan IV(403)A | SLDCOM & NOSS 3x,Martin Marietta,Titan IV(403)A,Launch Successful,1991-11-08 07:07:00+00:00,"SLC-4E, Vandenberg AFB, California, USA",Unknown,1991,11,8,Friday,7,34,313,7,72
Tsyklon-3 | Cosmos 2165 to 2170,RVSN USSR,Tsyklon-3,Launch Successful,1991-11-12 20:09:00+00:00,"Site 32/1, Plesetsk Cosmodrome, Russia",Unknown,1991,11,12,Tuesday,20,40,323,7,102
Space Shuttle Atlantis | STS-44,NASA,Space Shuttle Atlantis,Launch Successful,1991-11-24 23:44:00+00:00,"LC-39A, Kennedy Space Center, Florida, USA",Unknown,1991,11,24,Sunday,23,35,276,7,34
Cosmos-3M (11K65M) | Cosmos 2173,RVSN USSR,Cosmos-3M (11K65M),Launch Successful,1991-11-27 03:30:00+00:00,"Site 133/3, Plesetsk Cosmodrome, Russia",Unknown,1991,11,27,Wednesday,3,40,81,7,90
Atlas-E/F Star-37S-ISS | DMSP F-11,General Dynamics,Atlas-E/F Star-37S-ISS,Launch Successful,1991-11-28 13:23:00+00:00,"SLC-3W, Vandenberg AFB, California, USA",Unknown,1991,11,28,Thursday,13,17,55,7,68
Atlas II | Eutelsat 2F3,General Dynamics,Atlas II,Launch Successful,1991-12-07 22:47:00+00:00,"SLC-36B, Cape Canaveral AFS, Florida, USA",Unknown,1991,12,7,Saturday,22,17,26,7,65
"Ariane 44L | Telecom 2A, Inmarsat 2F3",Arianespace,Ariane 44L,Launch Successful,1991-12-16 22:19:00+00:00,"ELA-2, Guiana Space Centre, French Guiana, France",Unknown,1991,12,16,Monday,22,3,15,7,4
Tsyklon-3 | Intercosmos 25 & Magion 3,Yuzhmash,Tsyklon-3,Launch Successful,1991-12-18 03:54:00+00:00,"Site 32/2, Plesetsk Cosmodrome, Russia",Unknown,1991,12,18,Wednesday,3,53,323,7,103
Long March 3 | DFH-2A-T5,CASC,Long March 3,Partial Failure,1991-12-28 12:00:00+00:00,"LC-3, Xichang Satellite Launch Center, China",Unknown,1991,12,28,Saturday,12,7,172,7,32
Space Shuttle Discovery | STS-42,NASA,Space Shuttle Discovery,Launch Successful,1992-01-22 14:52:00+00:00,"LC-39A, Kennedy Space Center, Florida, USA",Unknown,1992,1,22,Wednesday,14,35,279,7,34
Molniya-M /Block 2BL | Cosmos 2176,RVSN USSR,Molniya-M /Block 2BL,Launch Successful,1992-01-24 01:18:00+00:00,"Site 43/3, Plesetsk Cosmodrome, Russia",Unknown,1992,1,24,Friday,1,40,195,7,108
Zenit-2 | Tselina-2 n†­10,RVSN USSR,Zenit-2,Launch Failure,1992-02-05 18:14:00+00:00,"Site 45/1, Baikonur Cosmodrome, Kazakhstan",Unknown,1992,2,5,Wednesday,18,40,335,7,110
Atlas II | USA-78 (DSCS IIIB-14),General Dynamics,Atlas II,Launch Successful,1992-02-11 00:41:00+00:00,"SLC-36A, Cape Canaveral AFS, Florida, USA",Unknown,1992,2,11,Tuesday,0,17,26,7,64
H-I (9 SO) | JERS 1,MHI,H-I (9 SO),Launch Successful,1992-02-11 01:50:00+00:00,"LA-Y1, Tanegashima Space Center, Japan",Unknown,1992,2,11,Tuesday,1,32,139,7,17
Cosmos-3M (11K65M) | Cosmos 2180,RVSN USSR,Cosmos-3M (11K65M),Launch Successful,1992-02-17 22:05:00+00:00,"Site 133/3, Plesetsk Cosmodrome, Russia",Unknown,1992,2,17,Monday,22,40,81,7,90
"Ariane 44L | Superbird-B1, Arabsat-1C",Arianespace,Ariane 44L,Launch Successful,1992-02-26 23:58:00+00:00,"ELA-2, Guiana Space Centre, French Guiana, France",Unknown,1992,2,26,Wednesday,23,3,15,7,4
Molniya-M /Block ML | Molniya-1 n†­152,VKS RF,Molniya-M /Block ML,Launch Successful,1992-03-04 04:27:00+00:00,"Site 43/4, Plesetsk Cosmodrome, Russia",Unknown,1992,3,4,Wednesday,4,51,197,7,109
Cosmos-3M (11K65M) | Cosmos 2181,RVSN USSR,Cosmos-3M (11K65M),Launch Successful,1992-03-09 22:35:00+00:00,"Site 132/1, Plesetsk Cosmodrome, Russia",Unknown,1992,3,9,Monday,22,40,81,7,88
Atlas I | Galaxy 5,General Dynamics,Atlas I,Launch Successful,1992-03-14 00:00:00+00:00,"SLC-36B, Cape Canaveral AFS, Florida, USA",Unknown,1992,3,14,Saturday,0,17,25,7,65
Delta II 7925 | USA-79 (GPS IIA-3),Boeing,Delta II 7925,Launch Successful,1992-03-23 22:29:00+00:00,"SLC-17B, Cape Canaveral AFS, Florida, USA",Navigation,1992,3,23,Monday,22,6,103,5,58
Space Shuttle Atlantis | STS-45,NASA,Space Shuttle Atlantis,Launch Successful,1992-03-24 13:13:00+00:00,"LC-39A, Kennedy Space Center, Florida, USA",Unknown,1992,3,24,Tuesday,13,35,276,7,34
Delta II 7925 | USA-80 (GPS IIA-4),Boeing,Delta II 7925,Launch Successful,1992-04-10 03:20:00+00:00,"SLC-17B, Cape Canaveral AFS, Florida, USA",Navigation,1992,4,10,Friday,3,6,103,5,58
Cosmos-3M (11K65M) | Cosmos 2184,RVSN USSR,Cosmos-3M (11K65M),Launch Successful,1992-04-15 07:17:00+00:00,"Site 132/1, Plesetsk Cosmodrome, Russia",Unknown,1992,4,15,Wednesday,7,40,81,7,88
"Ariane 44L | Telecom 2B, Inmarsat-2F4",Arianespace,Ariane 44L,Launch Successful,1992-04-15 23:25:00+00:00,"ELA-2, Guiana Space Centre, French Guiana, France",Unknown,1992,4,15,Wednesday,23,3,15,7,4
Titan II(23)G | USA-81,Martin Marietta,Titan II(23)G,Launch Successful,1992-04-25 08:53:00+00:00,"SLC-4W, Vandenberg AFB, California, USA",Unknown,1992,4,25,Saturday,8,34,299,7,73
Space Shuttle Endeavour | STS-49,NASA,Space Shuttle Endeavour,Launch Successful,1992-05-07 23:40:00+00:00,"LC-39B, Kennedy Space Center, Florida, USA",Unknown,1992,5,7,Thursday,23,35,280,7,35
Delta II 7925 | Palapa B4,Boeing,Delta II 7925,Launch Successful,1992-05-14 00:40:00+00:00,"SLC-17B, Cape Canaveral AFS, Florida, USA",Unknown,1992,5,14,Thursday,0,6,103,7,58
Cosmos-3M (11K65M) | Cosmos 2187 to 2194,RVSN USSR,Cosmos-3M (11K65M),Launch Successful,1992-06-03 00:50:00+00:00,"Site 133/3, Plesetsk Cosmodrome, Russia",Unknown,1992,6,3,Wednesday,0,40,81,7,90
Delta II 6920-10 | EUVE,Boeing,Delta II 6920-10,Launch Successful,1992-06-07 16:40:00+00:00,"SLC-17A, Cape Canaveral AFS, Florida, USA",Unknown,1992,6,7,Sunday,16,6,87,7,57
Atlas IIA | Intelsat K,General Dynamics,Atlas IIA,Launch Successful,1992-06-10 00:00:00+00:00,"SLC-36B, Cape Canaveral AFS, Florida, USA",Unknown,1992,6,10,Wednesday,0,17,27,7,65
Space Shuttle Columbia | STS-50,NASA,Space Shuttle Columbia,Launch Successful,1992-06-25 16:12:00+00:00,"LC-39A, Kennedy Space Center, Florida, USA",Unknown,1992,6,25,Thursday,16,35,278,7,34
Cosmos-3M (11K65M) | Cosmos 2195,RVSN USSR,Cosmos-3M (11K65M),Launch Successful,1992-07-01 20:16:00+00:00,"Site 133/3, Plesetsk Cosmodrome, Russia",Unknown,1992,7,1,Wednesday,20,40,81,7,90
Atlas II | USA-82 (DSCS IIIB-12),General Dynamics,Atlas II,Launch Successful,1992-07-02 21:54:00+00:00,"SLC-36A, Cape Canaveral AFS, Florida, USA",Unknown,1992,7,2,Thursday,21,17,26,7,64
Delta II 7925 | USA-83 (GPS IIA-5),Boeing,Delta II 7925,Launch Successful,1992-07-07 09:20:00+00:00,"SLC-17B, Cape Canaveral AFS, Florida, USA",Navigation,1992,7,7,Tuesday,9,6,103,5,58
Molniya-M /Block 2BL | Cosmos 2196,RVSN USSR,Molniya-M /Block 2BL,Launch Successful,1992-07-08 09:53:00+00:00,"Site 43/3, Plesetsk Cosmodrome, Russia",Unknown,1992,7,8,Wednesday,9,40,195,7,108
"Ariane 44L | Insat-2A, Eutelsat 2F4",Arianespace,Ariane 44L,Launch Successful,1992-07-09 22:42:00+00:00,"ELA-2, Guiana Space Centre, French Guiana, France",Unknown,1992,7,9,Thursday,22,3,15,7,4
Tsyklon-3 | Cosmos 2197 to 2202,RVSN USSR,Tsyklon-3,Launch Successful,1992-07-13 17:41:00+00:00,"Site 32/1, Plesetsk Cosmodrome, Russia",Unknown,1992,7,13,Monday,17,40,323,7,102
Delta II 7925 | Satcom C4,Boeing,Delta II 7925,Launch Successful,1992-07-24 09:20:00+00:00,"SLC-17B, Cape Canaveral AFS, Florida, USA",Unknown,1992,7,24,Friday,9,6,103,7,58
Delta II 6925 | GEOTAIL,Boeing,Delta II 6925,Launch Successful,1992-07-24 14:26:00+00:00,"SLC-17A, Cape Canaveral AFS, Florida, USA",Unknown,1992,7,24,Friday,14,6,89,7,57
Space Shuttle Atlantis | STS-46,NASA,Space Shuttle Atlantis,Launch Successful,1992-07-31 13:56:00+00:00,"LC-39B, Kennedy Space Center, Florida, USA",Unknown,1992,7,31,Friday,13,35,276,7,35
Molniya-M /Block NVL | Molniya-1 n†­153,VKS RF,Molniya-M /Block NVL,Launch Successful,1992-08-06 19:30:00+00:00,"Site 43/3, Plesetsk Cosmodrome, Russia",Unknown,1992,8,6,Thursday,19,51,198,7,108
Long March 2D | FSW-2 No.1,CASC,Long March 2D,Launch Successful,1992-08-09 08:00:00+00:00,"Site 138 (LA-2B), Jiuquan Satellite Launch Center, China",Unknown,1992,8,9,Sunday,8,7,166,7,91
"Ariane 42P | TOPEX/Poseidon, Oscar 23, S80/T",Arianespace,Ariane 42P,Launch Successful,1992-08-10 23:04:00+00:00,"ELA-2, Guiana Space Centre, French Guiana, France",Unknown,1992,8,10,Monday,23,3,14,7,4
Cosmos-3M (11K65M) | Cosmos 2208,VKS RF,Cosmos-3M (11K65M),Launch Successful,1992-08-12 05:44:00+00:00,"Site 132/1, Plesetsk Cosmodrome, Russia",Unknown,1992,8,12,Wednesday,5,51,81,7,88
Long March 2E | Optus-B1,CASC,Long March 2E,Launch Successful,1992-08-13 23:00:00+00:00,"LC-2, Xichang Satellite Launch Center, China",Unknown,1992,8,13,Thursday,23,7,168,7,29
Atlas I | Galaxy 1R,General Dynamics,Atlas I,Launch Failure,1992-08-22 22:40:00+00:00,"SLC-36B, Cape Canaveral AFS, Florida, USA",Unknown,1992,8,22,Saturday,22,17,25,7,65
Delta II 7925 | USA-84 (GPS IIA-6),Boeing,Delta II 7925,Launch Successful,1992-09-09 08:57:00+00:00,"SLC-17A, Cape Canaveral AFS, Florida, USA",Navigation,1992,9,9,Wednesday,8,6,103,5,57
"Ariane 44LP | Hispasat 1A, Satcom C3",Arianespace,Ariane 44LP,Launch Successful,1992-09-10 23:04:00+00:00,"ELA-2, Guiana Space Centre, French Guiana, France",Unknown,1992,9,10,Thursday,23,3,16,7,4
Space Shuttle Endeavour | STS-47,NASA,Space Shuttle Endeavour,Launch Successful,1992-09-12 14:23:00+00:00,"LC-39B, Kennedy Space Center, Florida, USA",Unknown,1992,9,12,Saturday,14,35,280,7,35
Commercial Titan III | Mars Observer,Martin Marietta,Commercial Titan III,Launch Successful,1992-09-25 17:05:00+00:00,"SLC-40, Cape Canaveral AFS, Florida, USA",Unknown,1992,9,25,Friday,17,34,75,7,69
"Long March 2C | FSW-1 No.4, Freja",CASC,Long March 2C,Launch Successful,1992-10-06 06:20:00+00:00,"Site 138 (LA-2B), Jiuquan Satellite Launch Center, China",Unknown,1992,10,6,Tuesday,6,7,164,7,91
Delta II 7925 | DFS Kopernikus 3,Boeing,Delta II 7925,Launch Successful,1992-10-12 09:47:00+00:00,"SLC-17B, Cape Canaveral AFS, Florida, USA",Unknown,1992,10,12,Monday,9,6,103,7,58
Molniya-M /Block ML | Molniya-3 n†­154,VKS RF,Molniya-M /Block ML,Launch Successful,1992-10-14 19:58:00+00:00,"Site 43/3, Plesetsk Cosmodrome, Russia",Unknown,1992,10,14,Wednesday,19,51,197,7,108
Tsyklon-3 | Cosmos 2211 to 2216,VKS RF,Tsyklon-3,Launch Successful,1992-10-20 12:58:00+00:00,"Site 32/1, Plesetsk Cosmodrome, Russia",Unknown,1992,10,20,Tuesday,12,51,323,7,102
Space Shuttle Columbia | STS-52,NASA,Space Shuttle Columbia,Launch Successful,1992-10-22 17:09:00+00:00,"LC-39B, Kennedy Space Center, Florida, USA",Unknown,1992,10,22,Thursday,17,35,278,7,35
Ariane 42P | Galaxy-7,Arianespace,Ariane 42P,Launch Successful,1992-10-28 00:15:00+00:00,"ELA-2, Guiana Space Centre, French Guiana, France",Unknown,1992,10,28,Wednesday,0,3,14,7,4
Cosmos-3M (11K65M) | Cosmos 2218,VKS RF,Cosmos-3M (11K65M),Launch Successful,1992-10-29 10:40:00+00:00,"Site 133/3, Plesetsk Cosmodrome, Russia",Unknown,1992,10,29,Thursday,10,51,81,7,90
Zenit-2 | Cosmos 2219,VKS RF,Zenit-2,Launch Successful,1992-11-17 07:47:00+00:00,"Site 45/1, Baikonur Cosmodrome, Kazakhstan",Unknown,1992,11,17,Tuesday,7,51,335,7,110
Molniya-M /Block 2BL | Cosmos 2217,VKS RF,Molniya-M /Block 2BL,Launch Successful,1992-11-21 10:21:00+00:00,"Site 16/2, Plesetsk Cosmodrome, Russia",Unknown,1992,11,21,Saturday,10,51,195,7,93
Delta II 7925 | USA-85 (GPS IIA-7),Boeing,Delta II 7925,Launch Successful,1992-11-22 23:54:00+00:00,"SLC-17A, Cape Canaveral AFS, Florida, USA",Navigation,1992,11,22,Sunday,23,6,103,5,57
Tsyklon-3 | Cosmos 2221,VKS RF,Tsyklon-3,Launch Successful,1992-11-24 04:09:00+00:00,"Site 32/2, Plesetsk Cosmodrome, Russia",Unknown,1992,11,24,Tuesday,4,51,323,7,103
Molniya-M /Block 2BL | Cosmos 2222,VKS RF,Molniya-M /Block 2BL,Launch Successful,1992-11-25 12:18:00+00:00,"Site 43/3, Plesetsk Cosmodrome, Russia",Unknown,1992,11,25,Wednesday,12,51,195,7,108
Titan IV(404)A | KH-11 Kennen,Martin Marietta,Titan IV(404)A,Launch Successful,1992-11-28 21:34:00+00:00,"SLC-4E, Vandenberg AFB, California, USA",Unknown,1992,11,28,Saturday,21,34,315,7,72
Ariane 42P | Superbird A1,Arianespace,Ariane 42P,Launch Successful,1992-12-01 22:48:00+00:00,"ELA-2, Guiana Space Centre, French Guiana, France",Unknown,1992,12,1,Tuesday,22,3,14,7,4
Molniya-M /Block ML | Molniya-3 n†­155,VKS RF,Molniya-M /Block ML,Launch Successful,1992-12-02 01:57:00+00:00,"Site 43/3, Plesetsk Cosmodrome, Russia",Unknown,1992,12,2,Wednesday,1,51,197,7,108
Space Shuttle Discovery | STS-53,NASA,Space Shuttle Discovery,Launch Successful,1992-12-02 13:24:00+00:00,"LC-39A, Kennedy Space Center, Florida, USA",Unknown,1992,12,2,Wednesday,13,35,279,7,34
Delta II 7925 | USA-87 (GPS IIA-8),Boeing,Delta II 7925,Launch Successful,1992-12-18 22:16:00+00:00,"SLC-17B, Cape Canaveral AFS, Florida, USA",Navigation,1992,12,18,Friday,22,6,103,5,58
Long March 2E | Optus-B2,CASC,Long March 2E,Launch Failure,1992-12-21 11:21:00+00:00,"LC-2, Xichang Satellite Launch Center, China",Unknown,1992,12,21,Monday,11,7,168,7,29
Tsyklon-3 | Cosmos 2226,VKS RF,Tsyklon-3,Launch Successful,1992-12-22 12:36:00+00:00,"Site 32/2, Plesetsk Cosmodrome, Russia",Unknown,1992,12,22,Tuesday,12,51,323,7,103
Zenit-2 | Cosmos 2227,VKS RF,Zenit-2,Launch Successful,1992-12-25 05:56:00+00:00,"Site 45/1, Baikonur Cosmodrome, Kazakhstan",Unknown,1992,12,25,Friday,5,51,335,7,110
Tsyklon-3 | Cosmos 2228,VKS RF,Tsyklon-3,Launch Successful,1992-12-25 20:07:00+00:00,"Site 32/2, Plesetsk Cosmodrome, Russia",Unknown,1992,12,25,Friday,20,51,323,7,103
Cosmos-3M (11K65M) | Cosmos 2230,VKS RF,Cosmos-3M (11K65M),Launch Successful,1993-01-12 11:10:00+00:00,"Site 133/3, Plesetsk Cosmodrome, Russia",Unknown,1993,1,12,Tuesday,11,51,81,7,90
Molniya-M /Block ML | Molniya-1 n†­156,VKS RF,Molniya-M /Block ML,Launch Successful,1993-01-13 01:49:00+00:00,"Site 43/4, Plesetsk Cosmodrome, Russia",Unknown,1993,1,13,Wednesday,1,51,197,7,109
Space Shuttle Endeavour | STS-54,NASA,Space Shuttle Endeavour,Launch Successful,1993-01-13 13:59:00+00:00,"LC-39B, Kennedy Space Center, Florida, USA",Unknown,1993,1,13,Wednesday,13,35,280,7,35
Molniya-M /Block 2BL | Cosmos 2232,VKS RF,Molniya-M /Block 2BL,Launch Successful,1993-01-26 15:55:00+00:00,"Site 16/2, Plesetsk Cosmodrome, Russia",Unknown,1993,1,26,Tuesday,15,51,195,7,93
Delta II 7925 | USA-88 (GPS IIA-9),Boeing,Delta II 7925,Launch Successful,1993-02-03 02:55:00+00:00,"SLC-17A, Cape Canaveral AFS, Florida, USA",Navigation,1993,2,3,Wednesday,2,6,103,5,57
Cosmos-3M (11K65M) | Cosmos 2233,VKS RF,Cosmos-3M (11K65M),Launch Successful,1993-02-09 02:56:00+00:00,"Site 133/3, Plesetsk Cosmodrome, Russia",Unknown,1993,2,9,Tuesday,2,51,81,7,90
Pegasus | SCD-1,Northrop,Pegasus,Launch Successful,1993-02-09 14:30:00+00:00,"NB-52B Carrier, Cape Canaveral AFS, Florida, USA",Unknown,1993,2,9,Tuesday,14,36,221,7,49
Mu-III S2 | Asuka,ISAS,Mu-III S2,Launch Successful,1993-02-20 02:20:00+00:00,"Mu Pad, Uchinoura Space Center, Japan",Unknown,1993,2,20,Saturday,2,22,204,7,48
Tsyklon-3 | Cosmos 2242,VKS RF,Tsyklon-3,Launch Successful,1993-03-16 07:49:00+00:00,"Site 32/1, Plesetsk Cosmodrome, Russia",Unknown,1993,3,16,Tuesday,7,51,323,7,102
Start-1 | EKA-1,MITT,Start-1,Launch Successful,1993-03-25 13:15:00+00:00,"Site 158, Plesetsk Cosmodrome, Russia",Unknown,1993,3,25,Thursday,13,33,285,7,92
Atlas I | UHF F1,General Dynamics,Atlas I,Launch Failure,1993-03-25 21:38:00+00:00,"SLC-36B, Cape Canaveral AFS, Florida, USA",Unknown,1993,3,25,Thursday,21,17,25,7,65
Zenit-2 | Cosmos 2237,VKS RF,Zenit-2,Launch Successful,1993-03-26 02:21:00+00:00,"Site 45/1, Baikonur Cosmodrome, Kazakhstan",Unknown,1993,3,26,Friday,2,51,335,7,110
Delta II 7925 | USA-90 (GPS IIA-10)/SEDS-1,Boeing,Delta II 7925,Launch Successful,1993-03-30 03:09:00+00:00,"SLC-17A, Cape Canaveral AFS, Florida, USA",Navigation,1993,3,30,Tuesday,3,6,103,5,57
Tsyklon-2 | Cosmos 2238,VKS RF,Tsyklon-2,Launch Successful,1993-03-30 12:00:00+00:00,"Site 90/20, Baikonur Cosmodrome, Kazakhstan",Unknown,1993,3,30,Tuesday,12,51,321,7,117
Cosmos-3M (11K65M) | Cosmos 2239,VKS RF,Cosmos-3M (11K65M),Launch Successful,1993-04-01 18:57:00+00:00,"Site 133/3, Plesetsk Cosmodrome, Russia",Unknown,1993,4,1,Thursday,18,51,81,7,90
Molniya-M /Block 2BL | Cosmos 2241,VKS RF,Molniya-M /Block 2BL,Launch Successful,1993-04-06 19:07:00+00:00,"Site 43/4, Plesetsk Cosmodrome, Russia",Unknown,1993,4,6,Tuesday,19,51,195,7,109
Space Shuttle Discovery | STS-56,NASA,Space Shuttle Discovery,Launch Successful,1993-04-08 05:29:00+00:00,"LC-39B, Kennedy Space Center, Florida, USA",Unknown,1993,4,8,Thursday,5,35,279,7,35
Molniya-M /Block 2BL | Cosmos 2340,VKS RF,Molniya-M /Block 2BL,Launch Successful,1993-04-09 08:58:00+00:00,"Site 16/2, Plesetsk Cosmodrome, Russia",Unknown,1993,4,9,Friday,8,51,195,7,93
Tsyklon-3 | Cosmos 2242,VKS RF,Tsyklon-3,Launch Successful,1993-04-16 07:49:00+00:00,"Site 32/1, Plesetsk Cosmodrome, Russia",Unknown,1993,4,16,Friday,7,51,323,7,102
Molniya-M /Block ML | Molniya-3 n†­157,VKS RF,Molniya-M /Block ML,Launch Successful,1993-04-21 00:23:00+00:00,"Site 43/4, Plesetsk Cosmodrome, Russia",Unknown,1993,4,21,Wednesday,0,51,197,7,109
Pegasus | ALEXIS,Northrop,Pegasus,Launch Successful,1993-04-25 13:56:00+00:00,"NB-52B Carrier, Edwards AFB, California, USA",Unknown,1993,4,25,Sunday,13,36,221,7,50
Space Shuttle Columbia | STS-55,NASA,Space Shuttle Columbia,Launch Successful,1993-04-26 14:50:00+00:00,"LC-39A, Kennedy Space Center, Florida, USA",Unknown,1993,4,26,Monday,14,35,278,7,34
Tsyklon-2 | Cosmos 2244,VKS RF,Tsyklon-2,Launch Successful,1993-04-28 03:39:00+00:00,"Site 90/20, Baikonur Cosmodrome, Kazakhstan",Unknown,1993,4,28,Wednesday,3,51,321,7,117
Tsyklon-3 | Cosmos 2245 to 2250,VKS RF,Tsyklon-3,Launch Successful,1993-05-11 14:56:00+00:00,"Site 32/1, Plesetsk Cosmodrome, Russia",Unknown,1993,5,11,Tuesday,14,51,323,7,102
"Ariane 42L | Astra 1C, Arsene",Arianespace,Ariane 42L,Launch Successful,1993-05-12 00:56:00+00:00,"ELA-2, Guiana Space Centre, French Guiana, France",Unknown,1993,5,12,Wednesday,0,3,13,7,4
Delta II 7925 | USA-91 (GPS IIA-11),Boeing,Delta II 7925,Launch Successful,1993-05-13 00:07:00+00:00,"SLC-17A, Cape Canaveral AFS, Florida, USA",Navigation,1993,5,13,Thursday,0,6,103,5,57
Molniya-M /Block ML | Molniya-1 n†­158,VKS RF,Molniya-M /Block ML,Launch Successful,1993-05-26 03:23:00+00:00,"Site 43/4, Plesetsk Cosmodrome, Russia",Unknown,1993,5,26,Wednesday,3,51,197,7,109
Cosmos-3M (11K65M) | Cosmos 2251,VKS RF,Cosmos-3M (11K65M),Launch Successful,1993-06-16 04:17:00+00:00,"Site 132/1, Plesetsk Cosmodrome, Russia",Unknown,1993,6,16,Wednesday,4,51,81,7,88
Space Shuttle Endeavour | STS-57,NASA,Space Shuttle Endeavour,Launch Successful,1993-06-21 13:07:00+00:00,"LC-39B, Kennedy Space Center, Florida, USA",Unknown,1993,6,21,Monday,13,35,280,7,35
Tsyklon-3 | Cosmos 2252 to 2257,VKS RF,Tsyklon-3,Launch Successful,1993-06-24 04:12:00+00:00,"Site 32/1, Plesetsk Cosmodrome, Russia",Unknown,1993,6,24,Thursday,4,51,323,7,102
Ariane 44P | Galaxy-4,Arianespace,Ariane 44P,Launch Successful,1993-06-25 00:18:00+00:00,"ELA-2, Guiana Space Centre, French Guiana, France",Unknown,1993,6,25,Friday,0,3,17,7,4
Delta II 7925 | USA-92 (GPS IIA-12)/PMG,Boeing,Delta II 7925,Launch Successful,1993-06-26 13:27:00+00:00,"SLC-17A, Cape Canaveral AFS, Florida, USA",Navigation,1993,6,26,Saturday,13,6,103,5,57
Tsyklon-2 | Cosmos 2258,VKS RF,Tsyklon-2,Launch Successful,1993-07-07 07:15:00+00:00,"Site 90/20, Baikonur Cosmodrome, Kazakhstan",Unknown,1993,7,7,Wednesday,7,51,321,7,117
Atlas II | USA-93 (DSCS IIIB-9),General Dynamics,Atlas II,Launch Successful,1993-07-19 22:04:00+00:00,"SLC-36A, Cape Canaveral AFS, Florida, USA",Unknown,1993,7,19,Monday,22,17,26,7,64
"Ariane 44L | Hispasat 1B, Insat-2B",Arianespace,Ariane 44L,Launch Successful,1993-07-22 22:58:00+00:00,"ELA-2, Guiana Space Centre, French Guiana, France",Unknown,1993,7,22,Thursday,22,3,15,7,4
Titan IV(403)A | SLDCOM & 3x NOSS,Martin Marietta,Titan IV(403)A,Launch Failure,1993-08-02 19:59:00+00:00,"SLC-4E, Vandenberg AFB, California, USA",Unknown,1993,8,2,Monday,19,34,313,7,72
Molniya-M /Block ML | Molniya-3 n†­159,VKS RF,Molniya-M /Block ML,Launch Successful,1993-08-04 00:52:00+00:00,"Site 43/3, Plesetsk Cosmodrome, Russia",Unknown,1993,8,4,Wednesday,0,51,197,7,108
Atlas-E/F Star-37S-ISS | NOAA-I,General Dynamics,Atlas-E/F Star-37S-ISS,Launch Successful,1993-08-09 10:02:00+00:00,"SLC-3W, Vandenberg AFB, California, USA",Unknown,1993,8,9,Monday,10,17,55,7,68
Molniya-M /Block 2BL | Cosmos 2261,VKS RF,Molniya-M /Block 2BL,Launch Successful,1993-08-10 14:53:00+00:00,"Site 16/2, Plesetsk Cosmodrome, Russia",Unknown,1993,8,10,Tuesday,14,51,195,7,93
Delta II 7925 | USA-94 (GPS IIA-13),Boeing,Delta II 7925,Launch Successful,1993-08-30 12:38:00+00:00,"SLC-17B, Cape Canaveral AFS, Florida, USA",Navigation,1993,8,30,Monday,12,6,103,5,58
Tsyklon-3 | Meteor-2 n†­21 & Temisat,VKS RF,Tsyklon-3,Launch Successful,1993-08-31 04:40:00+00:00,"Site 32/1, Plesetsk Cosmodrome, Russia",Unknown,1993,8,31,Tuesday,4,51,323,7,102
Atlas I | UHF F2,General Dynamics,Atlas I,Launch Successful,1993-09-03 11:17:00+00:00,"SLC-36B, Cape Canaveral AFS, Florida, USA",Unknown,1993,9,3,Friday,11,17,25,7,65
Space Shuttle Discovery | STS-51,NASA,Space Shuttle Discovery,Launch Successful,1993-09-12 11:45:00+00:00,"LC-39B, Kennedy Space Center, Florida, USA",Unknown,1993,9,12,Sunday,11,35,279,7,35
Zenit-2 | Cosmos 2263,VKS RF,Zenit-2,Launch Successful,1993-09-16 07:36:00+00:00,"Site 45/1, Baikonur Cosmodrome, Kazakhstan",Unknown,1993,9,16,Thursday,7,51,335,7,110
Tsyklon-2 | Cosmos 2264,VKS RF,Tsyklon-2,Launch Successful,1993-09-17 00:43:00+00:00,"Site 90/20, Baikonur Cosmodrome, Kazakhstan",Unknown,1993,9,17,Friday,0,51,321,7,117
PSLV-G | IRS-P1,ISRO,PSLV-G,Launch Failure,1993-09-20 05:12:00+00:00,"First Launch Pad, Satish Dhawan Space Centre, India",Unknown,1993,9,20,Monday,5,23,218,7,9
"Ariane 40 | SPOT-3, Stella & Others",Arianespace,Ariane 40,Launch Successful,1993-09-26 01:45:00+00:00,"ELA-2, Guiana Space Centre, French Guiana, France",Unknown,1993,9,26,Sunday,1,3,12,7,4
Titan II(23)G | Landsat 6,Martin Marietta,Titan II(23)G,Launch Failure,1993-10-05 17:56:00+00:00,"SLC-4W, Vandenberg AFB, California, USA",Earth Observation,1993,10,5,Tuesday,17,34,299,3,73
Long March 2C | FSW-1 No.5,CASC,Long March 2C,Launch Successful,1993-10-08 08:00:00+00:00,"Site 138 (LA-2B), Jiuquan Satellite Launch Center, China",Unknown,1993,10,8,Friday,8,7,164,7,91
Space Shuttle Columbia | STS-58,NASA,Space Shuttle Columbia,Launch Successful,1993-10-18 14:53:00+00:00,"LC-39B, Kennedy Space Center, Florida, USA",Unknown,1993,10,18,Monday,14,35,278,7,35
Ariane 44LP | Intelsat 701,Arianespace,Ariane 44LP,Launch Successful,1993-10-22 06:46:00+00:00,"ELA-2, Guiana Space Centre, French Guiana, France",Unknown,1993,10,22,Friday,6,3,16,7,4
Cosmos-3M (11K65M) | Cosmos 2265,VKS RF,Cosmos-3M (11K65M),Launch Successful,1993-10-26 13:00:00+00:00,"Site 132/1, Plesetsk Cosmodrome, Russia",Unknown,1993,10,26,Tuesday,13,51,81,7,88
Delta II 7925 | USA-96 (GPS IIA-14),Boeing,Delta II 7925,Launch Successful,1993-10-26 17:04:00+00:00,"SLC-17B, Cape Canaveral AFS, Florida, USA",Navigation,1993,10,26,Tuesday,17,6,103,5,58
Cosmos-3M (11K65M) | Cosmos 2266,VKS RF,Cosmos-3M (11K65M),Launch Successful,1993-11-02 12:10:00+00:00,"Site 132/1, Plesetsk Cosmodrome, Russia",Unknown,1993,11,2,Tuesday,12,51,81,7,88
"Ariane 44LP | Solidaridad 1, Meteosat 6",Arianespace,Ariane 44LP,Launch Successful,1993-11-20 01:17:00+00:00,"ELA-2, Guiana Space Centre, French Guiana, France",Unknown,1993,11,20,Saturday,1,3,16,7,4
Atlas II | USA-97 (DSCS IIIB-10,General Dynamics,Atlas II,Launch Successful,1993-11-28 23:40:00+00:00,"SLC-36A, Cape Canaveral AFS, Florida, USA",Unknown,1993,11,28,Sunday,23,17,26,7,64
Space Shuttle Endeavour | STS-61,NASA,Space Shuttle Endeavour,Launch Successful,1993-12-02 09:27:00+00:00,"LC-39B, Kennedy Space Center, Florida, USA",Unknown,1993,12,2,Thursday,9,35,280,7,35
Delta II 7925 | NATO 4B,Boeing,Delta II 7925,Launch Successful,1993-12-08 00:48:00+00:00,"SLC-17A, Cape Canaveral AFS, Florida, USA",Unknown,1993,12,8,Wednesday,0,6,103,7,57
Atlas IIAS | Telstar 401,General Dynamics,Atlas IIAS,Launch Successful,1993-12-16 00:38:00+00:00,"SLC-36B, Cape Canaveral AFS, Florida, USA",Unknown,1993,12,16,Thursday,0,17,28,7,65
"Ariane 44L | DBS-1, Thaicom-1",Arianespace,Ariane 44L,Launch Successful,1993-12-18 01:27:00+00:00,"ELA-2, Guiana Space Centre, French Guiana, France",Unknown,1993,12,18,Saturday,1,3,15,7,4
Molniya-M /Block ML | Molniya-1T n†­160,VKS RF,Molniya-M /Block ML,Launch Successful,1993-12-22 20:37:00+00:00,"Site 43/3, Plesetsk Cosmodrome, Russia",Unknown,1993,12,22,Wednesday,20,51,197,7,108
"Ariane 44LP | Eutelsat 2F5, Turksat 1A",Arianespace,Ariane 44LP,Launch Failure,1994-01-24 21:37:00+00:00,"ELA-2, Guiana Space Centre, French Guiana, France",Unknown,1994,1,24,Monday,21,3,16,7,4
Tsyklon-3 | Meteor-3 n†­6 & Tubsat-B,VKS RF,Tsyklon-3,Launch Successful,1994-01-25 00:25:00+00:00,"Site 32/1, Plesetsk Cosmodrome, Russia",Unknown,1994,1,25,Tuesday,0,51,323,7,102
Titan II(23)G | Clementine,Martin Marietta,Titan II(23)G,Launch Successful,1994-01-25 16:34:00+00:00,"SLC-4W, Vandenberg AFB, California, USA",Unknown,1994,1,25,Tuesday,16,34,299,7,73
Space Shuttle Discovery | STS-60,NASA,Space Shuttle Discovery,Launch Successful,1994-02-03 12:10:00+00:00,"LC-39A, Kennedy Space Center, Florida, USA",Unknown,1994,2,3,Thursday,12,35,279,7,34
H-II | Ryusei & Myojo,MHI,H-II,Launch Successful,1994-02-03 22:20:00+00:00,"LA-Y1, Tanegashima Space Center, Japan",Unknown,1994,2,3,Thursday,22,32,142,7,17
Titan IV(401)A | Milstar DFS-1,Martin Marietta,Titan IV(401)A,Launch Successful,1994-02-07 21:47:00+00:00,"SLC-40, Cape Canaveral AFS, Florida, USA",Unknown,1994,2,7,Monday,21,34,309,7,69
"Long March 3A | Shijian 4, Kuafu-1 (mass simulator)",CASC,Long March 3A,Launch Successful,1994-02-08 08:34:00+00:00,"LC-2, Xichang Satellite Launch Center, China",Unknown,1994,2,8,Tuesday,8,7,173,7,29
Tsyklon-3 | Cosmos 2268 to 2273,VKS RF,Tsyklon-3,Launch Successful,1994-02-12 08:54:00+00:00,"Site 32/1, Plesetsk Cosmodrome, Russia",Unknown,1994,2,12,Saturday,8,51,323,7,102
Tsyklon-3 | Koronas I,VKS RF,Tsyklon-3,Launch Successful,1994-03-02 03:25:00+00:00,"Site 32/2, Plesetsk Cosmodrome, Russia",Unknown,1994,3,2,Wednesday,3,51,323,7,103
Space Shuttle Columbia | STS-62,NASA,Space Shuttle Columbia,Launch Successful,1994-03-04 13:53:00+00:00,"LC-39B, Kennedy Space Center, Florida, USA",Unknown,1994,3,4,Friday,13,35,278,7,35
Delta II 7925 | USA-100 (GPS IIA-15)/SEDS-2,Boeing,Delta II 7925,Launch Successful,1994-03-10 03:40:00+00:00,"SLC-17A, Cape Canaveral AFS, Florida, USA",Navigation,1994,3,10,Thursday,3,6,103,5,57
Minotaur C (Taurus) | STEP Mission 0 & DARPASAT,Northrop,Minotaur C (Taurus),Launch Successful,1994-03-13 22:32:00+00:00,"SLC-576E, Vandenberg AFB, California, USA",Unknown,1994,3,13,Sunday,22,36,190,7,75
Delta II 7925-8 | Galaxy 1R,Boeing,Delta II 7925-8,Launch Successful,1994-03-19 23:45:00+00:00,"SLC-17B, Cape Canaveral AFS, Florida, USA",Unknown,1994,3,19,Saturday,23,6,107,7,58
Space Shuttle Endeavour | STS-59,NASA,Space Shuttle Endeavour,Launch Successful,1994-04-09 11:05:00+00:00,"LC-39A, Kennedy Space Center, Florida, USA",Unknown,1994,4,9,Saturday,11,35,280,7,34
Atlas I | GOES-I,Lockheed,Atlas I,Launch Successful,1994-04-13 06:04:00+00:00,"SLC-36B, Cape Canaveral AFS, Florida, USA",Unknown,1994,4,13,Wednesday,6,31,25,7,65
Zenit-2 | Cosmos 2278,VKS RF,Zenit-2,Launch Successful,1994-04-23 08:01:00+00:00,"Site 45/1, Baikonur Cosmodrome, Kazakhstan",Unknown,1994,4,23,Saturday,8,51,335,7,110
Cosmos-3M (11K65M) | Cosmos 2279,VKS RF,Cosmos-3M (11K65M),Launch Successful,1994-04-26 02:14:00+00:00,"Site 133/3, Plesetsk Cosmodrome, Russia",Unknown,1994,4,26,Tuesday,2,51,81,7,90
Titan IV(401)A | Trumpet,Martin Marietta,Titan IV(401)A,Launch Successful,1994-05-03 15:55:00+00:00,"SLC-41, Cape Canaveral AFS, Florida, USA",Unknown,1994,5,3,Tuesday,15,34,309,7,70
ASLV | SROSS C2,ISRO,ASLV,Launch Successful,1994-05-04 00:00:00+00:00,"SLV LP, Satish Dhawan Space Centre, India",Unknown,1994,5,4,Wednesday,0,23,0,7,79
Pegasus/HAPS | STEP-2,Northrop,Pegasus/HAPS,Partial Failure,1994-05-19 17:03:00+00:00,"NB-52B Carrier, Edwards AFB, California, USA",Unknown,1994,5,19,Thursday,17,36,224,7,50
Tsyklon-3 | Cosmos 2281,VKS RF,Tsyklon-3,Launch Failure,1994-05-25 10:14:00+00:00,"Site 32/2, Plesetsk Cosmodrome, Russia",Unknown,1994,5,25,Wednesday,10,51,323,7,103
"Ariane 44LP | Intelsat 702, STRV 1A & 1B",Arianespace,Ariane 44LP,Launch Successful,1994-06-17 07:07:00+00:00,"ELA-2, Guiana Space Centre, French Guiana, France",Unknown,1994,6,17,Friday,7,3,16,7,4
Atlas I | UHF F3,Lockheed,Atlas I,Launch Successful,1994-06-24 13:50:00+00:00,"SLC-36B, Cape Canaveral AFS, Florida, USA",Unknown,1994,6,24,Friday,13,31,25,7,65
Pegasus XL | STEP-1,Northrop,Pegasus XL,Launch Failure,1994-06-27 21:15:00+00:00,"Stargazer, Vandenberg AFB, California, USA",Unknown,1994,6,27,Monday,21,36,222,7,124
Long March 2D | FSW-2 No.2,CASC,Long March 2D,Launch Successful,1994-07-03 08:00:00+00:00,"Site 138 (LA-2B), Jiuquan Satellite Launch Center, China",Unknown,1994,7,3,Sunday,8,7,166,7,91
Space Shuttle Columbia | STS-65,NASA,Space Shuttle Columbia,Launch Successful,1994-07-08 04:43:00+00:00,"LC-39A, Kennedy Space Center, Florida, USA",Unknown,1994,7,8,Friday,4,35,278,7,34
"Ariane 44L | Panamsat-2, Yuri-3N",Arianespace,Ariane 44L,Launch Successful,1994-07-08 23:05:00+00:00,"ELA-2, Guiana Space Centre, French Guiana, France",Unknown,1994,7,8,Friday,23,3,15,7,4
Cosmos-3M (11K65M) | Nadiezhda n†­7,VKS RF,Cosmos-3M (11K65M),Launch Successful,1994-07-14 05:13:00+00:00,"Site 133/3, Plesetsk Cosmodrome, Russia",Unknown,1994,7,14,Thursday,5,51,81,7,90
Long March 3 | Apstar-1,CASC,Long March 3,Launch Successful,1994-07-21 10:55:00+00:00,"LC-3, Xichang Satellite Launch Center, China",Unknown,1994,7,21,Thursday,10,7,172,7,32
Atlas IIA | DBS-2,Lockheed,Atlas IIA,Launch Successful,1994-08-03 23:57:00+00:00,"SLC-36A, Cape Canaveral AFS, Florida, USA",Unknown,1994,8,3,Wednesday,23,31,27,7,64
Molniya-M /Block 2BL | Cosmos 2286,VKS RF,Molniya-M /Block 2BL,Launch Successful,1994-08-05 01:12:00+00:00,"Site 16/2, Plesetsk Cosmodrome, Russia",Unknown,1994,8,5,Friday,1,51,195,7,93
"Ariane 44LP | Brasilsat B1, Turksat 1B",Arianespace,Ariane 44LP,Launch Successful,1994-08-10 23:05:00+00:00,"ELA-2, Guiana Space Centre, French Guiana, France",Unknown,1994,8,10,Wednesday,23,3,16,7,4
Molniya-M /Block ML | Molniya-3 n†­161,VKS RF,Molniya-M /Block ML,Launch Successful,1994-08-23 14:31:00+00:00,"Site 43/4, Plesetsk Cosmodrome, Russia",Unknown,1994,8,23,Tuesday,14,51,197,7,109
Zenit-2 | Cosmos 2290,VKS RF,Zenit-2,Launch Successful,1994-08-26 12:00:00+00:00,"Site 45/1, Baikonur Cosmodrome, Kazakhstan",Unknown,1994,8,26,Friday,12,51,335,7,110
Titan IV(401)A | Mercury,Martin Marietta,Titan IV(401)A,Launch Successful,1994-08-27 08:58:00+00:00,"SLC-41, Cape Canaveral AFS, Florida, USA",Unknown,1994,8,27,Saturday,8,34,309,7,70
Long March 2E | Optus-B3,CASC,Long March 2E,Launch Successful,1994-08-27 23:10:00+00:00,"LC-2, Xichang Satellite Launch Center, China",Unknown,1994,8,27,Saturday,23,7,168,7,29
H-II | Kiku 6,MHI,H-II,Launch Successful,1994-08-28 07:50:00+00:00,"LA-Y1, Tanegashima Space Center, Japan",Unknown,1994,8,28,Sunday,7,32,142,7,17
Atlas-E/F Star-37S-ISS | DMSP F-12,General Dynamics,Atlas-E/F Star-37S-ISS,Launch Successful,1994-08-29 17:38:00+00:00,"SLC-3W, Vandenberg AFB, California, USA",Unknown,1994,8,29,Monday,17,17,55,7,68
Pegasus | APEX,Northrop,Pegasus,Launch Successful,1994-09-03 14:38:00+00:00,"NB-52B Carrier, Edwards AFB, California, USA",Unknown,1994,9,3,Saturday,14,36,221,7,50
Ariane 42L | Telstar 402,Arianespace,Ariane 42L,Launch Successful,1994-09-09 00:29:00+00:00,"ELA-2, Guiana Space Centre, French Guiana, France",Unknown,1994,9,9,Friday,0,3,13,7,4
Space Shuttle Discovery | STS-64,NASA,Space Shuttle Discovery,Launch Successful,1994-09-09 22:22:00+00:00,"LC-39B, Kennedy Space Center, Florida, USA",Unknown,1994,9,9,Friday,22,35,279,7,35
Cosmos-3M (11K65M) | Cosmos 2292,VKS RF,Cosmos-3M (11K65M),Launch Successful,1994-09-27 14:00:00+00:00,"Site 132/1, Plesetsk Cosmodrome, Russia",Unknown,1994,9,27,Tuesday,14,51,81,7,88
Space Shuttle Endeavour | STS-68,NASA,Space Shuttle Endeavour,Launch Successful,1994-09-30 11:16:00+00:00,"LC-39A, Kennedy Space Center, Florida, USA",Unknown,1994,9,30,Friday,11,35,280,7,34
Atlas IIAS | Intelsat 703,Lockheed,Atlas IIAS,Launch Successful,1994-10-06 06:35:00+00:00,"SLC-36B, Cape Canaveral AFS, Florida, USA",Unknown,1994,10,6,Thursday,6,31,28,7,65
"Ariane 44L | Solidaridad-2, Thaicom-2",Arianespace,Ariane 44L,Launch Successful,1994-10-08 01:07:00+00:00,"ELA-2, Guiana Space Centre, French Guiana, France",Unknown,1994,10,8,Saturday,1,3,15,7,4
Tsyklon-3 | Okean 4,VKS RF,Tsyklon-3,Launch Successful,1994-10-11 14:30:00+00:00,"Site 32/2, Plesetsk Cosmodrome, Russia",Unknown,1994,10,11,Tuesday,14,51,323,7,103
PSLV-G | IRS-P2,ISRO,PSLV-G,Launch Successful,1994-10-15 05:05:00+00:00,"First Launch Pad, Satish Dhawan Space Centre, India",Unknown,1994,10,15,Saturday,5,23,218,7,9
Ariane 42P | Astra 1D,Arianespace,Ariane 42P,Launch Successful,1994-11-01 00:37:00+00:00,"ELA-2, Guiana Space Centre, French Guiana, France",Unknown,1994,11,1,Tuesday,0,3,14,7,4
Delta II 7925-10 | Wind,Boeing,Delta II 7925-10,Launch Successful,1994-11-01 09:31:00+00:00,"SLC-17B, Cape Canaveral AFS, Florida, USA",Unknown,1994,11,1,Tuesday,9,6,104,7,58
Tsyklon-2 | Cosmos 2293,VKS RF,Tsyklon-2,Launch Successful,1994-11-02 01:04:00+00:00,"Site 90/20, Baikonur Cosmodrome, Kazakhstan",Unknown,1994,11,2,Wednesday,1,51,321,7,117
Space Shuttle Atlantis | STS-66,NASA,Space Shuttle Atlantis,Launch Successful,1994-11-03 16:59:00+00:00,"LC-39B, Kennedy Space Center, Florida, USA",Unknown,1994,11,3,Thursday,16,35,276,7,35
Zenit-2 | Resurs-O1 n†­3,VKS RF,Zenit-2,Launch Successful,1994-11-04 05:47:00+00:00,"Site 45/1, Baikonur Cosmodrome, Kazakhstan",Unknown,1994,11,4,Friday,5,51,335,7,110
Zenit-2 | Cosmos 2297,VKS RF,Zenit-2,Launch Successful,1994-11-24 09:15:00+00:00,"Site 45/1, Baikonur Cosmodrome, Kazakhstan",Unknown,1994,11,24,Thursday,9,51,335,7,110
Tsyklon-3 | Geo-IK 1,VKS RF,Tsyklon-3,Launch Successful,1994-11-29 02:54:00+00:00,"Site 32/2, Plesetsk Cosmodrome, Russia",Unknown,1994,11,29,Tuesday,2,51,323,7,103
Atlas IIA | Orion 1,Lockheed,Atlas IIA,Launch Successful,1994-11-29 10:21:00+00:00,"SLC-36A, Cape Canaveral AFS, Florida, USA",Unknown,1994,11,29,Tuesday,10,31,27,7,64
Long March 3A | Chinasat-5,CASC,Long March 3A,Partial Failure,1994-11-29 17:02:00+00:00,"LC-2, Xichang Satellite Launch Center, China",Unknown,1994,11,29,Tuesday,17,7,173,7,29
Ariane 42P | Panamsat-3,Arianespace,Ariane 42P,Launch Failure,1994-12-01 22:57:00+00:00,"ELA-2, Guiana Space Centre, French Guiana, France",Unknown,1994,12,1,Thursday,22,3,14,7,4
Molniya-M /Block ML | Molniya-1T n†­162,VKS RF,Molniya-M /Block ML,Launch Successful,1994-12-14 14:21:00+00:00,"Site 43/4, Plesetsk Cosmodrome, Russia",Unknown,1994,12,14,Wednesday,14,51,197,7,109
Cosmos-3M (11K65M) | Cosmos 2298,VKS RF,Cosmos-3M (11K65M),Launch Successful,1994-12-20 05:10:00+00:00,"Site 132/1, Plesetsk Cosmodrome, Russia",Unknown,1994,12,20,Tuesday,5,51,81,7,88
Titan IV(402)A | DSP,Martin Marietta,Titan IV(402)A,Launch Successful,1994-12-22 22:19:00+00:00,"SLC-40, Cape Canaveral AFS, Florida, USA",Unknown,1994,12,22,Thursday,22,34,311,7,69
Tsyklon-3 | Cosmos 2299 to 2304,VKS RF,Tsyklon-3,Launch Successful,1994-12-26 22:26:00+00:00,"Site 32/2, Plesetsk Cosmodrome, Russia",Unknown,1994,12,26,Monday,22,51,323,7,103
Atlas-E/F Star-37S-ISS | NOAA-J,General Dynamics,Atlas-E/F Star-37S-ISS,Launch Successful,1994-12-30 10:02:00+00:00,"SLC-3W, Vandenberg AFB, California, USA",Unknown,1994,12,30,Friday,10,17,55,7,68
Atlas IIAS | Intelsat 704,ILS,Atlas IIAS,Launch Successful,1995-01-10 06:18:00+00:00,"SLC-36B, Cape Canaveral AFS, Florida, USA",Unknown,1995,1,10,Tuesday,6,19,28,7,65
Mu-III S2 | EXPRESS,ISAS,Mu-III S2,Partial Failure,1995-01-15 13:45:00+00:00,"Mu Pad, Uchinoura Space Center, Japan",Unknown,1995,1,15,Sunday,13,22,204,7,48
"Cosmos-3M (11K65M) | Tsikada 1, Faisat 1 & Astrid 1",VKS RF,Cosmos-3M (11K65M),Launch Successful,1995-01-24 03:54:00+00:00,"Site 132/1, Plesetsk Cosmodrome, Russia",Unknown,1995,1,24,Tuesday,3,51,81,7,88
Long March 2E | Apstar 2,CASC,Long March 2E,Launch Failure,1995-01-25 22:40:00+00:00,"LC-2, Xichang Satellite Launch Center, China",Unknown,1995,1,25,Wednesday,22,7,168,7,29
Atlas II | USA-108 (UHF F4),Lockheed,Atlas II,Launch Successful,1995-01-29 01:25:00+00:00,"SLC-36A, Cape Canaveral AFS, Florida, USA",Unknown,1995,1,29,Sunday,1,31,26,7,64
Space Shuttle Discovery | STS-63,NASA,Space Shuttle Discovery,Launch Successful,1995-02-03 05:22:00+00:00,"LC-39B, Kennedy Space Center, Florida, USA",Unknown,1995,2,3,Friday,5,35,279,7,35
Space Shuttle Endeavour | STS-67,NASA,Space Shuttle Endeavour,Launch Successful,1995-03-02 06:38:00+00:00,"LC-39A, Kennedy Space Center, Florida, USA",Unknown,1995,3,2,Thursday,6,35,280,7,34
Cosmos-3M (11K65M) | Cosmos 2306,VKS RF,Cosmos-3M (11K65M),Launch Successful,1995-03-02 13:00:00+00:00,"Site 132/1, Plesetsk Cosmodrome, Russia",Unknown,1995,3,2,Thursday,13,51,81,7,88
H-II | Himawari 5 & SFU 1,MHI,H-II,Launch Successful,1995-03-18 08:01:00+00:00,"LA-Y1, Tanegashima Space Center, Japan",Unknown,1995,3,18,Saturday,8,32,142,7,17
Cosmos-3M (11K65M) | Cosmos 2310,VKS RF,Cosmos-3M (11K65M),Launch Successful,1995-03-22 04:09:00+00:00,"Site 132/1, Plesetsk Cosmodrome, Russia",Unknown,1995,3,22,Wednesday,4,51,81,7,88
Atlas IIAS | Intelsat 705,ILS,Atlas IIAS,Launch Successful,1995-03-22 06:18:00+00:00,"SLC-36B, Cape Canaveral AFS, Florida, USA",Unknown,1995,3,22,Wednesday,6,19,28,7,65
Atlas-E/F Star-37S-ISS | DMSP F-13,General Dynamics,Atlas-E/F Star-37S-ISS,Launch Successful,1995-03-24 14:05:00+00:00,"SLC-3W, Vandenberg AFB, California, USA",Unknown,1995,3,24,Friday,14,17,55,7,68
"Start | EKA-2, Gurwin & UNAMSAT A",MITT,Start,Launch Failure,1995-03-28 10:00:00+00:00,"Site 158, Plesetsk Cosmodrome, Russia",Unknown,1995,3,28,Tuesday,10,33,284,7,92
"Ariane 44LP | Brasilsat B2, Hot Bird 1",Arianespace,Ariane 44LP,Launch Successful,1995-03-28 11:19:00+00:00,"ELA-2, Guiana Space Centre, French Guiana, France",Unknown,1995,3,28,Tuesday,11,3,16,7,4
Pegasus | Orbcomm F1 and F2 & OrbView-1,Northrop,Pegasus,Launch Successful,1995-04-03 13:48:00+00:00,"Stargazer, Vandenberg AFB, California, USA",Unknown,1995,4,3,Monday,13,36,221,7,124
Atlas IIA | AMSC-1,ILS,Atlas IIA,Launch Successful,1995-04-07 23:47:00+00:00,"SLC-36A, Cape Canaveral AFS, Florida, USA",Unknown,1995,4,7,Friday,23,19,27,7,64
Ariane 40 | ERS-2,Arianespace,Ariane 40,Launch Successful,1995-04-21 01:44:00+00:00,"ELA-2, Guiana Space Centre, French Guiana, France",Unknown,1995,4,21,Friday,1,3,12,7,4
Titan IV(401)A | Mentor,Lockheed,Titan IV(401)A,Launch Successful,1995-05-14 13:45:00+00:00,"SLC-40, Cape Canaveral AFS, Florida, USA",Unknown,1995,5,14,Sunday,13,31,309,7,69
Ariane 44LP | Intelsat 706,Arianespace,Ariane 44LP,Launch Successful,1995-05-17 06:34:00+00:00,"ELA-2, Guiana Space Centre, French Guiana, France",Unknown,1995,5,17,Wednesday,6,3,16,7,4
Atlas I | GOES-J,Lockheed,Atlas I,Launch Successful,1995-05-23 05:52:00+00:00,"SLC-36B, Cape Canaveral AFS, Florida, USA",Unknown,1995,5,23,Tuesday,5,31,25,7,65
Molniya-M /Block 2BL | Cosmos 2312,VKS RF,Molniya-M /Block 2BL,Launch Successful,1995-05-24 20:10:00+00:00,"Site 16/2, Plesetsk Cosmodrome, Russia",Unknown,1995,5,24,Wednesday,20,51,195,7,93
Atlas II | USA-111 (UHF F5),Lockheed,Atlas II,Launch Successful,1995-05-31 15:27:00+00:00,"SLC-36A, Cape Canaveral AFS, Florida, USA",Unknown,1995,5,31,Wednesday,15,31,26,7,64
Tsyklon-2 | Cosmos 2313,VKS RF,Tsyklon-2,Launch Successful,1995-06-08 04:43:00+00:00,"Site 90/20, Baikonur Cosmodrome, Kazakhstan",Unknown,1995,6,8,Thursday,4,51,321,7,117
Ariane 42P | DBS-3,Arianespace,Ariane 42P,Launch Successful,1995-06-10 00:24:00+00:00,"ELA-2, Guiana Space Centre, French Guiana, France",Unknown,1995,6,10,Saturday,0,3,14,7,4
Pegasus XL | STEP-3,Northrop,Pegasus XL,Launch Failure,1995-06-22 19:58:00+00:00,"Stargazer, Vandenberg AFB, California, USA",Unknown,1995,6,22,Thursday,19,36,222,7,124
Space Shuttle Atlantis | STS-71,NASA,Space Shuttle Atlantis,Launch Successful,1995-06-27 19:32:00+00:00,"LC-39A, Kennedy Space Center, Florida, USA",Unknown,1995,6,27,Tuesday,19,35,276,7,34
Cosmos-3M (11K65M) | Cosmos 2315,VKS RF,Cosmos-3M (11K65M),Launch Successful,1995-07-05 03:09:00+00:00,"Site 132/1, Plesetsk Cosmodrome, Russia",Unknown,1995,7,5,Wednesday,3,51,81,7,88
"Ariane 40 | Helios 1A, Cerise, LBSAT-1",Arianespace,Ariane 40,Launch Successful,1995-07-07 16:23:00+00:00,"ELA-2, Guiana Space Centre, French Guiana, France",Unknown,1995,7,7,Friday,16,3,12,7,4
Titan IV(401)A | Trumpet,Lockheed,Titan IV(401)A,Launch Successful,1995-07-10 12:38:00+00:00,"SLC-41, Cape Canaveral AFS, Florida, USA",Unknown,1995,7,10,Monday,12,31,309,7,70
Space Shuttle Discovery | STS-70,NASA,Space Shuttle Discovery,Launch Successful,1995-07-13 13:41:00+00:00,"LC-39B, Kennedy Space Center, Florida, USA",Unknown,1995,7,13,Thursday,13,35,279,7,35
Atlas IIA | USA-113 (DSCS IIIB-7),Lockheed,Atlas IIA,Launch Successful,1995-07-31 23:30:00+00:00,"SLC-36A, Cape Canaveral AFS, Florida, USA",Unknown,1995,7,31,Monday,23,31,27,7,64
Molniya-M /Block SO-L | Interbol 1 & Magion 4,RVSN USSR,Molniya-M /Block SO-L,Launch Successful,1995-08-02 23:59:00+00:00,"Site 43/3, Plesetsk Cosmodrome, Russia",Unknown,1995,8,2,Wednesday,23,40,199,7,108
Ariane 42L | Panamsat-4,Arianespace,Ariane 42L,Launch Successful,1995-08-03 22:58:00+00:00,"ELA-2, Guiana Space Centre, French Guiana, France",Unknown,1995,8,3,Thursday,22,3,13,7,4
Molniya-M /Block ML | Molniya-3 n†­163,VKS RF,Molniya-M /Block ML,Launch Successful,1995-08-09 01:21:00+00:00,"Site 43/3, Plesetsk Cosmodrome, Russia",Unknown,1995,8,9,Wednesday,1,51,197,7,108
Athena I | GemStar 1,Lockheed,Athena I,Launch Failure,1995-08-15 22:30:00+00:00,"SLC-6, Vandenberg AFB, California, USA",Unknown,1995,8,15,Tuesday,22,31,23,7,76
Atlas IIAS | JCSAT-3,ILS,Atlas IIAS,Launch Successful,1995-08-29 00:53:00+00:00,"SLC-36B, Cape Canaveral AFS, Florida, USA",Unknown,1995,8,29,Tuesday,0,19,28,7,65
Ariane 42P | N-Star A,Arianespace,Ariane 42P,Launch Successful,1995-08-29 06:41:00+00:00,"ELA-2, Guiana Space Centre, French Guiana, France",Unknown,1995,8,29,Tuesday,6,3,14,7,4
Tsyklon-3 | Sich 1 & FASat Alfa,VKS RF,Tsyklon-3,Launch Successful,1995-08-31 06:50:00+00:00,"Site 32/2, Plesetsk Cosmodrome, Russia",Unknown,1995,8,31,Thursday,6,51,323,7,103
Delta II 7925 | Koreasat 1,Boeing,Delta II 7925,Partial Failure,1995-09-05 11:10:00+00:00,"SLC-17B, Cape Canaveral AFS, Florida, USA",Unknown,1995,9,5,Tuesday,11,6,103,7,58
Space Shuttle Endeavour | STS-69,NASA,Space Shuttle Endeavour,Launch Successful,1995-09-07 15:09:00+00:00,"LC-39A, Kennedy Space Center, Florida, USA",Unknown,1995,9,7,Thursday,15,35,280,7,34
Ariane 42L | Telstar 402R,Arianespace,Ariane 42L,Launch Successful,1995-09-24 00:06:00+00:00,"ELA-2, Guiana Space Centre, French Guiana, France",Unknown,1995,9,24,Sunday,0,3,13,7,4
Cosmos-3M (11K65M) | Cosmos 2321,VKS RF,Cosmos-3M (11K65M),Partial Failure,1995-10-06 03:23:00+00:00,"Site 132/1, Plesetsk Cosmodrome, Russia",Unknown,1995,10,6,Friday,3,51,81,7,88
Ariane 42L | Astra 1E,Arianespace,Ariane 42L,Launch Successful,1995-10-19 00:28:00+00:00,"ELA-2, Guiana Space Centre, French Guiana, France",Unknown,1995,10,19,Thursday,0,3,13,7,4
Space Shuttle Columbia | STS-73,NASA,Space Shuttle Columbia,Launch Successful,1995-10-20 13:53:00+00:00,"LC-39B, Kennedy Space Center, Florida, USA",Unknown,1995,10,20,Friday,13,35,278,7,35
Atlas II | USA-114 (UHF F6),Lockheed,Atlas II,Launch Successful,1995-10-22 08:00:00+00:00,"SLC-36A, Cape Canaveral AFS, Florida, USA",Unknown,1995,10,22,Sunday,8,31,26,7,64
Conestoga-1620 | METEOR,EER,Conestoga-1620,Launch Failure,1995-10-23 22:03:00+00:00,"LP-0A, Wallops Flight Facility, Virginia, USA",Unknown,1995,10,23,Monday,22,12,76,7,43
Zenit-2 | Cosmos 2322,VKS RF,Zenit-2,Launch Successful,1995-10-31 20:19:00+00:00,"Site 45/1, Baikonur Cosmodrome, Kazakhstan",Unknown,1995,10,31,Tuesday,20,51,335,7,110
Delta II 7920-10 | RADARSAT-1 and SURFSAT,Boeing,Delta II 7920-10,Launch Successful,1995-11-04 14:22:00+00:00,"SLC-2W, Vandenberg AFB, California, USA",Unknown,1995,11,4,Saturday,14,6,97,7,63
Titan IV(401)A | Milstar DFS-2,Lockheed,Titan IV(401)A,Launch Successful,1995-11-06 05:15:00+00:00,"SLC-40, Cape Canaveral AFS, Florida, USA",Unknown,1995,11,6,Monday,5,31,309,7,69
Space Shuttle Atlantis | STS-74,NASA,Space Shuttle Atlantis,Launch Successful,1995-11-12 12:30:00+00:00,"LC-39A, Kennedy Space Center, Florida, USA",Unknown,1995,11,12,Sunday,12,35,276,7,34
Ariane 44P | Infrared Space Observatory,Arianespace,Ariane 44P,Launch Successful,1995-11-17 01:20:00+00:00,"ELA-2, Guiana Space Centre, French Guiana, France",Unknown,1995,11,17,Friday,1,3,17,7,4
Long March 2E | AsiaSat 2,CASC,Long March 2E,Launch Successful,1995-11-28 11:30:00+00:00,"LC-2, Xichang Satellite Launch Center, China",Unknown,1995,11,28,Tuesday,11,7,168,7,29
Atlas IIAS | SOHO,Lockheed,Atlas IIAS,Launch Successful,1995-12-02 08:08:00+00:00,"SLC-36B, Cape Canaveral AFS, Florida, USA",Unknown,1995,12,2,Saturday,8,31,28,7,65
Titan IV(404)A | KH-11 Kennen,Lockheed,Titan IV(404)A,Launch Successful,1995-12-05 21:18:00+00:00,"SLC-4E, Vandenberg AFB, California, USA",Unknown,1995,12,5,Tuesday,21,31,315,7,72
"Ariane 44L | Telecom 2C, Insat 2C",Arianespace,Ariane 44L,Launch Successful,1995-12-06 23:23:00+00:00,"ELA-2, Guiana Space Centre, French Guiana, France",Unknown,1995,12,6,Wednesday,23,3,15,7,4
Atlas IIA | Galaxy 3R,Lockheed,Atlas IIA,Launch Successful,1995-12-15 00:23:00+00:00,"SLC-36A, Cape Canaveral AFS, Florida, USA",Unknown,1995,12,15,Friday,0,31,27,7,64
Tsyklon-2 | Cosmos 2326,VKS RF,Tsyklon-2,Launch Successful,1995-12-20 00:52:00+00:00,"Site 90/20, Baikonur Cosmodrome, Kazakhstan",Unknown,1995,12,20,Wednesday,0,51,321,7,117
Molniya-M /Block 2BL | IRS-1C & Skipper,VKS RF,Molniya-M /Block 2BL,Launch Successful,1995-12-28 06:45:00+00:00,"Site 31/6, Baikonur Cosmodrome, Kazakhstan",Unknown,1995,12,28,Thursday,6,51,195,7,101
Long March 2E | EchoStar 1,CASC,Long March 2E,Launch Successful,1995-12-28 11:50:00+00:00,"LC-2, Xichang Satellite Launch Center, China",Unknown,1995,12,28,Thursday,11,7,168,7,29
Delta II 7920-10 | XTE,Boeing,Delta II 7920-10,Launch Successful,1995-12-30 13:48:00+00:00,"SLC-17A, Cape Canaveral AFS, Florida, USA",Unknown,1995,12,30,Saturday,13,6,97,7,57
Space Shuttle Endeavour | STS-72,NASA,Space Shuttle Endeavour,Launch Successful,1996-01-11 09:41:00+00:00,"LC-39B, Kennedy Space Center, Florida, USA",Unknown,1996,1,11,Thursday,9,35,280,7,35
"Ariane 44L | Panamsat-3R, Measat-1",Arianespace,Ariane 44L,Launch Successful,1996-01-12 23:10:00+00:00,"ELA-2, Guiana Space Centre, French Guiana, France",Unknown,1996,1,12,Friday,23,3,15,7,4
Delta II 7925 | Koreasat-2,Boeing,Delta II 7925,Launch Successful,1996-01-14 11:10:00+00:00,"SLC-17B, Cape Canaveral AFS, Florida, USA",Unknown,1996,1,14,Sunday,11,6,103,7,58
Cosmos-3M (11K65M) | Cosmos 2327,VKS RF,Cosmos-3M (11K65M),Launch Successful,1996-01-16 15:33:00+00:00,"Site 132/1, Plesetsk Cosmodrome, Russia",Unknown,1996,1,16,Tuesday,15,51,81,7,88
Atlas IIAS | Palapa C1,ILS,Atlas IIAS,Launch Successful,1996-02-01 01:15:00+00:00,"SLC-36B, Cape Canaveral AFS, Florida, USA",Unknown,1996,2,1,Thursday,1,19,28,7,65
Ariane 44P | N-Star B,Arianespace,Ariane 44P,Launch Successful,1996-02-05 07:19:00+00:00,"ELA-2, Guiana Space Centre, French Guiana, France",Unknown,1996,2,5,Monday,7,3,17,7,4
Long March 3B | Intelsat 708,CASC,Long March 3B,Launch Failure,1996-02-14 19:01:00+00:00,"LC-2, Xichang Satellite Launch Center, China",Unknown,1996,2,14,Wednesday,19,7,174,7,29
Delta II 7925-8 | NEAR,Boeing,Delta II 7925-8,Launch Successful,1996-02-17 20:43:00+00:00,"SLC-17B, Cape Canaveral AFS, Florida, USA",Unknown,1996,2,17,Saturday,20,6,107,7,58
Tsyklon-3 | Cosmos 2328 to 2330 & Gonets 1 to 3,VKS RF,Tsyklon-3,Launch Successful,1996-02-19 00:58:00+00:00,"Site 32/1, Plesetsk Cosmodrome, Russia",Unknown,1996,2,19,Monday,0,51,323,7,102
Space Shuttle Columbia | STS-75,NASA,Space Shuttle Columbia,Launch Successful,1996-02-22 20:18:00+00:00,"LC-39B, Kennedy Space Center, Florida, USA",Unknown,1996,2,22,Thursday,20,35,278,7,35
Delta II 7925-10 | Polar,Boeing,Delta II 7925-10,Launch Successful,1996-02-24 11:24:00+00:00,"SLC-2W, Vandenberg AFB, California, USA",Unknown,1996,2,24,Saturday,11,6,104,7,63
Pegasus XL | REX II,Northrop,Pegasus XL,Launch Successful,1996-03-09 01:53:00+00:00,"Stargazer, Vandenberg AFB, California, USA",Unknown,1996,3,9,Saturday,1,36,222,7,124
Ariane 44LP | Intelsat 707,Arianespace,Ariane 44LP,Launch Successful,1996-03-14 07:11:00+00:00,"ELA-2, Guiana Space Centre, French Guiana, France",Unknown,1996,3,14,Thursday,7,3,16,7,4
PSLV-G | IRS-P3,ISRO,PSLV-G,Launch Successful,1996-03-21 04:53:00+00:00,"First Launch Pad, Satish Dhawan Space Centre, India",Unknown,1996,3,21,Thursday,4,23,218,7,9
Space Shuttle Atlantis | STS-76,NASA,Space Shuttle Atlantis,Launch Successful,1996-03-22 08:13:00+00:00,"LC-39B, Kennedy Space Center, Florida, USA",Unknown,1996,3,22,Friday,8,35,276,7,35
Delta II 7925 | USA-117 (GPS IIA-16),Boeing,Delta II 7925,Launch Successful,1996-03-28 00:21:00+00:00,"SLC-17B, Cape Canaveral AFS, Florida, USA",Navigation,1996,3,28,Thursday,0,6,103,5,58
Atlas IIA | Inmarsat 3-F1,ILS,Atlas IIA,Launch Successful,1996-04-03 23:01:00+00:00,"SLC-36A, Cape Canaveral AFS, Florida, USA",Unknown,1996,4,3,Wednesday,23,19,27,7,64
Ariane 42P | M-SAT-1,Arianespace,Ariane 42P,Launch Successful,1996-04-20 22:36:00+00:00,"ELA-2, Guiana Space Centre, French Guiana, France",Unknown,1996,4,20,Saturday,22,3,14,7,4
Delta II 7920-10 | MSX,Boeing,Delta II 7920-10,Launch Successful,1996-04-24 12:27:00+00:00,"SLC-2W, Vandenberg AFB, California, USA",Unknown,1996,4,24,Wednesday,12,6,97,7,63
Cosmos-3M (11K65M) | Cosmos 2265,VKS RF,Cosmos-3M (11K65M),Launch Successful,1996-04-24 13:00:00+00:00,"Site 132/1, Plesetsk Cosmodrome, Russia",Unknown,1996,4,24,Wednesday,13,51,81,7,88
Titan IV(401)A | Mercury,Lockheed,Titan IV(401)A,Launch Successful,1996-04-24 23:37:00+00:00,"SLC-41, Cape Canaveral AFS, Florida, USA",Unknown,1996,4,24,Wednesday,23,31,309,7,70
Atlas I | BeppoSAX,Lockheed,Atlas I,Launch Successful,1996-04-30 04:31:00+00:00,"SLC-36B, Cape Canaveral AFS, Florida, USA",Unknown,1996,4,30,Tuesday,4,31,25,7,65
"Titan IV(403)A | SLDCOM, NOSS 3x, TiPS 2x",Lockheed,Titan IV(403)A,Launch Successful,1996-05-12 21:32:00+00:00,"SLC-4E, Vandenberg AFB, California, USA",Unknown,1996,5,12,Sunday,21,31,313,7,72
"Ariane 44L | Palapa C2, AMOS-1",Arianespace,Ariane 44L,Launch Successful,1996-05-16 01:56:00+00:00,"ELA-2, Guiana Space Centre, French Guiana, France",Unknown,1996,5,16,Thursday,1,3,15,7,4
Pegasus | MSTI-3,Northrop,Pegasus,Launch Successful,1996-05-17 02:44:00+00:00,"Stargazer, Vandenberg AFB, California, USA",Unknown,1996,5,17,Friday,2,36,221,7,124
Space Shuttle Endeavour | STS-77,NASA,Space Shuttle Endeavour,Launch Successful,1996-05-19 10:30:00+00:00,"LC-39B, Kennedy Space Center, Florida, USA",Unknown,1996,5,19,Sunday,10,35,280,7,35
Delta II 7925 | Galaxy 9,Boeing,Delta II 7925,Launch Successful,1996-05-24 01:10:00+00:00,"SLC-17B, Cape Canaveral AFS, Florida, USA",Unknown,1996,5,24,Friday,1,6,103,7,58
Ariane 5 G | Cluster,ESA,Ariane 5 G,Launch Failure,1996-06-04 12:34:00+00:00,"ELA-3, Guiana Space Centre, French Guiana, France",Unknown,1996,6,4,Tuesday,12,13,20,7,5
Ariane 44P | Intelsat 709,Arianespace,Ariane 44P,Launch Successful,1996-06-15 06:55:00+00:00,"ELA-2, Guiana Space Centre, French Guiana, France",Unknown,1996,6,15,Saturday,6,3,17,7,4
Space Shuttle Columbia | STS-78,NASA,Space Shuttle Columbia,Launch Successful,1996-06-20 14:49:00+00:00,"LC-39B, Kennedy Space Center, Florida, USA",Unknown,1996,6,20,Thursday,14,35,278,7,35
Pegasus XL | TOMS,Northrop,Pegasus XL,Launch Successful,1996-07-02 07:48:00+00:00,"Stargazer, Vandenberg AFB, California, USA",Unknown,1996,7,2,Tuesday,7,36,222,7,124
Titan IV(405)A | SDS,Lockheed,Titan IV(405)A,Launch Successful,1996-07-03 00:31:00+00:00,"SLC-40, Cape Canaveral AFS, Florida, USA",Unknown,1996,7,3,Wednesday,0,31,317,7,69
Long March 3 | Apstar 1A,CASC,Long March 3,Launch Successful,1996-07-03 10:47:00+00:00,"LC-3, Xichang Satellite Launch Center, China",Unknown,1996,7,3,Wednesday,10,7,172,7,32
"Ariane 44L | Arabsat-2A, T??rksat 1C",Arianespace,Ariane 44L,Launch Successful,1996-07-09 22:24:00+00:00,"ELA-2, Guiana Space Centre, French Guiana, France",Unknown,1996,7,9,Tuesday,22,3,15,7,4
Delta II 7925 | USA-126 (GPS IIA-17),Boeing,Delta II 7925,Launch Successful,1996-07-16 00:50:00+00:00,"SLC-17A, Cape Canaveral AFS, Florida, USA",Navigation,1996,7,16,Tuesday,0,6,103,5,57
Atlas II | UHF F7,Lockheed,Atlas II,Launch Successful,1996-07-25 12:42:00+00:00,"SLC-36A, Cape Canaveral AFS, Florida, USA",Unknown,1996,7,25,Thursday,12,31,26,7,64
"Ariane 44L | Italsat F2, Telecom 2D",Arianespace,Ariane 44L,Launch Successful,1996-08-08 22:49:00+00:00,"ELA-2, Guiana Space Centre, French Guiana, France",Unknown,1996,8,8,Thursday,22,3,15,7,4
Molniya-M /Block ML | Molniya-1T n†­164,VKS RF,Molniya-M /Block ML,Launch Successful,1996-08-14 22:21:00+00:00,"Site 43/3, Plesetsk Cosmodrome, Russia",Unknown,1996,8,14,Wednesday,22,51,197,7,108
H-II (2 SSB) | Fuji 2 & Midori,MHI,H-II (2 SSB),Launch Successful,1996-08-17 01:53:00+00:00,"LA-Y1, Tanegashima Space Center, Japan",Unknown,1996,8,17,Saturday,1,32,143,7,17
Long March 3 | Chinasat-7,CASC,Long March 3,Partial Failure,1996-08-18 10:27:00+00:00,"LC-3, Xichang Satellite Launch Center, China",Unknown,1996,8,18,Sunday,10,7,172,7,32
Pegasus XL | FAST,Northrop,Pegasus XL,Launch Successful,1996-08-21 09:47:00+00:00,"Stargazer, Vandenberg AFB, California, USA",Unknown,1996,8,21,Wednesday,9,36,222,7,124
"Molniya-M /Block SO-L | Interbol 2, Magion5 & Victor",RVSN USSR,Molniya-M /Block SO-L,Launch Successful,1996-08-29 05:22:00+00:00,"Site 43/3, Plesetsk Cosmodrome, Russia",Unknown,1996,8,29,Thursday,5,40,199,7,108
Zenit-2 | Cosmos 2333,VKS RF,Zenit-2,Launch Successful,1996-09-04 09:01:00+00:00,"Site 45/1, Baikonur Cosmodrome, Kazakhstan",Unknown,1996,9,4,Wednesday,9,51,335,7,110
Cosmos-3M (11K65M) | Cosmos 2334 & UNAMSAT-B,VKS RF,Cosmos-3M (11K65M),Launch Successful,1996-09-05 12:47:00+00:00,"Site 132/1, Plesetsk Cosmodrome, Russia",Unknown,1996,9,5,Thursday,12,51,81,7,88
Atlas IIA | GE-1,ILS,Atlas IIA,Launch Successful,1996-09-08 21:49:00+00:00,"SLC-36B, Cape Canaveral AFS, Florida, USA",Unknown,1996,9,8,Sunday,21,19,27,7,65
Ariane 42P | Echostar-2,Arianespace,Ariane 42P,Launch Successful,1996-09-11 00:00:00+00:00,"ELA-2, Guiana Space Centre, French Guiana, France",Unknown,1996,9,11,Wednesday,0,3,14,7,4
Delta II 7925 | USA-128 (GPS IIA-18),Boeing,Delta II 7925,Launch Successful,1996-09-12 08:49:00+00:00,"SLC-17A, Cape Canaveral AFS, Florida, USA",Navigation,1996,9,12,Thursday,8,6,103,5,57
Space Shuttle Atlantis | STS-79,NASA,Space Shuttle Atlantis,Launch Successful,1996-09-16 08:54:00+00:00,"LC-39A, Kennedy Space Center, Florida, USA",Unknown,1996,9,16,Monday,8,35,276,7,34
Long March 2D | FSW-2 No.3,CASC,Long March 2D,Launch Successful,1996-10-20 07:20:00+00:00,"Site 138 (LA-2B), Jiuquan Satellite Launch Center, China",Unknown,1996,10,20,Sunday,7,7,166,7,91
Molniya-M /Block ML | Molniya-3 n†­165,VKS RF,Molniya-M /Block ML,Launch Successful,1996-10-24 11:37:00+00:00,"Site 43/4, Plesetsk Cosmodrome, Russia",Unknown,1996,10,24,Thursday,11,51,197,7,109
Pegasus XL | HETE & SAC-B,Northrop,Pegasus XL,Launch Failure,1996-11-04 17:08:00+00:00,"Stargazer, Vandenberg AFB, California, USA",Unknown,1996,11,4,Monday,17,36,222,7,124
Delta II 7925 | Mars Global Surveyor,Boeing,Delta II 7925,Launch Successful,1996-11-07 17:00:00+00:00,"SLC-17A, Cape Canaveral AFS, Florida, USA",Unknown,1996,11,7,Thursday,17,6,103,7,57
"Ariane 44L | Arabsat-2B, Measat-2",Arianespace,Ariane 44L,Launch Successful,1996-11-13 22:40:00+00:00,"ELA-2, Guiana Space Centre, French Guiana, France",Unknown,1996,11,13,Wednesday,22,3,15,7,4
Atlas IIA | Hot Bird 2,ILS,Atlas IIA,Launch Successful,1996-11-21 20:47:00+00:00,"SLC-36A, Cape Canaveral AFS, Florida, USA",Unknown,1996,11,21,Thursday,20,19,27,7,64
Delta II 7925 | Mars Pathfinder,Boeing,Delta II 7925,Launch Successful,1996-12-04 06:58:00+00:00,"SLC-17B, Cape Canaveral AFS, Florida, USA",Unknown,1996,12,4,Wednesday,6,6,103,7,58
Space Shuttle Columbia | STS-80,NASA,Space Shuttle Columbia,Launch Successful,1996-12-07 11:49:00+00:00,"LC-39B, Kennedy Space Center, Florida, USA",Unknown,1996,12,7,Saturday,11,35,278,7,35
Tsyklon-2 | Cosmos 2335,VKS RF,Tsyklon-2,Launch Successful,1996-12-11 12:00:00+00:00,"Site 90/20, Baikonur Cosmodrome, Kazakhstan",Unknown,1996,12,11,Wednesday,12,51,321,7,117
Atlas IIA | Inmarsat 3-F3,ILS,Atlas IIA,Launch Successful,1996-12-18 01:57:00+00:00,"SLC-36B, Cape Canaveral AFS, Florida, USA",Unknown,1996,12,18,Wednesday,1,19,27,7,65
Cosmos-3M (11K65M) | Cosmos 2336,VKS RF,Cosmos-3M (11K65M),Launch Successful,1996-12-20 06:43:00+00:00,"Site 132/1, Plesetsk Cosmodrome, Russia",Unknown,1996,12,20,Friday,6,51,81,7,88
Titan IV(404)A | NROL-2 (KH-11 Kennen),Lockheed,Titan IV(404)A,Launch Successful,1996-12-20 18:04:00+00:00,"SLC-4E, Vandenberg AFB, California, USA",Military,1996,12,20,Friday,18,31,315,4,72
Space Shuttle Atlantis | STS-81,NASA,Space Shuttle Atlantis,Launch Successful,1997-01-12 09:27:00+00:00,"LC-39B, Kennedy Space Center, Florida, USA",Unknown,1997,1,12,Sunday,9,35,276,7,35
Delta II 7925 | GPS IIR-1,Boeing,Delta II 7925,Launch Failure,1997-01-17 16:28:00+00:00,"SLC-17A, Cape Canaveral AFS, Florida, USA",Navigation,1997,1,17,Friday,16,6,103,5,57
"Ariane 44L | GE-2, Nahuel 1A",Arianespace,Ariane 44L,Launch Successful,1997-01-30 22:04:00+00:00,"ELA-2, Guiana Space Centre, French Guiana, France",Unknown,1997,1,30,Thursday,22,3,15,7,4
Space Shuttle Discovery | STS-82,NASA,Space Shuttle Discovery,Launch Successful,1997-02-11 08:55:00+00:00,"LC-39A, Kennedy Space Center, Florida, USA",Unknown,1997,2,11,Tuesday,8,35,279,7,34
Mu-V / M-24 | Muses B,ISAS,Mu-V / M-24,Launch Successful,1997-02-12 04:50:00+00:00,"Mu Pad, Uchinoura Space Center, Japan",Communications,1997,2,12,Wednesday,4,22,206,1,48
Tsyklon-3 | Cosmos 2337 to 2339 & Gonets 4 to 6,VKS RF,Tsyklon-3,Launch Successful,1997-02-14 03:47:00+00:00,"Site 32/2, Plesetsk Cosmodrome, Russia",Unknown,1997,2,14,Friday,3,51,323,7,103
Atlas IIAS | JCSAT-4,ILS,Atlas IIAS,Launch Successful,1997-02-17 01:42:00+00:00,"SLC-36B, Cape Canaveral AFS, Florida, USA",Unknown,1997,2,17,Monday,1,19,28,7,65
Titan IV(402)B | DSP,Lockheed,Titan IV(402)B,Launch Successful,1997-02-23 20:20:00+00:00,"SLC-40, Cape Canaveral AFS, Florida, USA",Unknown,1997,2,23,Sunday,20,31,312,7,69
Ariane 44P | Intelsat 801,Arianespace,Ariane 44P,Launch Successful,1997-03-01 01:07:00+00:00,"ELA-2, Guiana Space Centre, French Guiana, France",Unknown,1997,3,1,Saturday,1,3,17,7,4
Start-1 | Zeya,MITT,Start-1,Launch Successful,1997-03-04 02:00:00+00:00,"Svobodny Cosmodrome, Russia",Unknown,1997,3,4,Tuesday,2,33,285,7,126
Atlas IIA | Tempo 2,ILS,Atlas IIA,Launch Successful,1997-03-08 06:01:00+00:00,"SLC-36A, Cape Canaveral AFS, Florida, USA",Unknown,1997,3,8,Saturday,6,19,27,7,64
Titan II(23)G | USA-131,Lockheed,Titan II(23)G,Launch Successful,1997-04-04 16:47:00+00:00,"SLC-4W, Vandenberg AFB, California, USA",Unknown,1997,4,4,Friday,16,31,299,7,73
Space Shuttle Columbia | STS-83,NASA,Space Shuttle Columbia,Launch Successful,1997-04-04 19:20:00+00:00,"LC-39A, Kennedy Space Center, Florida, USA",Unknown,1997,4,4,Friday,19,35,278,7,34
"Ariane 44LP | Thaicom 3, BSAT 1a",Arianespace,Ariane 44LP,Launch Successful,1997-04-16 23:08:00+00:00,"ELA-2, Guiana Space Centre, French Guiana, France",Unknown,1997,4,16,Wednesday,23,3,16,7,4
Cosmos-3M (11K65M) | Cosmos 2341,VKS RF,Cosmos-3M (11K65M),Launch Successful,1997-04-17 13:03:00+00:00,"Site 132/1, Plesetsk Cosmodrome, Russia",Unknown,1997,4,17,Thursday,13,51,81,7,88
Pegasus XL | MiniSat & Celestis space burial,Northrop,Pegasus XL,Launch Successful,1997-04-21 11:59:00+00:00,"Stargazer, Base Aerea de Gando, Gran Canaria",Unknown,1997,4,21,Monday,11,36,222,7,121
Atlas I | GOES-K,Lockheed,Atlas I,Launch Successful,1997-04-25 05:49:00+00:00,"SLC-36B, Cape Canaveral AFS, Florida, USA",Unknown,1997,4,25,Friday,5,31,25,7,65
Delta II 7920-10C | MS-1,Boeing,Delta II 7920-10C,Launch Successful,1997-05-05 14:55:00+00:00,"SLC-2W, Vandenberg AFB, California, USA",Unknown,1997,5,5,Monday,14,6,98,7,63
Long March 3A | ChinaSat 6,CASC,Long March 3A,Launch Successful,1997-05-11 16:17:00+00:00,"LC-2, Xichang Satellite Launch Center, China",Unknown,1997,5,11,Sunday,16,7,173,7,29
Molniya-M /Block 2BL | Cosmos 2342,VKS RF,Molniya-M /Block 2BL,Launch Successful,1997-05-14 00:33:00+00:00,"Site 43/4, Plesetsk Cosmodrome, Russia",Unknown,1997,5,14,Wednesday,0,51,195,7,109
Space Shuttle Atlantis | STS-84,NASA,Space Shuttle Atlantis,Launch Successful,1997-05-15 08:07:00+00:00,"LC-39A, Kennedy Space Center, Florida, USA",Unknown,1997,5,15,Thursday,8,35,276,7,34
Zenit-2 | Tselina-2 n†­19,VKS RF,Zenit-2,Launch Failure,1997-05-20 07:07:00+00:00,"Site 45/1, Baikonur Cosmodrome, Kazakhstan",Unknown,1997,5,20,Tuesday,7,51,335,7,110
Delta II 7925 | Telenor Thor II,Boeing,Delta II 7925,Launch Successful,1997-05-20 22:39:00+00:00,"SLC-17A, Cape Canaveral AFS, Florida, USA",Unknown,1997,5,20,Tuesday,22,6,103,7,57
"Ariane 44L | Inmarsat 3 F4, Insat 2D",Arianespace,Ariane 44L,Launch Successful,1997-06-03 23:20:00+00:00,"ELA-2, Guiana Space Centre, French Guiana, France",Unknown,1997,6,3,Tuesday,23,3,15,7,4
Long March 3 | Fengyun-2A,CASC,Long March 3,Launch Successful,1997-06-10 12:01:00+00:00,"LC-3, Xichang Satellite Launch Center, China",Unknown,1997,6,10,Tuesday,12,7,172,7,32
Ariane 44P | Intelsat 802,Arianespace,Ariane 44P,Launch Successful,1997-06-25 23:44:00+00:00,"ELA-2, Guiana Space Centre, French Guiana, France",Unknown,1997,6,25,Wednesday,23,3,17,7,4
Space Shuttle Columbia | STS-94,NASA,Space Shuttle Columbia,Launch Successful,1997-07-01 18:02:00+00:00,"LC-39A, Kennedy Space Center, Florida, USA",Unknown,1997,7,1,Tuesday,18,35,278,7,34
Delta II 7920-10C | MS-2,Boeing,Delta II 7920-10C,Launch Successful,1997-07-09 13:04:00+00:00,"SLC-2W, Vandenberg AFB, California, USA",Unknown,1997,7,9,Wednesday,13,6,98,7,63
Delta II 7925 | USA-132 (GPS IIR-2),Boeing,Delta II 7925,Launch Successful,1997-07-23 03:43:00+00:00,"SLC-17A, Cape Canaveral AFS, Florida, USA",Navigation,1997,7,23,Wednesday,3,6,103,5,57
Atlas IIAS | Superbird C,ILS,Atlas IIAS,Launch Successful,1997-07-28 01:15:00+00:00,"SLC-36B, Cape Canaveral AFS, Florida, USA",Unknown,1997,7,28,Monday,1,19,28,7,65
Pegasus XL | OrbView-2,Northrop,Pegasus XL,Launch Successful,1997-08-01 20:20:00+00:00,"Stargazer, Base Aerea de Gando, Gran Canaria",Unknown,1997,8,1,Friday,20,36,222,7,121
Space Shuttle Discovery | STS-85,NASA,Space Shuttle Discovery,Launch Successful,1997-08-07 14:41:00+00:00,"LC-39A, Kennedy Space Center, Florida, USA",Unknown,1997,8,7,Thursday,14,35,279,7,34
Ariane 44P | Panamsat-6,Arianespace,Ariane 44P,Launch Successful,1997-08-08 06:46:00+00:00,"ELA-2, Guiana Space Centre, French Guiana, France",Unknown,1997,8,8,Friday,6,3,17,7,4
Long March 3B | Agila-2,CASC,Long March 3B,Launch Successful,1997-08-19 17:50:00+00:00,"LC-2, Xichang Satellite Launch Center, China",Unknown,1997,8,19,Tuesday,17,7,174,7,29
Delta II 7920-10C | MS-3,Boeing,Delta II 7920-10C,Launch Successful,1997-08-21 00:38:00+00:00,"SLC-2W, Vandenberg AFB, California, USA",Unknown,1997,8,21,Thursday,0,6,98,7,63
Athena I | Lewis,Lockheed,Athena I,Launch Successful,1997-08-23 06:51:00+00:00,"SLC-6, Vandenberg AFB, California, USA",Unknown,1997,8,23,Saturday,6,31,23,7,76
Delta II 7920-8 | Advanced Composition Explorer,Boeing,Delta II 7920-8,Launch Successful,1997-08-25 14:39:00+00:00,"SLC-17A, Cape Canaveral AFS, Florida, USA",Unknown,1997,8,25,Monday,14,6,100,7,57
Pegasus XL | FORTE,Northrop,Pegasus XL,Launch Successful,1997-08-29 15:02:00+00:00,"Stargazer, Vandenberg AFB, California, USA",Unknown,1997,8,29,Friday,15,36,222,7,124
Long March 2C | Iridium mass simulator A&B,CASC,Long March 2C,Launch Successful,1997-09-01 14:00:00+00:00,"LC-7, Taiyuan Satellite Launch Center, China",Unknown,1997,9,1,Monday,14,7,164,7,40
"Ariane 44LP | Hot Bird 3, Meteosat 7",Arianespace,Ariane 44LP,Launch Successful,1997-09-02 22:21:00+00:00,"ELA-2, Guiana Space Centre, French Guiana, France",Unknown,1997,9,2,Tuesday,22,3,16,7,4
Atlas IIAS | GE-3,ILS,Atlas IIAS,Launch Successful,1997-09-04 12:03:00+00:00,"SLC-36A, Cape Canaveral AFS, Florida, USA",Unknown,1997,9,4,Thursday,12,19,28,7,64
Cosmos-3M (11K65M) | Cosmos 2346 & FAISAT-2V,VKS RF,Cosmos-3M (11K65M),Launch Successful,1997-09-23 16:44:00+00:00,"Site 132/1, Plesetsk Cosmodrome, Russia",Unknown,1997,9,23,Tuesday,16,51,81,7,88
Ariane 44LP | Intelsat 803,Arianespace,Ariane 44LP,Launch Successful,1997-09-23 23:58:00+00:00,"ELA-2, Guiana Space Centre, French Guiana, France",Unknown,1997,9,23,Tuesday,23,3,16,7,4
Molniya-M /Block ML | Molniya-1T n†­166,VKS RF,Molniya-M /Block ML,Launch Successful,1997-09-24 21:30:00+00:00,"Site 43/3, Plesetsk Cosmodrome, Russia",Unknown,1997,9,24,Wednesday,21,51,197,7,108
Space Shuttle Atlantis | STS-86,NASA,Space Shuttle Atlantis,Launch Successful,1997-09-25 14:34:00+00:00,"LC-39A, Kennedy Space Center, Florida, USA",Unknown,1997,9,25,Thursday,14,35,276,7,34
Delta II 7920-10C | MS-4,Boeing,Delta II 7920-10C,Launch Successful,1997-09-27 01:23:00+00:00,"SLC-2W, Vandenberg AFB, California, USA",Unknown,1997,9,27,Saturday,1,6,98,7,63
PSLV-G | IRS-1D,ISRO,PSLV-G,Partial Failure,1997-09-29 10:20:00+00:00,"First Launch Pad, Satish Dhawan Space Centre, India",Unknown,1997,9,29,Monday,10,23,218,7,9
Atlas IIAS | Echostar 3,ILS,Atlas IIAS,Launch Successful,1997-10-05 21:01:00+00:00,"SLC-36B, Cape Canaveral AFS, Florida, USA",Unknown,1997,10,5,Sunday,21,19,28,7,65
Titan IV(401)B | Cassini???Huygens,Lockheed,Titan IV(401)B,Launch Successful,1997-10-15 08:43:00+00:00,"SLC-40, Cape Canaveral AFS, Florida, USA",Unknown,1997,10,15,Wednesday,8,31,310,7,69
Long March 3B | Apstar 2R,CASC,Long March 3B,Launch Successful,1997-10-16 19:13:00+00:00,"LC-2, Xichang Satellite Launch Center, China",Unknown,1997,10,16,Thursday,19,7,174,7,29
Pegasus XL | STEP-4,Northrop,Pegasus XL,Launch Successful,1997-10-22 13:13:00+00:00,"Stargazer, Wallops Flight Facility, Virginia, USA",Unknown,1997,10,22,Wednesday,13,36,222,7,125
Titan IV(403)A | NROL-3 (Lacrosse),Lockheed,Titan IV(403)A,Launch Successful,1997-10-24 02:32:00+00:00,"SLC-4E, Vandenberg AFB, California, USA",Military,1997,10,24,Friday,2,31,313,4,72
Atlas IIA | DSCS IIIB-13,Lockheed,Atlas IIA,Launch Successful,1997-10-25 00:46:00+00:00,"SLC-36A, Cape Canaveral AFS, Florida, USA",Unknown,1997,10,25,Saturday,0,31,27,7,64
"Ariane 5 G | MaqSat-H, TEAMSAT, MaqSat-B, YES",ESA,Ariane 5 G,Partial Failure,1997-10-30 13:43:00+00:00,"ELA-3, Guiana Space Centre, French Guiana, France",Unknown,1997,10,30,Thursday,13,13,20,7,5
Delta II 7925 | USA-134 (GPS IIA-19),Boeing,Delta II 7925,Launch Successful,1997-11-06 00:30:00+00:00,"SLC-17A, Cape Canaveral AFS, Florida, USA",Navigation,1997,11,6,Thursday,0,6,103,5,57
Titan IV(401)A | NROL-4 (Trumpet),Lockheed,Titan IV(401)A,Launch Successful,1997-11-08 02:05:00+00:00,"SLC-41, Cape Canaveral AFS, Florida, USA",Military,1997,11,8,Saturday,2,31,309,4,70
Delta II 7920-10C | MS-5,Boeing,Delta II 7920-10C,Launch Successful,1997-11-09 01:34:00+00:00,"SLC-2W, Vandenberg AFB, California, USA",Unknown,1997,11,9,Sunday,1,6,98,7,63
Space Shuttle Columbia | STS-87,NASA,Space Shuttle Columbia,Launch Successful,1997-11-19 19:46:00+00:00,"LC-39B, Kennedy Space Center, Florida, USA",Unknown,1997,11,19,Wednesday,19,35,278,7,35
H-II | TRMM & Orihime/Hikoboshi,MHI,H-II,Launch Successful,1997-11-27 21:27:00+00:00,"LA-Y1, Tanegashima Space Center, Japan",Unknown,1997,11,27,Thursday,21,32,142,7,17
"Ariane 44P | JCSAT-5, Equator S",Arianespace,Ariane 44P,Launch Successful,1997-12-02 22:52:00+00:00,"ELA-2, Guiana Space Centre, French Guiana, France",Unknown,1997,12,2,Tuesday,22,3,17,7,4
Long March 2C | Iridium 42 & 44,CASC,Long March 2C,Launch Successful,1997-12-08 07:16:00+00:00,"LC-7, Taiyuan Satellite Launch Center, China",Unknown,1997,12,8,Monday,7,7,164,7,40
Atlas IIAS | Galaxy 8i,ILS,Atlas IIAS,Launch Successful,1997-12-08 23:52:00+00:00,"SLC-36B, Cape Canaveral AFS, Florida, USA",Unknown,1997,12,8,Monday,23,19,28,7,65
Tsyklon-2 | Cosmos 2347,VKS RF,Tsyklon-2,Launch Successful,1997-12-09 07:17:00+00:00,"Site 90/20, Baikonur Cosmodrome, Kazakhstan",Unknown,1997,12,9,Tuesday,7,51,321,7,117
"Ariane 44L | Sirius-2, Cakrawarta-1",Arianespace,Ariane 44L,Launch Successful,1997-12-12 21:48:00+00:00,"ELA-2, Guiana Space Centre, French Guiana, France",Unknown,1997,12,12,Friday,21,3,15,7,4
Delta II 7920-10C | MS-6,Boeing,Delta II 7920-10C,Launch Successful,1997-12-20 13:16:00+00:00,"SLC-2W, Vandenberg AFB, California, USA",Unknown,1997,12,20,Saturday,13,6,98,7,63
Ariane 42L | Intelsat 804,Arianespace,Ariane 42L,Launch Successful,1997-12-22 00:16:00+00:00,"ELA-2, Guiana Space Centre, French Guiana, France",Unknown,1997,12,22,Monday,0,3,13,7,4
Pegasus XL/HAPS | Orbcomm A1-A8,Northrop,Pegasus XL/HAPS,Launch Successful,1997-12-23 19:11:00+00:00,"Stargazer, Wallops Flight Facility, Virginia, USA",Unknown,1997,12,23,Tuesday,19,36,223,7,125
Start-1 | Earlybird 1,MITT,Start-1,Launch Successful,1997-12-24 13:32:00+00:00,"Svobodny Cosmodrome, Russia",Unknown,1997,12,24,Wednesday,13,33,285,7,126
Proton K/Block DM-3 | PAS-22,ILS,Proton K/Block DM-3,Partial Failure,1997-12-24 23:19:00+00:00,"Site 81/23, Baikonur Cosmodrome, Kazakhstan",Unknown,1997,12,24,Wednesday,23,19,229,7,113
Athena II | Lunar Prospector,Lockheed,Athena II,Launch Successful,1998-01-07 02:28:00+00:00,"SLC-46, Cape Canaveral AFS, Florida, USA",Unknown,1998,1,7,Wednesday,2,31,24,7,71
Delta II 7925 | Skynet 4D,Boeing,Delta II 7925,Launch Successful,1998-01-10 00:32:00+00:00,"SLC-17B, Cape Canaveral AFS, Florida, USA",Unknown,1998,1,10,Saturday,0,6,103,7,58
Space Shuttle Endeavour | STS-89,NASA,Space Shuttle Endeavour,Launch Successful,1998-01-22 02:48:00+00:00,"LC-39A, Kennedy Space Center, Florida, USA",Unknown,1998,1,22,Thursday,2,35,280,7,34
Atlas IIA | NROL-5/SDS,Lockheed,Atlas IIA,Launch Successful,1998-01-29 18:37:00+00:00,"SLC-36A, Cape Canaveral AFS, Florida, USA",Military,1998,1,29,Thursday,18,31,27,4,64
"Ariane 44LP | Brasilsat B3, Inmarsat-3 F5",Arianespace,Ariane 44LP,Launch Successful,1998-02-04 23:29:00+00:00,"ELA-2, Guiana Space Centre, French Guiana, France",Unknown,1998,2,4,Wednesday,23,3,16,7,4
Minotaur C (Taurus) | GFO & Orbcomm 11 and 12,Northrop,Minotaur C (Taurus),Launch Successful,1998-02-10 13:20:00+00:00,"SLC-576E, Vandenberg AFB, California, USA",Unknown,1998,2,10,Tuesday,13,36,190,7,75
Delta II 7420-10C | Globalstar-1,Boeing,Delta II 7420-10C,Launch Successful,1998-02-14 14:24:00+00:00,"SLC-17A, Cape Canaveral AFS, Florida, USA",Unknown,1998,2,14,Saturday,14,6,93,7,57
Delta II 7920-10C | MS-7,Boeing,Delta II 7920-10C,Launch Successful,1998-02-18 13:58:00+00:00,"SLC-2W, Vandenberg AFB, California, USA",Unknown,1998,2,18,Wednesday,13,6,98,7,63
H-II | Kakehashi,MHI,H-II,Partial Failure,1998-02-21 07:55:00+00:00,"LA-Y1, Tanegashima Space Center, Japan",Unknown,1998,2,21,Saturday,7,32,142,7,17
Pegasus XL | SNOE & BATSAT,Northrop,Pegasus XL,Launch Successful,1998-02-26 07:07:00+00:00,"Stargazer, Wallops Flight Facility, Virginia, USA",Unknown,1998,2,26,Thursday,7,36,222,7,125
Ariane 42P | Hot Bird 4,Arianespace,Ariane 42P,Launch Successful,1998-02-27 22:38:00+00:00,"ELA-2, Guiana Space Centre, French Guiana, France",Unknown,1998,2,27,Friday,22,3,14,7,4
Atlas IIAS | Intelsat 806,ILS,Atlas IIAS,Launch Successful,1998-02-28 00:21:00+00:00,"SLC-36B, Cape Canaveral AFS, Florida, USA",Unknown,1998,2,28,Saturday,0,19,28,7,65
Atlas II | UHF F8,Lockheed,Atlas II,Launch Successful,1998-03-16 21:32:00+00:00,"SLC-36A, Cape Canaveral AFS, Florida, USA",Unknown,1998,3,16,Monday,21,31,26,7,64
Ariane 40 | SPOT-4,Arianespace,Ariane 40,Launch Successful,1998-03-24 01:46:00+00:00,"ELA-2, Guiana Space Centre, French Guiana, France",Unknown,1998,3,24,Tuesday,1,3,12,7,4
Long March 2C | Iridium 51 & 61,CASC,Long March 2C,Launch Successful,1998-03-25 17:01:00+00:00,"LC-7, Taiyuan Satellite Launch Center, China",Unknown,1998,3,25,Wednesday,17,7,164,7,40
Delta II 7920-10C | MS-8,Boeing,Delta II 7920-10C,Launch Successful,1998-03-30 06:02:00+00:00,"SLC-2W, Vandenberg AFB, California, USA",Unknown,1998,3,30,Monday,6,6,98,7,63
Pegasus XL | TRACE,Northrop,Pegasus XL,Launch Successful,1998-04-02 16:24:00+00:00,"Stargazer, Vandenberg AFB, California, USA",Unknown,1998,4,2,Thursday,16,36,222,7,124
Space Shuttle Columbia | STS-90,NASA,Space Shuttle Columbia,Launch Successful,1998-04-17 18:19:00+00:00,"LC-39B, Kennedy Space Center, Florida, USA",Unknown,1998,4,17,Friday,18,35,278,7,35
Delta II 7920-10C | Globalstar-2,Boeing,Delta II 7920-10C,Launch Successful,1998-04-24 22:38:00+00:00,"SLC-17A, Cape Canaveral AFS, Florida, USA",Unknown,1998,4,24,Friday,22,6,98,7,57
"Ariane 44P | Nilesat-101, BSAT-1B",Arianespace,Ariane 44P,Launch Successful,1998-04-28 22:53:00+00:00,"ELA-2, Guiana Space Centre, French Guiana, France",Unknown,1998,4,28,Tuesday,22,3,17,7,4
Long March 2C | Iridium 69 & 71,CASC,Long March 2C,Launch Successful,1998-05-02 09:16:00+00:00,"LC-7, Taiyuan Satellite Launch Center, China",Unknown,1998,5,2,Saturday,9,7,164,7,40
Molniya-M /Block 2BL | Cosmos 2351,VKS RF,Molniya-M /Block 2BL,Launch Successful,1998-05-07 08:53:00+00:00,"Site 16/2, Plesetsk Cosmodrome, Russia",Unknown,1998,5,7,Thursday,8,51,195,7,93
Titan IV(401)B | NROL-6 (Mentor),Lockheed,Titan IV(401)B,Launch Successful,1998-05-09 01:38:00+00:00,"SLC-40, Cape Canaveral AFS, Florida, USA",Military,1998,5,9,Saturday,1,31,310,4,69
Titan II(23)G | NOAA-15,Lockheed,Titan II(23)G,Launch Successful,1998-05-13 15:52:00+00:00,"SLC-4W, Vandenberg AFB, California, USA",Unknown,1998,5,13,Wednesday,15,31,299,7,73
Delta II 7920-10C | MS-9,Boeing,Delta II 7920-10C,Launch Successful,1998-05-17 21:16:00+00:00,"SLC-2W, Vandenberg AFB, California, USA",Unknown,1998,5,17,Sunday,21,6,98,7,63
Long March 3B | ChinaStar 1,CASC,Long March 3B,Launch Successful,1998-05-30 10:00:00+00:00,"LC-2, Xichang Satellite Launch Center, China",Unknown,1998,5,30,Saturday,10,7,174,7,29
Space Shuttle Discovery | STS-91,NASA,Space Shuttle Discovery,Launch Successful,1998-06-02 22:06:00+00:00,"LC-39A, Kennedy Space Center, Florida, USA",Unknown,1998,6,2,Tuesday,22,35,279,7,34
Delta II 7925 | Thor III,Boeing,Delta II 7925,Launch Successful,1998-06-10 00:35:00+00:00,"SLC-17A, Cape Canaveral AFS, Florida, USA",Unknown,1998,6,10,Wednesday,0,6,103,7,57
Tsyklon-3 | Cosmos 2352 to 2357,VKS RF,Tsyklon-3,Partial Failure,1998-06-15 22:58:00+00:00,"Site 32/1, Plesetsk Cosmodrome, Russia",Unknown,1998,6,15,Monday,22,51,323,7,102
Long March 3B | SinoSat 1,CASC,Long March 3B,Launch Successful,1998-06-18 09:20:00+00:00,"LC-2, Xichang Satellite Launch Center, China",Unknown,1998,6,18,Thursday,9,7,174,7,29
Atlas IIAS | Intelsat 805,ILS,Atlas IIAS,Launch Successful,1998-06-18 22:48:00+00:00,"SLC-36A, Cape Canaveral AFS, Florida, USA",Unknown,1998,6,18,Thursday,22,19,28,7,64
Molniya-M /Block ML | Molniya-3 n†­167,VKS RF,Molniya-M /Block ML,Launch Successful,1998-07-01 00:48:00+00:00,"Site 43/3, Plesetsk Cosmodrome, Russia",Unknown,1998,7,1,Wednesday,0,51,197,7,108
Mu-V / M-24 | Nozomi,ISAS,Mu-V / M-24,Launch Successful,1998-07-03 18:12:00+00:00,"Mu Pad, Uchinoura Space Center, Japan",Unknown,1998,7,3,Friday,18,22,206,7,48
Shtil' | Tubsat,SRC,Shtil',Launch Successful,1998-07-07 03:15:00+00:00,"K-407 Submarine, Barents Sea Launch Area, Barents Sea",Unknown,1998,7,7,Tuesday,3,43,255,7,12
Zenit-2 | Resurs-O1 n†­4 & Others,VKS RF,Zenit-2,Launch Successful,1998-07-10 06:30:00+00:00,"Site 45/1, Baikonur Cosmodrome, Kazakhstan",Unknown,1998,7,10,Friday,6,51,335,7,110
Zenit-2 | Cosmos 2360,VKS RF,Zenit-2,Launch Successful,1998-07-28 09:15:00+00:00,"Site 45/1, Baikonur Cosmodrome, Kazakhstan",Unknown,1998,7,28,Tuesday,9,51,335,7,110
Pegasus XL/HAPS | Orbcomm B1 - B8,Northrop,Pegasus XL/HAPS,Launch Successful,1998-08-02 16:24:00+00:00,"Stargazer, Wallops Flight Facility, Virginia, USA",Unknown,1998,8,2,Sunday,16,36,223,7,125
Titan IV(401)A | NROL-7 (Mercury),Lockheed,Titan IV(401)A,Launch Failure,1998-08-12 11:30:00+00:00,"SLC-41, Cape Canaveral AFS, Florida, USA",Military,1998,8,12,Wednesday,11,31,309,4,70
Molniya-M /Block ML | Molniya-1 n†­133,RVSN USSR,Molniya-M /Block ML,Launch Successful,1998-08-12 12:53:00+00:00,"Site 41/1, Plesetsk Cosmodrome, Russia",Unknown,1998,8,12,Wednesday,12,40,197,7,106
Long March 2C | Iridium 76 & 78,CASC,Long March 2C,Launch Successful,1998-08-19 23:01:00+00:00,"LC-7, Taiyuan Satellite Launch Center, China",Unknown,1998,8,19,Wednesday,23,7,164,7,40
Delta II 7920-10C | Deep Space 1,Boeing,Delta II 7920-10C,Launch Successful,1998-08-24 12:08:00+00:00,"SLC-2W, Vandenberg AFB, California, USA",Unknown,1998,8,24,Monday,12,6,98,7,63
Ariane 44P | ST-1,Arianespace,Ariane 44P,Launch Successful,1998-08-25 23:07:00+00:00,"ELA-2, Guiana Space Centre, French Guiana, France",Unknown,1998,8,25,Tuesday,23,3,17,7,4
Delta III 8930 | Galaxy 10,Boeing,Delta III 8930,Launch Failure,1998-08-27 01:17:00+00:00,"SLC-17B, Cape Canaveral AFS, Florida, USA",Unknown,1998,8,27,Thursday,1,6,109,7,58
Taepodong-1 | Kwangmyngsng 1,KCST,Taepodong-1,Launch Failure,1998-08-31 03:07:00+00:00,"Pad 1, Tonghae Satellite Launching Ground, North Korea",Unknown,1998,8,31,Monday,3,26,287,7,54
Delta II 7920-10C | MS-10,Boeing,Delta II 7920-10C,Launch Successful,1998-09-08 21:13:00+00:00,"SLC-2W, Vandenberg AFB, California, USA",Unknown,1998,9,8,Tuesday,21,6,98,7,63
Zenit-2 | Globalstar Satellites,VKS RF,Zenit-2,Launch Failure,1998-09-09 20:29:00+00:00,"Site 45/1, Baikonur Cosmodrome, Kazakhstan",Unknown,1998,9,9,Wednesday,20,51,335,7,110
Ariane 44LP | Panamsat-7,Arianespace,Ariane 44LP,Launch Successful,1998-09-16 06:31:00+00:00,"ELA-2, Guiana Space Centre, French Guiana, France",Unknown,1998,9,16,Wednesday,6,3,16,7,4
Pegasus XL/HAPS | Orbcomm C1 - C8,Northrop,Pegasus XL/HAPS,Launch Successful,1998-09-23 05:06:00+00:00,"Stargazer, Wallops Flight Facility, Virginia, USA",Unknown,1998,9,23,Wednesday,5,36,223,7,125
Molniya-M /Block ML | Molniya-1T n†­168,VKS RF,Molniya-M /Block ML,Launch Successful,1998-09-28 23:41:00+00:00,"Site 43/3, Plesetsk Cosmodrome, Russia",Unknown,1998,9,28,Monday,23,51,197,7,108
Minotaur C (Taurus) | STEX (NROL-8),Northrop,Minotaur C (Taurus),Launch Successful,1998-10-03 10:04:00+00:00,"SLC-576E, Vandenberg AFB, California, USA",Military,1998,10,3,Saturday,10,36,190,4,75
"Ariane 44L | Eutelsat W2, Sirius-3",Arianespace,Ariane 44L,Launch Successful,1998-10-05 22:51:00+00:00,"ELA-2, Guiana Space Centre, French Guiana, France",Unknown,1998,10,5,Monday,22,3,15,7,4
Atlas IIA | Hot Bird 5,ILS,Atlas IIA,Launch Successful,1998-10-09 22:50:00+00:00,"SLC-36B, Cape Canaveral AFS, Florida, USA",Unknown,1998,10,9,Friday,22,19,27,7,65
Atlas IIA | UHF F9,Lockheed,Atlas IIA,Launch Successful,1998-10-20 07:19:00+00:00,"SLC-36A, Cape Canaveral AFS, Florida, USA",Unknown,1998,10,20,Tuesday,7,31,27,7,64
Ariane 5 G | MaqSat 3 & ARD,ESA,Ariane 5 G,Launch Successful,1998-10-21 16:37:00+00:00,"ELA-3, Guiana Space Centre, French Guiana, France",Unknown,1998,10,21,Wednesday,16,13,20,7,5
Pegasus | SCD-2,Northrop,Pegasus,Launch Successful,1998-10-22 00:02:00+00:00,"Stargazer, Cape Canaveral AFS, Florida, USA",Unknown,1998,10,22,Thursday,0,36,221,7,122
"Ariane 44L | Afristar, GE-5",Arianespace,Ariane 44L,Launch Successful,1998-10-28 22:15:00+00:00,"ELA-2, Guiana Space Centre, French Guiana, France",Unknown,1998,10,28,Wednesday,22,3,15,7,4
Space Shuttle Discovery | STS-95,NASA,Space Shuttle Discovery,Launch Successful,1998-10-29 19:19:00+00:00,"LC-39B, Kennedy Space Center, Florida, USA",Unknown,1998,10,29,Thursday,19,35,279,7,35
Delta II 7920-10C | MS-11,Boeing,Delta II 7920-10C,Launch Successful,1998-11-06 13:37:00+00:00,"SLC-2W, Vandenberg AFB, California, USA",Unknown,1998,11,6,Friday,13,6,98,7,63
Delta II 7925 | BONUM-1,Boeing,Delta II 7925,Launch Successful,1998-11-22 23:54:00+00:00,"SLC-17B, Cape Canaveral AFS, Florida, USA",Unknown,1998,11,22,Sunday,23,6,103,7,58
Space Shuttle Endeavour | STS-88,NASA,Space Shuttle Endeavour,Launch Successful,1998-12-04 08:35:00+00:00,"LC-39A, Kennedy Space Center, Florida, USA",Unknown,1998,12,4,Friday,8,35,280,7,34
Ariane 42L | Satmex 5,Arianespace,Ariane 42L,Launch Successful,1998-12-06 00:43:00+00:00,"ELA-2, Guiana Space Centre, French Guiana, France",Unknown,1998,12,6,Sunday,0,3,13,7,4
Pegasus XL | SWAS,Northrop,Pegasus XL,Launch Successful,1998-12-06 00:57:00+00:00,"Stargazer, Vandenberg AFB, California, USA",Unknown,1998,12,6,Sunday,0,36,222,7,124
Cosmos-3M (11K65M) | Nadiezhda n†­8 & Astrid 2,VKS RF,Cosmos-3M (11K65M),Launch Successful,1998-12-10 11:57:00+00:00,"Site 132/1, Plesetsk Cosmodrome, Russia",Unknown,1998,12,10,Thursday,11,51,81,7,88
Delta II 7425 | Mars Climate Orbiter,Boeing,Delta II 7425,Launch Successful,1998-12-11 18:45:00+00:00,"SLC-17A, Cape Canaveral AFS, Florida, USA",Unknown,1998,12,11,Friday,18,6,94,7,57
Long March 2C | Iridium 88 & 89,CASC,Long March 2C,Launch Successful,1998-12-19 11:39:00+00:00,"LC-7, Taiyuan Satellite Launch Center, China",Unknown,1998,12,19,Saturday,11,7,164,7,40
Ariane 42L | Panamsat-6B,Arianespace,Ariane 42L,Launch Successful,1998-12-22 01:08:00+00:00,"ELA-2, Guiana Space Centre, French Guiana, France",Unknown,1998,12,22,Tuesday,1,3,13,7,4
Cosmos-3M (11K65M) | Cosmos 2361,VKS RF,Cosmos-3M (11K65M),Launch Successful,1998-12-24 20:02:00+00:00,"Site 132/1, Plesetsk Cosmodrome, Russia",Unknown,1998,12,24,Thursday,20,51,81,7,88
Delta II 7425 | Mars Polar Lander,Boeing,Delta II 7425,Launch Successful,1999-01-03 20:21:00+00:00,"SLC-17B, Cape Canaveral AFS, Florida, USA",Unknown,1999,1,3,Sunday,20,6,94,7,58
Athena I | ROCSAT 1,Lockheed,Athena I,Launch Successful,1999-01-27 00:34:00+00:00,"SLC-46, Cape Canaveral AFS, Florida, USA",Unknown,1999,1,27,Wednesday,0,31,23,7,71
Delta II 7426 | Stardust,Boeing,Delta II 7426,Launch Successful,1999-02-07 21:04:00+00:00,"SLC-17A, Cape Canaveral AFS, Florida, USA",Unknown,1999,2,7,Sunday,21,6,96,7,57
Atlas IIAS | JCSAT-6,ILS,Atlas IIAS,Launch Successful,1999-02-16 01:45:00+00:00,"SLC-36A, Cape Canaveral AFS, Florida, USA",Unknown,1999,2,16,Tuesday,1,19,28,7,64
"Delta II 7920-10 | ARGOS (P91-1 ARGOS), ?örsted and SUNSAT",Boeing,Delta II 7920-10,Launch Successful,1999-02-23 10:29:00+00:00,"SLC-2W, Vandenberg AFB, California, USA",Unknown,1999,2,23,Tuesday,10,6,97,7,63
"Ariane 44L | Arabsat-3A, Skynet 4E",Arianespace,Ariane 44L,Launch Successful,1999-02-26 22:44:00+00:00,"ELA-2, Guiana Space Centre, French Guiana, France",Unknown,1999,2,26,Friday,22,3,15,7,4
Pegasus XL | WIRE,Northrop,Pegasus XL,Launch Successful,1999-03-05 02:56:00+00:00,"Stargazer, Vandenberg AFB, California, USA",Unknown,1999,3,5,Friday,2,36,222,7,124
Ariane 42P | Insat-2E,Arianespace,Ariane 42P,Launch Successful,1999-04-02 22:03:00+00:00,"ELA-2, Guiana Space Centre, French Guiana, France",Unknown,1999,4,2,Friday,22,3,14,7,4
Titan IV(402)B | DSP,Lockheed,Titan IV(402)B,Launch Failure,1999-04-09 17:01:00+00:00,"SLC-41, Cape Canaveral AFS, Florida, USA",Unknown,1999,4,9,Friday,17,31,312,7,70
Atlas IIAS | Eutelsat W3,ILS,Atlas IIAS,Launch Successful,1999-04-12 22:50:00+00:00,"SLC-36A, Cape Canaveral AFS, Florida, USA",Unknown,1999,4,12,Monday,22,19,28,7,64
Delta II 7920-10 | Landsat 7,Boeing,Delta II 7920-10,Launch Successful,1999-04-15 18:32:00+00:00,"SLC-2W, Vandenberg AFB, California, USA",Earth Observation,1999,4,15,Thursday,18,6,97,3,63
Athena II | Ikonos,Lockheed,Athena II,Launch Failure,1999-04-27 18:22:00+00:00,"SLC-6, Vandenberg AFB, California, USA",Unknown,1999,4,27,Tuesday,18,31,24,7,76
Titan IV(401)B | Milstar DFS-3m,Lockheed,Titan IV(401)B,Launch Failure,1999-04-30 16:30:00+00:00,"SLC-40, Cape Canaveral AFS, Florida, USA",Unknown,1999,4,30,Friday,16,31,310,7,69
Delta III 8930 | Orion 3,Boeing,Delta III 8930,Launch Failure,1999-05-05 01:00:00+00:00,"SLC-17B, Cape Canaveral AFS, Florida, USA",Unknown,1999,5,5,Wednesday,1,6,109,7,58
Long March 4B | Fengyun 1C & Shijian-5,CASC,Long March 4B,Launch Successful,1999-05-10 01:33:00+00:00,"LC-7, Taiyuan Satellite Launch Center, China",Unknown,1999,5,10,Monday,1,7,181,7,40
Pegasus XL/HAPS | TERRIERS & MUBLCOM,Northrop,Pegasus XL/HAPS,Launch Successful,1999-05-18 05:09:00+00:00,"Stargazer, Vandenberg AFB, California, USA",Unknown,1999,5,18,Tuesday,5,36,223,7,124
Titan IV(404)B | NROL-9 (Misty),Lockheed,Titan IV(404)B,Launch Successful,1999-05-22 09:36:00+00:00,"SLC-4E, Vandenberg AFB, California, USA",Military,1999,5,22,Saturday,9,31,316,4,72
Space Shuttle Discovery | STS-96,NASA,Space Shuttle Discovery,Launch Successful,1999-05-27 10:49:00+00:00,"LC-39B, Kennedy Space Center, Florida, USA",Unknown,1999,5,27,Thursday,10,35,279,7,35
"PSLV-G | IRS-P4, DLR-Tubsat, & Kitsat-3",ISRO,PSLV-G,Launch Successful,1999-05-29 11:52:00+00:00,"First Launch Pad, Satish Dhawan Space Centre, India",Unknown,1999,5,29,Saturday,11,23,218,7,9
Delta II 7420-10C | Globalstar 3,Boeing,Delta II 7420-10C,Launch Successful,1999-06-10 13:48:00+00:00,"SLC-17B, Cape Canaveral AFS, Florida, USA",Unknown,1999,6,10,Thursday,13,6,93,7,58
Long March 2C | Iridium 92 & 93,CASC,Long March 2C,Launch Successful,1999-06-11 17:15:00+00:00,"LC-7, Taiyuan Satellite Launch Center, China",Unknown,1999,6,11,Friday,17,7,164,7,40
Titan II(23)G | QuikSCAT,Lockheed,Titan II(23)G,Launch Successful,1999-06-20 02:15:00+00:00,"SLC-4W, Vandenberg AFB, California, USA",Unknown,1999,6,20,Sunday,2,31,299,7,73
Delta II 7320-10C | FUSE,Boeing,Delta II 7320-10C,Launch Successful,1999-06-24 15:44:00+00:00,"SLC-17A, Cape Canaveral AFS, Florida, USA",Unknown,1999,6,24,Thursday,15,6,91,7,57
Molniya-M /Block ML | Molniya-3 n†­169,VKS RF,Molniya-M /Block ML,Launch Successful,1999-07-08 08:45:00+00:00,"Site 43/3, Plesetsk Cosmodrome, Russia",Unknown,1999,7,8,Thursday,8,51,197,7,108
Delta II 7420-10C | Globalstar 4,Boeing,Delta II 7420-10C,Launch Successful,1999-07-10 08:45:00+00:00,"SLC-17B, Cape Canaveral AFS, Florida, USA",Unknown,1999,7,10,Saturday,8,6,93,7,58
Zenit-2 | Okean-O n†­1,VKS RF,Zenit-2,Launch Successful,1999-07-17 05:37:00+00:00,"Site 45/1, Baikonur Cosmodrome, Kazakhstan",Unknown,1999,7,17,Saturday,5,51,335,7,110
Space Shuttle Columbia | STS-93,NASA,Space Shuttle Columbia,Launch Successful,1999-07-23 04:31:00+00:00,"LC-39B, Kennedy Space Center, Florida, USA",Unknown,1999,7,23,Friday,4,35,278,7,35
Delta II 7420-10C | Globalstar 5,Boeing,Delta II 7420-10C,Launch Successful,1999-07-25 07:46:00+00:00,"SLC-17A, Cape Canaveral AFS, Florida, USA",Unknown,1999,7,25,Sunday,7,6,93,7,57
Delta II 7925 | USA-145 (GPS IIR-3),Boeing,Delta II 7925,Launch Successful,1999-08-07 12:51:00+00:00,"SLC-17A, Cape Canaveral AFS, Florida, USA",Navigation,1999,8,7,Saturday,12,6,103,5,57
Ariane 42P | Telkom-1,Arianespace,Ariane 42P,Launch Successful,1999-08-12 22:52:00+00:00,"ELA-2, Guiana Space Centre, French Guiana, France",Unknown,1999,8,12,Thursday,22,3,14,7,4
Delta II 7420-10C | Globalstar 6,Boeing,Delta II 7420-10C,Launch Successful,1999-08-17 04:37:00+00:00,"SLC-17B, Cape Canaveral AFS, Florida, USA",Unknown,1999,8,17,Tuesday,4,6,93,7,58
Cosmos-3M (11K65M) | Cosmos 2366,VKS RF,Cosmos-3M (11K65M),Launch Successful,1999-08-26 12:02:00+00:00,"Site 132/1, Plesetsk Cosmodrome, Russia",Unknown,1999,8,26,Thursday,12,51,81,7,88
Ariane 42P | Koreasat-3,Arianespace,Ariane 42P,Launch Successful,1999-09-04 22:34:00+00:00,"ELA-2, Guiana Space Centre, French Guiana, France",Unknown,1999,9,4,Saturday,22,3,14,7,4
Atlas IIAS | Echostar 5,ILS,Atlas IIAS,Launch Successful,1999-09-23 06:02:00+00:00,"SLC-36A, Cape Canaveral AFS, Florida, USA",Unknown,1999,9,23,Thursday,6,19,28,7,64
Athena II | Ikonos 1,Lockheed,Athena II,Launch Successful,1999-09-24 18:21:00+00:00,"SLC-6, Vandenberg AFB, California, USA",Unknown,1999,9,24,Friday,18,31,24,7,76
Ariane 44LP | Telstar 7,Arianespace,Ariane 44LP,Launch Successful,1999-09-25 06:29:00+00:00,"ELA-2, Guiana Space Centre, French Guiana, France",Unknown,1999,9,25,Saturday,6,3,16,7,4
Long March 4B | CBERS-1 & SACI 1,CASC,Long March 4B,Launch Successful,1999-10-14 03:15:00+00:00,"LC-7, Taiyuan Satellite Launch Center, China",Unknown,1999,10,14,Thursday,3,7,181,7,40
Ariane 44LP | Orion 2,Arianespace,Ariane 44LP,Launch Successful,1999-10-19 06:22:00+00:00,"ELA-2, Guiana Space Centre, French Guiana, France",Unknown,1999,10,19,Tuesday,6,3,16,7,4
Ariane 44LP | GE-4,Arianespace,Ariane 44LP,Launch Successful,1999-11-13 22:54:00+00:00,"ELA-2, Guiana Space Centre, French Guiana, France",Unknown,1999,11,13,Saturday,22,3,16,7,4
H-IIS | Himawari 6,MHI,H-IIS,Launch Failure,1999-11-15 07:29:00+00:00,"LA-Y1, Tanegashima Space Center, Japan",Unknown,1999,11,15,Monday,7,32,149,7,17
Long March 2F | Shenzhou 1,CASC,Long March 2F,Launch Successful,1999-11-19 22:30:00+00:00,"Site 901 (SLS-1), Jiuquan Satellite Launch Center, China",Unknown,1999,11,19,Friday,22,7,169,7,118
Atlas IIA | UHF F10,Lockheed,Atlas IIA,Launch Successful,1999-11-23 04:06:00+00:00,"SLC-36B, Cape Canaveral AFS, Florida, USA",Unknown,1999,11,23,Tuesday,4,31,27,7,65
Ariane 40 | Helios 1B & Cl??mentine,Arianespace,Ariane 40,Launch Successful,1999-12-03 16:22:00+00:00,"ELA-2, Guiana Space Centre, French Guiana, France",Unknown,1999,12,3,Friday,16,3,12,7,4
Pegasus XL/HAPS | Orbcomm D1-D8,Northrop,Pegasus XL/HAPS,Launch Successful,1999-12-04 18:53:00+00:00,"Stargazer, Vandenberg AFB, California, USA",Unknown,1999,12,4,Saturday,18,36,223,7,124
Ariane 5 G | XMM-Newton,Arianespace,Ariane 5 G,Launch Successful,1999-12-10 14:32:00+00:00,"ELA-3, Guiana Space Centre, French Guiana, France",Unknown,1999,12,10,Friday,14,3,20,7,5
VLS-1 | SACI-2,AEB,VLS-1,Launch Failure,1999-12-11 19:40:00+00:00,"VLS Pad, Alc?›ntara Launch Center, Maranh?œo, Brazil",Unknown,1999,12,11,Saturday,19,0,326,7,130
Titan II(23)G | USA-147,Lockheed,Titan II(23)G,Launch Successful,1999-12-12 17:36:00+00:00,"SLC-4W, Vandenberg AFB, California, USA",Unknown,1999,12,12,Sunday,17,31,299,7,73
Atlas IIAS | Terra,Lockheed,Atlas IIAS,Launch Successful,1999-12-18 18:57:00+00:00,"SLC-3E, Vandenberg AFB, California, USA",Unknown,1999,12,18,Saturday,18,31,28,7,67
Space Shuttle Discovery | STS-103,NASA,Space Shuttle Discovery,Launch Successful,1999-12-20 00:50:00+00:00,"LC-39A, Kennedy Space Center, Florida, USA",Unknown,1999,12,20,Monday,0,35,279,7,34
Ariane 44L | Galaxy-11,Arianespace,Ariane 44L,Launch Successful,1999-12-22 00:50:00+00:00,"ELA-2, Guiana Space Centre, French Guiana, France",Unknown,1999,12,22,Wednesday,0,3,15,7,4
Tsyklon-2 | Cosmos 2367,VKS RF,Tsyklon-2,Launch Successful,1999-12-26 08:00:00+00:00,"Site 90/20, Baikonur Cosmodrome, Kazakhstan",Unknown,1999,12,26,Sunday,8,51,321,7,117
Molniya-M /Block 2BL | Cosmos 2368,VKS RF,Molniya-M /Block 2BL,Launch Successful,1999-12-27 19:12:00+00:00,"Site 16/2, Plesetsk Cosmodrome, Russia",Unknown,1999,12,27,Monday,19,51,195,7,93
Minotaur C (Taurus) | KOMPSAT & ACRIMSAT,Northrop,Minotaur C (Taurus),Launch Successful,1999-12-31 07:13:00+00:00,"SLC-576E, Vandenberg AFB, California, USA",Unknown,1999,12,31,Friday,7,36,190,7,75
Atlas IIA | DSCS IIIB-8,Lockheed,Atlas IIA,Launch Successful,2000-01-21 01:03:00+00:00,"SLC-36A, Cape Canaveral AFS, Florida, USA",Unknown,2000,1,21,Friday,1,31,27,7,64
Ariane 42L | Galaxy 10R,Arianespace,Ariane 42L,Launch Successful,2000-01-25 01:04:00+00:00,"ELA-2, Guiana Space Centre, French Guiana, France",Unknown,2000,1,25,Tuesday,1,3,13,7,4
Long March 3A | ChinaSat-22,CASC,Long March 3A,Launch Successful,2000-01-25 16:45:00+00:00,"LC-2, Xichang Satellite Launch Center, China",Unknown,2000,1,25,Tuesday,16,7,173,7,29
Minotaur I | JAWSat,Northrop,Minotaur I,Launch Successful,2000-01-27 03:03:00+00:00,"SLC-8, Vandenberg AFB, California, USA",Unknown,2000,1,27,Thursday,3,36,191,7,77
Atlas IIAS | Hispasat 1C,ILS,Atlas IIAS,Launch Successful,2000-02-03 23:30:00+00:00,"SLC-36B, Cape Canaveral AFS, Florida, USA",Unknown,2000,2,3,Thursday,23,19,28,7,65
Delta II 7920-10C | Globalstar 7,Boeing,Delta II 7920-10C,Launch Successful,2000-02-08 21:24:00+00:00,"SLC-17B, Cape Canaveral AFS, Florida, USA",Unknown,2000,2,8,Tuesday,21,6,98,7,58
Mu-V / M-24 | Astro E,ISAS,Mu-V / M-24,Launch Failure,2000-02-10 01:30:00+00:00,"Mu Pad, Uchinoura Space Center, Japan",Unknown,2000,2,10,Thursday,1,22,206,7,48
Space Shuttle Endeavour | STS-99,NASA,Space Shuttle Endeavour,Launch Successful,2000-02-11 16:43:00+00:00,"LC-39A, Kennedy Space Center, Florida, USA",Unknown,2000,2,11,Friday,16,35,280,7,34
Ariane 44LP | Superbird 4,Arianespace,Ariane 44LP,Launch Successful,2000-02-18 01:04:00+00:00,"ELA-2, Guiana Space Centre, French Guiana, France",Unknown,2000,2,18,Friday,1,3,16,7,4
Zenit-2 | Cosmos 2369,VKS RF,Zenit-2,Launch Successful,2000-03-02 09:26:00+00:00,"Site 45/1, Baikonur Cosmodrome, Kazakhstan",Unknown,2000,3,2,Thursday,9,51,335,7,110
Minotaur C (Taurus) | Multispectral Thermal Imager (MTI),Northrop,Minotaur C (Taurus),Launch Successful,2000-03-12 09:29:00+00:00,"SLC-576E, Vandenberg AFB, California, USA",Unknown,2000,3,12,Sunday,9,36,190,7,75
Zenit-3 SL | ICO F-1,Sea Launch,Zenit-3 SL,Launch Failure,2000-03-12 14:49:00+00:00,"LP Odyssey, Kiritimati Launch Area, Pacific Ocean",Unknown,2000,3,12,Sunday,14,44,337,7,42
Ariane 5 G | INSAT-3B & AsiaStar,Arianespace,Ariane 5 G,Launch Successful,2000-03-21 23:28:00+00:00,"ELA-3, Guiana Space Centre, French Guiana, France",Unknown,2000,3,21,Tuesday,23,3,20,7,5
Delta II 7326 | IMAGE,Boeing,Delta II 7326,Launch Successful,2000-03-25 20:34:00+00:00,"SLC-2W, Vandenberg AFB, California, USA",Unknown,2000,3,25,Saturday,20,6,92,7,63
Ariane 42L | Galaxy 4R,Arianespace,Ariane 42L,Launch Successful,2000-04-19 00:29:00+00:00,"ELA-3, Guiana Space Centre, French Guiana, France",Unknown,2000,4,19,Wednesday,0,3,13,7,5
Atlas IIA | GOES-L,Lockheed,Atlas IIA,Launch Successful,2000-05-03 07:07:00+00:00,"SLC-36A, Cape Canaveral AFS, Florida, USA",Unknown,2000,5,3,Wednesday,7,31,27,7,64
Titan IV(402)B | DSP,Lockheed,Titan IV(402)B,Launch Successful,2000-05-08 16:01:00+00:00,"SLC-40, Cape Canaveral AFS, Florida, USA",Unknown,2000,5,8,Monday,16,31,312,7,69
Delta II 7925 | GPS IIR-4,Boeing,Delta II 7925,Launch Successful,2000-05-11 01:48:00+00:00,"SLC-17A, Cape Canaveral AFS, Florida, USA",Navigation,2000,5,11,Thursday,1,6,103,5,57
Rokot/Briz KM | SimSat 1 & 2 (Iridium),Eurockot,Rokot/Briz KM,Launch Successful,2000-05-16 08:27:00+00:00,"Site 133/3, Plesetsk Cosmodrome, Russia",Unknown,2000,5,16,Tuesday,8,14,234,7,90
Space Shuttle Atlantis | STS-101,NASA,Space Shuttle Atlantis,Launch Successful,2000-05-19 10:11:00+00:00,"LC-39A, Kennedy Space Center, Florida, USA",Unknown,2000,5,19,Friday,10,35,276,7,34
Atlas IIIA | Eutelsat W4,ILS,Atlas IIIA,Launch Successful,2000-05-24 23:10:00+00:00,"SLC-36B, Cape Canaveral AFS, Florida, USA",Unknown,2000,5,24,Wednesday,23,19,29,7,65
Pegasus XL | TSX-5,Northrop,Pegasus XL,Launch Successful,2000-06-07 13:19:00+00:00,"Stargazer, Vandenberg AFB, California, USA",Unknown,2000,6,7,Wednesday,13,36,222,7,124
Long March 3 | Fengyun-2B,CASC,Long March 3,Launch Successful,2000-06-25 11:50:00+00:00,"LC-3, Xichang Satellite Launch Center, China",Unknown,2000,6,25,Sunday,11,7,172,7,32
"Cosmos-3M (11K65M) | Nadiezhda n†­9, Tsinghua-1 & SNAP-1",VKS RF,Cosmos-3M (11K65M),Launch Successful,2000-06-28 10:37:00+00:00,"Site 132/1, Plesetsk Cosmodrome, Russia",Unknown,2000,6,28,Wednesday,10,51,81,7,88
Atlas IIA | TDRS-H,Lockheed,Atlas IIA,Launch Successful,2000-06-30 12:56:00+00:00,"SLC-36A, Cape Canaveral AFS, Florida, USA",Unknown,2000,6,30,Friday,12,31,27,7,64
Atlas IIAS | Echostar 6,ILS,Atlas IIAS,Launch Successful,2000-07-14 05:21:00+00:00,"SLC-36B, Cape Canaveral AFS, Florida, USA",Unknown,2000,7,14,Friday,5,19,28,7,65
"Cosmos-3M (11K65M) | CHAMP, MITA & Rubin 1",VKS RF,Cosmos-3M (11K65M),Launch Successful,2000-07-15 12:00:00+00:00,"Site 132/1, Plesetsk Cosmodrome, Russia",Unknown,2000,7,15,Saturday,12,51,81,7,88
Delta II 7925 | GPS IIR-5,Boeing,Delta II 7925,Launch Successful,2000-07-16 09:17:00+00:00,"SLC-17A, Cape Canaveral AFS, Florida, USA",Navigation,2000,7,16,Sunday,9,6,103,5,57
Minotaur I | MightySat 2.1,Northrop,Minotaur I,Launch Successful,2000-07-19 20:09:00+00:00,"SLC-8, Vandenberg AFB, California, USA",Unknown,2000,7,19,Wednesday,20,36,191,7,77
Zenit-3 SL | PAS 9,Sea Launch,Zenit-3 SL,Launch Successful,2000-07-28 22:41:00+00:00,"LP Odyssey, Kiritimati Launch Area, Pacific Ocean",Unknown,2000,7,28,Friday,22,44,337,7,42
"Ariane 44LP | Brasilsat B4, Nilesat 102",Arianespace,Ariane 44LP,Launch Successful,2000-08-17 23:16:00+00:00,"ELA-2, Guiana Space Centre, French Guiana, France",Unknown,2000,8,17,Thursday,23,3,16,7,4
Titan IV(403)B | NROL-11 (Onyx),Lockheed,Titan IV(403)B,Launch Successful,2000-08-17 23:45:00+00:00,"SLC-4E, Vandenberg AFB, California, USA",Military,2000,8,17,Thursday,23,31,314,4,72
Delta III 8930 | DM F3,Boeing,Delta III 8930,Launch Successful,2000-08-23 11:05:00+00:00,"SLC-17B, Cape Canaveral AFS, Florida, USA",Unknown,2000,8,23,Wednesday,11,6,109,7,58
Ariane 44P | Eutelsat W1,Arianespace,Ariane 44P,Launch Successful,2000-09-06 22:33:00+00:00,"ELA-2, Guiana Space Centre, French Guiana, France",Unknown,2000,9,6,Wednesday,22,3,17,7,4
Space Shuttle Atlantis | STS-106,NASA,Space Shuttle Atlantis,Launch Successful,2000-09-08 12:45:00+00:00,"LC-39B, Kennedy Space Center, Florida, USA",Unknown,2000,9,8,Friday,12,35,276,7,35
Ariane 5 G | Astra 2B & GE-7,Arianespace,Ariane 5 G,Launch Successful,2000-09-14 22:54:00+00:00,"ELA-3, Guiana Space Centre, French Guiana, France",Unknown,2000,9,14,Thursday,22,3,20,7,5
Titan II(23)G | NOAA-16,Lockheed,Titan II(23)G,Launch Successful,2000-09-21 10:22:00+00:00,"SLC-4W, Vandenberg AFB, California, USA",Unknown,2000,9,21,Thursday,10,31,299,7,73
Zenit-2 | Cosmos 2372,VKS RF,Zenit-2,Launch Successful,2000-09-25 10:10:00+00:00,"Site 45/1, Baikonur Cosmodrome, Kazakhstan",Unknown,2000,9,25,Monday,10,51,335,7,110
Dnepr | Megsat 1 & Others,Kosmotras,Dnepr,Launch Successful,2000-09-26 10:05:00+00:00,"Site 109/95, Baikonur Cosmodrome, Kazakhstan",Unknown,2000,9,26,Tuesday,10,28,118,7,85
Ariane 42L | N-SAT 110,Arianespace,Ariane 42L,Launch Successful,2000-10-06 23:00:00+00:00,"ELA-2, Guiana Space Centre, French Guiana, France",Unknown,2000,10,6,Friday,23,3,13,7,4
Pegasus | HETE 2,Northrop,Pegasus,Launch Successful,2000-10-09 05:38:00+00:00,"Stargazer, Ronald Reagan Ballistic Missile Defense Test Site, Marshall Islands, USA",Unknown,2000,10,9,Monday,5,36,221,7,123
Space Shuttle Discovery | STS-92,NASA,Space Shuttle Discovery,Launch Successful,2000-10-11 23:17:00+00:00,"LC-39A, Kennedy Space Center, Florida, USA",Unknown,2000,10,11,Wednesday,23,35,279,7,34
Atlas IIA | DSCS III-B11,Lockheed,Atlas IIA,Launch Successful,2000-10-20 00:40:00+00:00,"SLC-36A, Cape Canaveral AFS, Florida, USA",Unknown,2000,10,20,Friday,0,31,27,7,64
Zenit-3 SL | Thuraya 1,Sea Launch,Zenit-3 SL,Launch Successful,2000-10-21 05:51:00+00:00,"LP Odyssey, Kiritimati Launch Area, Pacific Ocean",Unknown,2000,10,21,Saturday,5,44,337,7,42
Ariane 44LP | EuropeStar F1,Arianespace,Ariane 44LP,Launch Successful,2000-10-29 05:59:00+00:00,"ELA-2, Guiana Space Centre, French Guiana, France",Unknown,2000,10,29,Sunday,5,3,16,7,4
Long March 3A | Beidou-1A,CASC,Long March 3A,Launch Successful,2000-10-30 16:02:00+00:00,"LC-2, Xichang Satellite Launch Center, China",Unknown,2000,10,30,Monday,16,7,173,7,29
Delta II 7925 | GPS IIR-6,Boeing,Delta II 7925,Launch Successful,2000-11-10 17:14:00+00:00,"SLC-17A, Cape Canaveral AFS, Florida, USA",Navigation,2000,11,10,Friday,17,6,103,5,57
"Ariane 5 G | PanAmSat-1R, Amsat-P3D, STRV 1C, STRV 1D",Arianespace,Ariane 5 G,Launch Successful,2000-11-16 01:07:00+00:00,"ELA-3, Guiana Space Centre, French Guiana, France",Unknown,2000,11,16,Thursday,1,3,20,7,5
Cosmos-3M (11K65M) | QuickBird-1,VKS RF,Cosmos-3M (11K65M),Launch Failure,2000-11-20 23:00:00+00:00,"Site 132/1, Plesetsk Cosmodrome, Russia",Unknown,2000,11,20,Monday,23,51,81,7,88
Delta II 7320-10C | EO-1 / SAC-C,Boeing,Delta II 7320-10C,Launch Successful,2000-11-21 18:24:00+00:00,"SLC-2W, Vandenberg AFB, California, USA",Unknown,2000,11,21,Tuesday,18,6,91,7,63
Ariane 44L | Anik F1,Arianespace,Ariane 44L,Launch Successful,2000-11-21 23:56:00+00:00,"ELA-2, Guiana Space Centre, French Guiana, France",Unknown,2000,11,21,Tuesday,23,3,15,7,4
Space Shuttle Endeavour | STS-97,NASA,Space Shuttle Endeavour,Launch Successful,2000-11-30 03:06:00+00:00,"LC-39B, Kennedy Space Center, Florida, USA",Unknown,2000,11,30,Thursday,3,35,280,7,35
Start-1 | EROS A,MITT,Start-1,Launch Successful,2000-12-05 12:32:00+00:00,"Svobodny Cosmodrome, Russia",Unknown,2000,12,5,Tuesday,12,33,285,7,126
Atlas IIAS | NROL-10,Lockheed,Atlas IIAS,Launch Successful,2000-12-06 02:47:00+00:00,"SLC-36A, Cape Canaveral AFS, Florida, USA",Military,2000,12,6,Wednesday,2,31,28,4,64
"Ariane 5 G | Astra 2D, GE-8, LDREX",Arianespace,Ariane 5 G,Launch Successful,2000-12-20 00:26:00+00:00,"ELA-3, Guiana Space Centre, French Guiana, France",Unknown,2000,12,20,Wednesday,0,3,20,7,5
Long March 3A | Beidou-1B,CASC,Long March 3A,Launch Successful,2000-12-20 16:20:00+00:00,"LC-2, Xichang Satellite Launch Center, China",Unknown,2000,12,20,Wednesday,16,7,173,7,29
Tsyklon-3 | Cosmos 2377 to 2379 & Gonets 7 to 9,VKS RF,Tsyklon-3,Launch Failure,2000-12-27 18:56:00+00:00,"Site 32/1, Plesetsk Cosmodrome, Russia",Unknown,2000,12,27,Wednesday,18,51,323,7,102
Long March 2F | Shenzhou 2,CASC,Long March 2F,Launch Successful,2001-01-09 17:00:00+00:00,"Site 901 (SLS-1), Jiuquan Satellite Launch Center, China",Unknown,2001,1,9,Tuesday,17,7,169,7,118
Ariane 44P | Turksat 2A,Arianespace,Ariane 44P,Launch Successful,2001-01-10 22:09:00+00:00,"ELA-2, Guiana Space Centre, French Guiana, France",Unknown,2001,1,10,Wednesday,22,3,17,7,4
Delta II 7925 | GPS IIR-7,Boeing,Delta II 7925,Launch Successful,2001-01-30 07:55:00+00:00,"SLC-17A, Cape Canaveral AFS, Florida, USA",Navigation,2001,1,30,Tuesday,7,6,103,5,57
"Ariane 44L | Sicral-1, Skynet 4F",Arianespace,Ariane 44L,Launch Successful,2001-02-07 23:05:00+00:00,"ELA-2, Guiana Space Centre, French Guiana, France",Unknown,2001,2,7,Wednesday,23,3,15,7,4
Space Shuttle Atlantis | STS-98,NASA,Space Shuttle Atlantis,Launch Successful,2001-02-07 23:13:00+00:00,"LC-39A, Kennedy Space Center, Florida, USA",Unknown,2001,2,7,Wednesday,23,35,276,7,34
Start-1 | Odin,MITT,Start-1,Launch Successful,2001-02-20 08:48:00+00:00,"Svobodny Cosmodrome, Russia",Unknown,2001,2,20,Tuesday,8,33,285,7,126
Titan IV(401)B | Milstar DFS-4,Lockheed,Titan IV(401)B,Launch Successful,2001-02-27 21:20:00+00:00,"SLC-40, Cape Canaveral AFS, Florida, USA",Unknown,2001,2,27,Tuesday,21,31,310,7,69
Space Shuttle Discovery | STS-102,NASA,Space Shuttle Discovery,Launch Successful,2001-03-08 11:42:00+00:00,"LC-39B, Kennedy Space Center, Florida, USA",Unknown,2001,3,8,Thursday,11,35,279,7,35
Ariane 5 G | Eurobird-1 & BSat-2a,Arianespace,Ariane 5 G,Launch Successful,2001-03-08 22:51:00+00:00,"ELA-3, Guiana Space Centre, French Guiana, France",Unknown,2001,3,8,Thursday,22,3,20,7,5
Zenit-3 SL | XM-2,Sea Launch,Zenit-3 SL,Launch Successful,2001-03-18 22:33:00+00:00,"LP Odyssey, Kiritimati Launch Area, Pacific Ocean",Unknown,2001,3,18,Sunday,22,44,337,7,42
Delta II 7925 | Mars Odyssey,Boeing,Delta II 7925,Launch Successful,2001-04-07 15:02:00+00:00,"SLC-17A, Cape Canaveral AFS, Florida, USA",Unknown,2001,4,7,Saturday,15,6,103,7,57
GSLV Mk I | GSAT-1,ISRO,GSLV Mk I,Partial Failure,2001-04-18 10:13:00+00:00,"First Launch Pad, Satish Dhawan Space Centre, India",Unknown,2001,4,18,Wednesday,10,23,136,7,9
Space Shuttle Endeavour | STS-100,NASA,Space Shuttle Endeavour,Launch Successful,2001-04-19 18:40:00+00:00,"LC-39A, Kennedy Space Center, Florida, USA",Unknown,2001,4,19,Thursday,18,35,280,7,34
Delta II 7925 | NROL-17 (GeoLITE),Boeing,Delta II 7925,Launch Successful,2001-05-18 17:45:00+00:00,"SLC-17B, Cape Canaveral AFS, Florida, USA",Military,2001,5,18,Friday,17,6,103,4,58
Cosmos-3M (11K65M) | Cosmos 2378,VKS RF,Cosmos-3M (11K65M),Launch Successful,2001-06-08 15:08:00+00:00,"Site 132/1, Plesetsk Cosmodrome, Russia",Unknown,2001,6,8,Friday,15,51,81,7,88
Ariane 44L | Intelsat 901,Arianespace,Ariane 44L,Launch Successful,2001-06-09 06:45:00+00:00,"ELA-2, Guiana Space Centre, French Guiana, France",Unknown,2001,6,9,Saturday,6,3,15,7,4
Atlas IIAS | ICO F2,ILS,Atlas IIAS,Launch Successful,2001-06-19 04:41:00+00:00,"SLC-36B, Cape Canaveral AFS, Florida, USA",Unknown,2001,6,19,Tuesday,4,19,28,7,65
Delta II 7425-10C | WMAP,Boeing,Delta II 7425-10C,Launch Successful,2001-06-30 19:46:00+00:00,"SLC-17A, Cape Canaveral AFS, Florida, USA",Unknown,2001,6,30,Saturday,19,6,95,7,57
Space Shuttle Atlantis | STS-104,NASA,Space Shuttle Atlantis,Launch Successful,2001-07-12 09:03:00+00:00,"LC-39B, Kennedy Space Center, Florida, USA",Unknown,2001,7,12,Thursday,9,35,276,7,35
Ariane 5 G | Artemis & BSAT-2b,Arianespace,Ariane 5 G,Partial Failure,2001-07-12 21:58:00+00:00,"ELA-3, Guiana Space Centre, French Guiana, France",Unknown,2001,7,12,Thursday,21,3,20,7,5
Molniya-M /Block ML | Molniya-3K n†­170,VKS RF,Molniya-M /Block ML,Launch Successful,2001-07-20 00:17:00+00:00,"Site 43/4, Plesetsk Cosmodrome, Russia",Unknown,2001,7,20,Friday,0,51,197,7,109
Atlas IIA | GOES-M,Lockheed,Atlas IIA,Launch Successful,2001-07-23 07:23:00+00:00,"SLC-36A, Cape Canaveral AFS, Florida, USA",Unknown,2001,7,23,Monday,7,31,27,7,64
Titan IV(402)B | DSP,Lockheed,Titan IV(402)B,Launch Successful,2001-08-06 07:28:00+00:00,"SLC-40, Cape Canaveral AFS, Florida, USA",Unknown,2001,8,6,Monday,7,31,312,7,69
Delta II 7326 | Genesis Probe,Boeing,Delta II 7326,Launch Successful,2001-08-08 16:13:00+00:00,"SLC-17A, Cape Canaveral AFS, Florida, USA",Unknown,2001,8,8,Wednesday,16,6,92,7,57
Space Shuttle Discovery | STS-105,NASA,Space Shuttle Discovery,Launch Successful,2001-08-10 21:10:00+00:00,"LC-39A, Kennedy Space Center, Florida, USA",Unknown,2001,8,10,Friday,21,35,279,7,34
H-IIA 202 | VEP 2 & LRE,MHI,H-IIA 202,Launch Successful,2001-08-29 07:00:00+00:00,"LA-Y1, Tanegashima Space Center, Japan",Unknown,2001,8,29,Wednesday,7,32,144,7,17
Ariane 44L | Intelsat 902,Arianespace,Ariane 44L,Launch Successful,2001-08-30 06:46:00+00:00,"ELA-2, Guiana Space Centre, French Guiana, France",Unknown,2001,8,30,Thursday,6,3,15,7,4
Atlas IIAS | NROL-13 (Intruder FA & 5B),Lockheed,Atlas IIAS,Launch Successful,2001-09-09 15:25:00+00:00,"SLC-3E, Vandenberg AFB, California, USA",Military,2001,9,9,Sunday,15,31,28,4,67
Minotaur C (Taurus) | Orbview-4/QuikTOMS,Northrop,Minotaur C (Taurus),Launch Failure,2001-09-21 18:49:00+00:00,"SLC-576E, Vandenberg AFB, California, USA",Unknown,2001,9,21,Friday,18,36,190,7,75
Ariane 44P | Atlantic Bird 2,Arianespace,Ariane 44P,Launch Successful,2001-09-25 23:21:00+00:00,"ELA-2, Guiana Space Centre, French Guiana, France",Unknown,2001,9,25,Tuesday,23,3,17,7,4
Athena I | Starshine 3 & Others,Lockheed,Athena I,Launch Successful,2001-09-30 02:40:00+00:00,"LP-1, Pacific Spaceport Complex, Alaska, USA",Unknown,2001,9,30,Sunday,2,31,23,7,45
Titan IV(404)B | NROL-14 (KH-11 Kennen),Lockheed,Titan IV(404)B,Launch Successful,2001-10-05 21:21:00+00:00,"SLC-4E, Vandenberg AFB, California, USA",Military,2001,10,5,Friday,21,31,316,4,72
Atlas IIAS | NROL-12,Lockheed,Atlas IIAS,Launch Successful,2001-10-11 02:32:00+00:00,"SLC-36B, Cape Canaveral AFS, Florida, USA",Military,2001,10,11,Thursday,2,31,28,4,65
Delta II 7320-10C | QuickBird,Boeing,Delta II 7320-10C,Launch Successful,2001-10-18 18:51:00+00:00,"SLC-2W, Vandenberg AFB, California, USA",Unknown,2001,10,18,Thursday,18,6,91,7,63
"PSLV-G | TES, BIRD & PROBA",ISRO,PSLV-G,Launch Successful,2001-10-22 10:23:00+00:00,"First Launch Pad, Satish Dhawan Space Centre, India",Unknown,2001,10,22,Monday,10,23,218,7,9
Molniya-M /Block ML | Molniya-3 n†­171,VKS RF,Molniya-M /Block ML,Launch Successful,2001-10-25 11:34:00+00:00,"Site 43/3, Plesetsk Cosmodrome, Russia",Unknown,2001,10,25,Thursday,11,51,197,7,108
Ariane 44LP | DirecTV-4S,Arianespace,Ariane 44LP,Launch Successful,2001-11-27 05:59:00+00:00,"ELA-2, Guiana Space Centre, French Guiana, France",Unknown,2001,11,27,Tuesday,5,3,16,7,4
Space Shuttle Endeavour | STS-108,NASA,Space Shuttle Endeavour,Launch Successful,2001-12-05 22:19:00+00:00,"LC-39B, Kennedy Space Center, Florida, USA",Unknown,2001,12,5,Wednesday,22,35,280,7,35
Delta II 7920-10C | Jason-1 / TIMED,Boeing,Delta II 7920-10C,Launch Successful,2001-12-07 15:07:00+00:00,"SLC-2W, Vandenberg AFB, California, USA",Unknown,2001,12,7,Friday,15,6,98,7,63
Zenit-2 | Meteor 3M n†­1 & Others,VKS RF,Zenit-2,Launch Successful,2001-12-10 17:18:00+00:00,"Site 45/1, Baikonur Cosmodrome, Kazakhstan",Unknown,2001,12,10,Monday,17,51,335,7,110
Tsyklon-2 | Cosmos 2383,VKS RF,Tsyklon-2,Launch Successful,2001-12-21 04:00:00+00:00,"Site 90/20, Baikonur Cosmodrome, Kazakhstan",Unknown,2001,12,21,Friday,4,51,321,7,117
Tsyklon-3 | Cosmos 2384 to 2386 & Gonets 10 to 12,VKS RF,Tsyklon-3,Launch Successful,2001-12-28 03:24:00+00:00,"Site 32/1, Plesetsk Cosmodrome, Russia",Unknown,2001,12,28,Friday,3,51,323,7,102
Titan IV(401)B | Milstar DFS-5,Lockheed,Titan IV(401)B,Launch Successful,2002-01-16 00:30:00+00:00,"SLC-40, Cape Canaveral AFS, Florida, USA",Unknown,2002,1,16,Wednesday,0,31,310,7,69
Ariane 42L | Insat 3C,Arianespace,Ariane 42L,Launch Successful,2002-01-23 23:46:00+00:00,"ELA-2, Guiana Space Centre, French Guiana, France",Unknown,2002,1,23,Wednesday,23,3,13,7,4
"H-IIA 2024 | VEP 3, Tsubasa & DASH",MHI,H-IIA 2024,Launch Successful,2002-02-04 02:45:00+00:00,"LA-Y1, Tanegashima Space Center, Japan",Unknown,2002,2,4,Monday,2,32,146,7,17
Pegasus XL | RHESSI,Northrop,Pegasus XL,Launch Successful,2002-02-05 20:58:00+00:00,"Stargazer, Cape Canaveral AFS, Florida, USA",Unknown,2002,2,5,Tuesday,20,36,222,7,122
Delta II 7920-10C | Iridium IS-1,Boeing,Delta II 7920-10C,Launch Successful,2002-02-11 17:43:00+00:00,"SLC-2W, Vandenberg AFB, California, USA",Unknown,2002,2,11,Monday,17,6,98,7,63
Atlas IIIB | EchoStar VII,ILS,Atlas IIIB,Launch Successful,2002-02-21 12:43:00+00:00,"SLC-36B, Cape Canaveral AFS, Florida, USA",Unknown,2002,2,21,Thursday,12,19,30,7,65
Ariane 44L | Intelsat 904,Arianespace,Ariane 44L,Launch Successful,2002-02-23 06:59:00+00:00,"ELA-2, Guiana Space Centre, French Guiana, France",Unknown,2002,2,23,Saturday,6,3,15,7,4
Ariane 5 G | Envisat,Arianespace,Ariane 5 G,Launch Successful,2002-03-01 01:07:00+00:00,"ELA-3, Guiana Space Centre, French Guiana, France",Unknown,2002,3,1,Friday,1,3,20,7,5
Space Shuttle Columbia | STS-109,NASA,Space Shuttle Columbia,Launch Successful,2002-03-01 11:22:00+00:00,"LC-39A, Kennedy Space Center, Florida, USA",Unknown,2002,3,1,Friday,11,35,278,7,34
Atlas IIA | TDRS-I,Lockheed,Atlas IIA,Launch Successful,2002-03-08 22:59:00+00:00,"SLC-36A, Cape Canaveral AFS, Florida, USA",Unknown,2002,3,8,Friday,22,31,27,7,64
Rokot/Briz KM | GRACE 1 & 2,Eurockot,Rokot/Briz KM,Launch Successful,2002-03-17 09:21:00+00:00,"Site 133/3, Plesetsk Cosmodrome, Russia",Unknown,2002,3,17,Sunday,9,14,234,7,90
Long March 2F | Shenzhou 3,CASC,Long March 2F,Launch Successful,2002-03-25 14:15:00+00:00,"Site 901 (SLS-1), Jiuquan Satellite Launch Center, China",Unknown,2002,3,25,Monday,14,7,169,7,118
"Ariane 44L | Astra 3A, JCSAT-8",Arianespace,Ariane 44L,Launch Successful,2002-03-29 01:29:00+00:00,"ELA-2, Guiana Space Centre, French Guiana, France",Unknown,2002,3,29,Friday,1,3,15,7,4
Molniya-M /Block 2BL | Cosmos 2388,VKS RF,Molniya-M /Block 2BL,Launch Successful,2002-04-01 22:06:00+00:00,"Site 16/2, Plesetsk Cosmodrome, Russia",Unknown,2002,4,1,Monday,22,51,195,7,93
Space Shuttle Atlantis | STS-110,NASA,Space Shuttle Atlantis,Launch Successful,2002-04-08 20:44:00+00:00,"LC-39B, Kennedy Space Center, Florida, USA",Unknown,2002,4,8,Monday,20,35,276,7,35
Ariane 44L | NSS-7,Arianespace,Ariane 44L,Launch Successful,2002-04-16 23:02:00+00:00,"ELA-2, Guiana Space Centre, French Guiana, France",Unknown,2002,4,16,Tuesday,23,3,15,7,4
Delta II 7920-10C | Aqua,Boeing,Delta II 7920-10C,Launch Successful,2002-05-04 09:54:00+00:00,"SLC-2W, Vandenberg AFB, California, USA",Unknown,2002,5,4,Saturday,9,6,98,7,63
Long March 4B | Fengyun-1D & Haiyang-1A,CASC,Long March 4B,Launch Successful,2002-05-15 01:50:00+00:00,"LC-7, Taiyuan Satellite Launch Center, China",Unknown,2002,5,15,Wednesday,1,7,181,7,40
Cosmos-3M (11K65M) | Cosmos 2389,VKS RF,Cosmos-3M (11K65M),Launch Successful,2002-05-28 08:14:00+00:00,"Site 132/1, Plesetsk Cosmodrome, Russia",Unknown,2002,5,28,Tuesday,8,51,81,7,88
Ariane 44L | Intelsat 905,Arianespace,Ariane 44L,Launch Successful,2002-06-05 06:44:00+00:00,"ELA-2, Guiana Space Centre, French Guiana, France",Unknown,2002,6,5,Wednesday,6,3,15,7,4
Space Shuttle Endeavour | STS-111,NASA,Space Shuttle Endeavour,Launch Successful,2002-06-05 21:22:00+00:00,"LC-39A, Kennedy Space Center, Florida, USA",Unknown,2002,6,5,Wednesday,21,35,280,7,34
Zenit-3 SL | Galaxy IIIC,Sea Launch,Zenit-3 SL,Launch Successful,2002-06-15 22:39:00+00:00,"LP Odyssey, Kiritimati Launch Area, Pacific Ocean",Unknown,2002,6,15,Saturday,22,44,337,7,42
Rokot/Briz KM | Iridium SV97 and SV98,Eurockot,Rokot/Briz KM,Launch Successful,2002-06-20 09:33:00+00:00,"Site 133/3, Plesetsk Cosmodrome, Russia",Unknown,2002,6,20,Thursday,9,14,234,7,90
Titan II(23)G | NOAA-17,Lockheed,Titan II(23)G,Launch Successful,2002-06-24 18:23:00+00:00,"SLC-4W, Vandenberg AFB, California, USA",Unknown,2002,6,24,Monday,18,31,299,7,73
Ariane 5 G | Stellat-5 & NStar-C,Arianespace,Ariane 5 G,Launch Successful,2002-07-02 23:22:00+00:00,"ELA-3, Guiana Space Centre, French Guiana, France",Unknown,2002,7,2,Tuesday,23,3,20,7,5
Delta II 7425 | CONTOUR,Boeing,Delta II 7425,Launch Successful,2002-07-03 06:47:00+00:00,"SLC-17A, Cape Canaveral AFS, Florida, USA",Unknown,2002,7,3,Wednesday,6,6,94,7,57
"Ariane 42P | SPOT-5, IDEFIX",Arianespace,Ariane 42P,Launch Successful,2002-07-05 23:02:00+00:00,"ELA-2, Guiana Space Centre, French Guiana, France",Unknown,2002,7,5,Friday,23,3,14,7,4
Cosmos-3M (11K65M) | Cosmos 2390 and 2391,VKS RF,Cosmos-3M (11K65M),Launch Successful,2002-07-08 06:35:00+00:00,"Site 132/1, Plesetsk Cosmodrome, Russia",Unknown,2002,7,8,Monday,6,51,81,7,88
Atlas V 401 | Hot Bird 6,ILS,Atlas V 401,Launch Successful,2002-08-21 22:05:00+00:00,"SLC-41, Cape Canaveral AFS, Florida, USA",Unknown,2002,8,21,Wednesday,22,19,32,7,70
"Ariane 5 G | Atlantic Bird 1, MSG-1, MFD",Arianespace,Ariane 5 G,Launch Successful,2002-08-28 22:45:00+00:00,"ELA-3, Guiana Space Centre, French Guiana, France",Unknown,2002,8,28,Wednesday,22,3,20,7,5
Ariane 44L | Intelsat 906,Arianespace,Ariane 44L,Launch Successful,2002-09-06 06:44:00+00:00,"ELA-2, Guiana Space Centre, French Guiana, France",Unknown,2002,9,6,Friday,6,3,15,7,4
H-IIA 2024 | USERS & Kodama,MHI,H-IIA 2024,Launch Successful,2002-09-10 08:20:00+00:00,"LA-Y1, Tanegashima Space Center, Japan",Unknown,2002,9,10,Tuesday,8,32,146,7,17
PSLV-G | C4 - MetSat-1 (Kalpana-1),ISRO,PSLV-G,Launch Successful,2002-09-12 10:23:00+00:00,"First Launch Pad, Satish Dhawan Space Centre, India",Unknown,2002,9,12,Thursday,10,23,218,7,9
Atlas IIAS | Hispasat 1D,ILS,Atlas IIAS,Launch Successful,2002-09-18 22:04:00+00:00,"SLC-36A, Cape Canaveral AFS, Florida, USA",Unknown,2002,9,18,Wednesday,22,19,28,7,64
Cosmos-3M (11K65M) | Nadiezhda-M n†­1,VKS RF,Cosmos-3M (11K65M),Launch Successful,2002-09-26 14:27:00+00:00,"Site 132/1, Plesetsk Cosmodrome, Russia",Unknown,2002,9,26,Thursday,14,51,81,7,88
Space Shuttle Atlantis | STS-112,NASA,Space Shuttle Atlantis,Launch Successful,2002-10-07 19:45:00+00:00,"LC-39B, Kennedy Space Center, Florida, USA",Unknown,2002,10,7,Monday,19,35,276,7,35
Long March 4B | Ziyuan ll-02,CASC,Long March 4B,Launch Successful,2002-10-27 03:17:00+00:00,"LC-7, Taiyuan Satellite Launch Center, China",Unknown,2002,10,27,Sunday,3,7,181,7,40
"Delta IV Medium+ (4,2) | Eutelsat W5",Boeing,"Delta IV Medium+ (4,2)",Launch Successful,2002-11-20 22:39:00+00:00,"SLC-37B, Cape Canaveral AFS, Florida, USA",Unknown,2002,11,20,Wednesday,22,6,112,7,66
Space Shuttle Endeavour | STS-113,NASA,Space Shuttle Endeavour,Launch Successful,2002-11-24 00:49:00+00:00,"LC-39A, Kennedy Space Center, Florida, USA",Unknown,2002,11,24,Sunday,0,35,280,7,34
"Cosmos-3M (11K65M) | AlSat 1, Mozhayets 4 & Rubin 3-DSI",VKS RF,Cosmos-3M (11K65M),Launch Successful,2002-11-28 06:07:00+00:00,"Site 132/1, Plesetsk Cosmodrome, Russia",Unknown,2002,11,28,Thursday,6,51,81,7,88
Atlas IIA | TDRS-J,Lockheed,Atlas IIA,Launch Successful,2002-12-05 02:42:00+00:00,"SLC-36A, Cape Canaveral AFS, Florida, USA",Unknown,2002,12,5,Thursday,2,31,27,7,64
"Ariane 5 ECA | Hot Bird 7, Stentor, MFD-A, MFD-B",Arianespace,Ariane 5 ECA,Launch Failure,2002-12-11 22:22:00+00:00,"ELA-3, Guiana Space Centre, French Guiana, France",Unknown,2002,12,11,Wednesday,22,3,18,7,5
"H-IIA 202 | Midori 2, WEOS & Others",MHI,H-IIA 202,Launch Successful,2002-12-14 01:31:00+00:00,"LA-Y1, Tanegashima Space Center, Japan",Unknown,2002,12,14,Saturday,1,32,144,7,17
Ariane 44L | NSS-6,Arianespace,Ariane 44L,Launch Successful,2002-12-17 23:04:00+00:00,"ELA-2, Guiana Space Centre, French Guiana, France",Unknown,2002,12,17,Tuesday,23,3,15,7,4
Molniya-M /Block 2BL | Cosmos 2393,VKS RF,Molniya-M /Block 2BL,Launch Successful,2002-12-24 12:20:00+00:00,"Site 16/2, Plesetsk Cosmodrome, Russia",Unknown,2002,12,24,Tuesday,12,51,195,7,93
Long March 2F | Shenzhou 4,CASC,Long March 2F,Launch Successful,2002-12-29 16:40:00+00:00,"Site 901 (SLS-1), Jiuquan Satellite Launch Center, China",Unknown,2002,12,29,Sunday,16,7,169,7,118
Titan II(23)G | Coriolis,Lockheed,Titan II(23)G,Launch Successful,2003-01-06 14:19:00+00:00,"SLC-4W, Vandenberg AFB, California, USA",Unknown,2003,1,6,Monday,14,31,299,7,73
Delta II 7320-10C | ICESat / CHIPSat,Boeing,Delta II 7320-10C,Launch Successful,2003-01-13 00:45:00+00:00,"SLC-2W, Vandenberg AFB, California, USA",Unknown,2003,1,13,Monday,0,6,91,7,63
Space Shuttle Columbia | STS-107,NASA,Space Shuttle Columbia,Launch Failure,2003-01-16 15:39:00+00:00,"LC-39A, Kennedy Space Center, Florida, USA",Unknown,2003,1,16,Thursday,15,35,278,7,34
Pegasus XL | SORCE,Northrop,Pegasus XL,Launch Successful,2003-01-25 20:13:00+00:00,"Stargazer, Cape Canaveral AFS, Florida, USA",Unknown,2003,1,25,Saturday,20,36,222,7,122
Delta II 7925 | GPS IIR-8,Boeing,Delta II 7925,Launch Successful,2003-01-29 18:06:00+00:00,"SLC-17B, Cape Canaveral AFS, Florida, USA",Navigation,2003,1,29,Wednesday,18,6,103,5,58
Ariane 44L | Intelsat 907,Arianespace,Ariane 44L,Launch Successful,2003-02-15 07:00:00+00:00,"ELA-2, Guiana Space Centre, French Guiana, France",Unknown,2003,2,15,Saturday,7,3,15,7,4
Delta IV Medium | DSCS-3 A3,Boeing,Delta IV Medium,Launch Successful,2003-03-11 00:59:00+00:00,"SLC-37B, Cape Canaveral AFS, Florida, USA",Unknown,2003,3,11,Tuesday,0,6,111,7,66
"H-IIA 2024 | IGS-Optical 1, IGS-Radar 1",MHI,H-IIA 2024,Launch Successful,2003-03-28 01:27:00+00:00,"LA-Y1, Tanegashima Space Center, Japan",Unknown,2003,3,28,Friday,1,32,146,7,17
Delta II 7925 | GPS IIR-9,Boeing,Delta II 7925,Launch Successful,2003-03-31 22:09:00+00:00,"SLC-17A, Cape Canaveral AFS, Florida, USA",Navigation,2003,3,31,Monday,22,6,103,5,57
Molniya-M /Block ML | Molniya-1T n†­172,VKS RF,Molniya-M /Block ML,Launch Successful,2003-04-02 01:53:00+00:00,"Site 16/2, Plesetsk Cosmodrome, Russia",Unknown,2003,4,2,Wednesday,1,51,197,7,93
Titan IV(401)B | Milstar DFS-6,Lockheed,Titan IV(401)B,Launch Successful,2003-04-08 13:43:00+00:00,"SLC-40, Cape Canaveral AFS, Florida, USA",Unknown,2003,4,8,Tuesday,13,31,310,7,69
Ariane 5 G | INSAT-3A & Galaxy 12,Arianespace,Ariane 5 G,Launch Successful,2003-04-09 22:52:00+00:00,"ELA-3, Guiana Space Centre, French Guiana, France",Unknown,2003,4,9,Wednesday,22,3,20,7,5
Atlas IIIB | AsiaSat 4,ILS,Atlas IIIB,Launch Successful,2003-04-12 00:47:00+00:00,"SLC-36B, Cape Canaveral AFS, Florida, USA",Unknown,2003,4,12,Saturday,0,19,30,7,65
Pegasus XL | GALEX,Northrop,Pegasus XL,Launch Successful,2003-04-28 12:00:00+00:00,"Stargazer, Cape Canaveral AFS, Florida, USA",Unknown,2003,4,28,Monday,12,36,222,7,122
GSLV Mk I | GSAT-2,ISRO,GSLV Mk I,Launch Successful,2003-05-08 11:28:00+00:00,"First Launch Pad, Satish Dhawan Space Centre, India",Unknown,2003,5,8,Thursday,11,23,136,7,9
Mu-V / M-25 | Hayabusa,ISAS,Mu-V / M-25,Launch Successful,2003-05-09 04:29:00+00:00,"Mu Pad, Uchinoura Space Center, Japan",Unknown,2003,5,9,Friday,4,22,207,7,48
Atlas V 401 | HellasSat-2,ILS,Atlas V 401,Launch Successful,2003-05-13 22:10:00+00:00,"SLC-41, Cape Canaveral AFS, Florida, USA",Unknown,2003,5,13,Tuesday,22,19,32,7,70
Long March 3A | Beidou-1C,CASC,Long March 3A,Launch Successful,2003-05-24 16:34:00+00:00,"LC-2, Xichang Satellite Launch Center, China",Unknown,2003,5,24,Saturday,16,7,173,7,29
Soyuz FG/Fregat | Mars Express,Starsem,Soyuz FG/Fregat,Launch Successful,2003-06-02 17:45:00+00:00,"Site 31/6, Baikonur Cosmodrome, Kazakhstan",Unknown,2003,6,2,Monday,17,46,268,7,101
Cosmos-3M (11K65M) | Cosmos 2398,VKS RF,Cosmos-3M (11K65M),Launch Successful,2003-06-04 19:23:00+00:00,"Site 132/1, Plesetsk Cosmodrome, Russia",Unknown,2003,6,4,Wednesday,19,51,81,7,88
Zenit-3 SL | Thuraya-2,Sea Launch,Zenit-3 SL,Launch Successful,2003-06-10 13:55:00+00:00,"LP Odyssey, Kiritimati Launch Area, Pacific Ocean",Unknown,2003,6,10,Tuesday,13,44,337,7,42
Delta II 7925 | Spirit,Boeing,Delta II 7925,Launch Successful,2003-06-10 17:58:00+00:00,"SLC-17A, Cape Canaveral AFS, Florida, USA",Unknown,2003,6,10,Tuesday,17,6,103,7,57
Ariane 5 G | Optus C1 & BSAT-2c,Arianespace,Ariane 5 G,Launch Successful,2003-06-11 22:38:00+00:00,"ELA-3, Guiana Space Centre, French Guiana, France",Unknown,2003,6,11,Wednesday,22,3,20,7,5
Molniya-M /Block ML | Molniya-3 n†­173,VKS RF,Molniya-M /Block ML,Launch Successful,2003-06-19 20:00:00+00:00,"Site 16/2, Plesetsk Cosmodrome, Russia",Unknown,2003,6,19,Thursday,20,51,197,7,93
Pegasus XL | OrbView-3,Northrop,Pegasus XL,Launch Successful,2003-06-26 18:55:00+00:00,"Stargazer, Vandenberg AFB, California, USA",Unknown,2003,6,26,Thursday,18,36,222,7,124
Rokot/Briz KM | Monitor-E GVM & Others,Eurockot,Rokot/Briz KM,Launch Successful,2003-06-30 14:15:00+00:00,"Site 133/3, Plesetsk Cosmodrome, Russia",Unknown,2003,6,30,Monday,14,14,234,7,90
Delta II 7925H | Opportunity,Boeing,Delta II 7925H,Launch Successful,2003-07-08 03:18:00+00:00,"SLC-17B, Cape Canaveral AFS, Florida, USA",Unknown,2003,7,8,Tuesday,3,6,108,7,58
Atlas V 521 | Rainbow 1,ILS,Atlas V 521,Launch Successful,2003-07-17 23:45:00+00:00,"SLC-41, Cape Canaveral AFS, Florida, USA",Unknown,2003,7,17,Thursday,23,19,37,7,70
Pegasus XL | SCISAT-1,Northrop,Pegasus XL,Launch Successful,2003-08-13 02:09:00+00:00,"Stargazer, Vandenberg AFB, California, USA",Unknown,2003,8,13,Wednesday,2,36,222,7,124
Cosmos-3M (11K65M) | Cosmos 2400 and 2401,VKS RF,Cosmos-3M (11K65M),Launch Successful,2003-08-19 10:50:00+00:00,"Site 132/1, Plesetsk Cosmodrome, Russia",Unknown,2003,8,19,Tuesday,10,51,81,7,88
Delta II 7920H | Spitzer Space Telescope,Boeing,Delta II 7920H,Launch Successful,2003-08-25 05:35:00+00:00,"SLC-17B, Cape Canaveral AFS, Florida, USA",Unknown,2003,8,25,Monday,5,6,101,7,58
Delta IV Medium | DSCS-3 B6,Boeing,Delta IV Medium,Launch Successful,2003-08-29 23:13:00+00:00,"SLC-37B, Cape Canaveral AFS, Florida, USA",Unknown,2003,8,29,Friday,23,6,111,7,66
Titan IV(401)B | NROL-19 (Mentor),Lockheed,Titan IV(401)B,Launch Successful,2003-09-09 04:29:00+00:00,"SLC-40, Cape Canaveral AFS, Florida, USA",Military,2003,9,9,Tuesday,4,31,310,4,69
Cosmos-3M (11K65M) | STSAT 1 & Others,VKS RF,Cosmos-3M (11K65M),Launch Successful,2003-09-27 06:11:00+00:00,"Site 132/1, Plesetsk Cosmodrome, Russia",Unknown,2003,9,27,Saturday,6,51,81,7,88
"Ariane 5 G | Insat 3E, eBird-1, SMART-1",Arianespace,Ariane 5 G,Launch Successful,2003-09-27 23:14:00+00:00,"ELA-3, Guiana Space Centre, French Guiana, France",Unknown,2003,9,27,Saturday,23,3,20,7,5
Zenit-3 SL | Galaxy-13,Sea Launch,Zenit-3 SL,Launch Successful,2003-10-01 04:02:00+00:00,"LP Odyssey, Kiritimati Launch Area, Pacific Ocean",Unknown,2003,10,1,Wednesday,4,44,337,7,42
Long March 2F | Shenzhou 5,CASC,Long March 2F,Launch Successful,2003-10-15 01:00:00+00:00,"Site 901 (SLS-1), Jiuquan Satellite Launch Center, China",Unknown,2003,10,15,Wednesday,1,7,169,7,118
PSLV-G | RESOURCESAT-1 (IRS-P6),ISRO,PSLV-G,Launch Successful,2003-10-17 04:52:00+00:00,"First Launch Pad, Satish Dhawan Space Centre, India",Unknown,2003,10,17,Friday,4,23,218,7,9
Titan II(23)G | USA-172,Lockheed,Titan II(23)G,Launch Successful,2003-10-18 16:17:00+00:00,"SLC-4W, Vandenberg AFB, California, USA",Unknown,2003,10,18,Saturday,16,31,299,7,73
Long March 4B | CBERS-2 & Chuangxin 1(01),CASC,Long March 4B,Launch Successful,2003-10-21 03:16:00+00:00,"LC-7, Taiyuan Satellite Launch Center, China",Unknown,2003,10,21,Tuesday,3,7,181,7,40
Rokot/Briz KM | SERVIS-1,Eurockot,Rokot/Briz KM,Launch Successful,2003-10-30 13:43:00+00:00,"Site 133/3, Plesetsk Cosmodrome, Russia",Unknown,2003,10,30,Thursday,13,14,234,7,90
Long March 2D | FSW-3 No.1,CASC,Long March 2D,Launch Successful,2003-11-03 07:20:00+00:00,"Site 9401 (SLS-2), Jiuquan Satellite Launch Center, China",Unknown,2003,11,3,Monday,7,7,166,7,119
Long March 3A | Chinasat-20,CASC,Long March 3A,Launch Successful,2003-11-14 16:01:00+00:00,"LC-2, Xichang Satellite Launch Center, China",Unknown,2003,11,14,Friday,16,7,173,7,29
"H-IIA 2024 | IGS-Optical (2), IGS-Radar (2)",MHI,H-IIA 2024,Launch Failure,2003-11-29 04:33:00+00:00,"LA-Y1, Tanegashima Space Center, Japan",Unknown,2003,11,29,Saturday,4,32,146,7,17
Atlas IIAS | NROL-18 (Intruder 6A & 6B),Lockheed,Atlas IIAS,Launch Successful,2003-12-02 10:04:00+00:00,"SLC-3E, Vandenberg AFB, California, USA",Military,2003,12,2,Tuesday,10,31,28,4,67
Strela | Gruzomaket,VKS RF,Strela,Launch Successful,2003-12-05 06:00:00+00:00,"Site 175/59, Baikonur Cosmodrome, Kazakhstan",Unknown,2003,12,5,Friday,6,51,286,7,96
Atlas IIIB | UHF F/O F11,Lockheed,Atlas IIIB,Launch Successful,2003-12-10 02:30:00+00:00,"SLC-36B, Cape Canaveral AFS, Florida, USA",Unknown,2003,12,10,Wednesday,2,31,30,7,65
Delta II 7925 | GPS IIR-10,Boeing,Delta II 7925,Launch Successful,2003-12-21 08:05:00+00:00,"SLC-17A, Cape Canaveral AFS, Florida, USA",Navigation,2003,12,21,Sunday,8,6,103,5,57
Long March 2C | Double Star 1,CASC,Long March 2C,Launch Successful,2003-12-29 19:06:00+00:00,"LC-3, Xichang Satellite Launch Center, China",Unknown,2003,12,29,Monday,19,7,164,7,32
Zenit-3 SL | Telstar 14,Sea Launch,Zenit-3 SL,Launch Successful,2004-01-11 04:12:00+00:00,"LP Odyssey, Kiritimati Launch Area, Pacific Ocean",Unknown,2004,1,11,Sunday,4,44,337,7,42
Atlas IIAS | AMC-10,ILS,Atlas IIAS,Launch Successful,2004-02-05 23:46:00+00:00,"SLC-36A, Cape Canaveral AFS, Florida, USA",Unknown,2004,2,5,Thursday,23,19,28,7,64
Titan IV(402)B | DSP,Lockheed,Titan IV(402)B,Launch Successful,2004-02-14 18:50:00+00:00,"SLC-40, Cape Canaveral AFS, Florida, USA",Unknown,2004,2,14,Saturday,18,31,312,7,69
Molniya-M /Block ML | Cosmos 2405 (Molniya-1T n†­174),VKS RF,Molniya-M /Block ML,Launch Successful,2004-02-18 07:06:00+00:00,"Site 16/2, Plesetsk Cosmodrome, Russia",Unknown,2004,2,18,Wednesday,7,51,197,7,93
Ariane 5 G+ | Rosetta & Philae,Arianespace,Ariane 5 G+,Launch Successful,2004-03-02 07:17:00+00:00,"ELA-3, Guiana Space Centre, French Guiana, France",Unknown,2004,3,2,Tuesday,7,3,21,7,5
Atlas IIIA | MBSat,ILS,Atlas IIIA,Launch Successful,2004-03-13 05:40:00+00:00,"SLC-36B, Cape Canaveral AFS, Florida, USA",Unknown,2004,3,13,Saturday,5,19,29,7,65
Delta II 7925 | GPS IIR-11,Boeing,Delta II 7925,Launch Successful,2004-03-20 17:53:00+00:00,"SLC-17B, Cape Canaveral AFS, Florida, USA",Navigation,2004,3,20,Saturday,17,6,103,5,58
Atlas IIAS | Superbird 6,ILS,Atlas IIAS,Launch Successful,2004-04-16 00:45:00+00:00,"SLC-36A, Cape Canaveral AFS, Florida, USA",Unknown,2004,4,16,Friday,0,19,28,7,64
Long March 2C | Shiyan-1 & Nano Satellite 1,CASC,Long March 2C,Launch Successful,2004-04-18 15:59:00+00:00,"LC-3, Xichang Satellite Launch Center, China",Unknown,2004,4,18,Sunday,15,7,164,7,32
Atlas IIAS | AMC-11,ILS,Atlas IIAS,Launch Successful,2004-04-19 22:22:00+00:00,"SLC-36B, Cape Canaveral AFS, Florida, USA",Unknown,2004,4,19,Monday,22,19,28,7,65
Delta II 7920-10C | Gravity Probe B,Boeing,Delta II 7920-10C,Launch Successful,2004-04-20 16:57:00+00:00,"SLC-2W, Vandenberg AFB, California, USA",Unknown,2004,4,20,Tuesday,16,6,98,7,63
Zenit-3 SL | DirecTV-7S,Sea Launch,Zenit-3 SL,Launch Successful,2004-05-04 12:41:00+00:00,"LP Odyssey, Kiritimati Launch Area, Pacific Ocean",Unknown,2004,5,4,Tuesday,12,44,337,7,42
Minotaur C (Taurus) | ROCSAT-2,Northrop,Minotaur C (Taurus),Launch Successful,2004-05-20 17:47:00+00:00,"SLC-576E, Vandenberg AFB, California, USA",Unknown,2004,5,20,Thursday,17,36,190,7,75
Tsyklon-2 | Cosmos 2405,VKS RF,Tsyklon-2,Launch Successful,2004-05-28 06:00:00+00:00,"Site 90/20, Baikonur Cosmodrome, Kazakhstan",Unknown,2004,5,28,Friday,6,51,321,7,117
Zenit-2 | Cosmos 2406,VKS RF,Zenit-2,Launch Successful,2004-06-10 01:28:00+00:00,"Site 45/1, Baikonur Cosmodrome, Kazakhstan",Unknown,2004,6,10,Thursday,1,51,335,7,110
Delta II 7925 | GPS IIR-12,Boeing,Delta II 7925,Launch Successful,2004-06-23 22:54:00+00:00,"SLC-17B, Cape Canaveral AFS, Florida, USA",Navigation,2004,6,23,Wednesday,22,6,103,5,58
Zenit-3 SL | Telstar 18,Sea Launch,Zenit-3 SL,Launch Successful,2004-06-29 03:58:00+00:00,"LP Odyssey, Kiritimati Launch Area, Pacific Ocean",Unknown,2004,6,29,Tuesday,3,44,337,7,42
Dnepr | DEMETER & Others,Kosmotras,Dnepr,Launch Successful,2004-06-29 06:30:00+00:00,"Site 109/95, Baikonur Cosmodrome, Kazakhstan",Unknown,2004,6,29,Tuesday,6,28,118,7,85
Delta II 7920-10L | Aura,Boeing,Delta II 7920-10L,Launch Successful,2004-07-15 10:02:00+00:00,"SLC-2W, Vandenberg AFB, California, USA",Unknown,2004,7,15,Thursday,10,6,99,7,63
Ariane 5 G+ | Anik F2,Arianespace,Ariane 5 G+,Launch Successful,2004-07-18 00:44:00+00:00,"ELA-3, Guiana Space Centre, French Guiana, France",Unknown,2004,7,18,Sunday,0,3,21,7,5
Cosmos-3M (11K65M) | Cosmos 2407,VKS RF,Cosmos-3M (11K65M),Launch Successful,2004-07-22 17:46:00+00:00,"Site 132/1, Plesetsk Cosmodrome, Russia",Unknown,2004,7,22,Thursday,17,51,81,7,88
Long March 2C | Double Star 2,CASC,Long March 2C,Launch Successful,2004-07-25 07:05:00+00:00,"LC-7, Taiyuan Satellite Launch Center, China",Unknown,2004,7,25,Sunday,7,7,164,7,40
Delta II 7925H | MESSENGER,Boeing,Delta II 7925H,Launch Successful,2004-08-03 06:15:00+00:00,"SLC-17B, Cape Canaveral AFS, Florida, USA",Unknown,2004,8,3,Tuesday,6,6,108,7,58
Long March 2C | FSW-4 No.1,CASC,Long March 2C,Launch Successful,2004-08-29 07:50:00+00:00,"Site 9401 (SLS-2), Jiuquan Satellite Launch Center, China",Unknown,2004,8,29,Sunday,7,7,164,7,119
Atlas IIAS | NROL-1,Lockheed,Atlas IIAS,Launch Successful,2004-08-31 23:17:00+00:00,"SLC-36A, Cape Canaveral AFS, Florida, USA",Military,2004,8,31,Tuesday,23,31,28,4,64
Long March 4B | Shijian-6A & 6B,CASC,Long March 4B,Launch Successful,2004-09-08 23:14:00+00:00,"LC-7, Taiyuan Satellite Launch Center, China",Unknown,2004,9,8,Wednesday,23,7,181,7,40
GSLV Mk I | GSAT-3,ISRO,GSLV Mk I,Launch Successful,2004-09-20 10:31:00+00:00,"First Launch Pad, Satish Dhawan Space Centre, India",Unknown,2004,9,20,Monday,10,23,136,7,9
Cosmos-3M (11K65M) | Cosmos 2408 and 2409,VKS RF,Cosmos-3M (11K65M),Launch Successful,2004-09-23 15:07:00+00:00,"Site 132/1, Plesetsk Cosmodrome, Russia",Unknown,2004,9,23,Thursday,15,51,81,7,88
Long March 2D | FSW-3 No.2,CASC,Long March 2D,Launch Successful,2004-09-27 08:00:00+00:00,"Site 9401 (SLS-2), Jiuquan Satellite Launch Center, China",Unknown,2004,9,27,Monday,8,7,166,7,119
Long March 3A | Fengyun-2C,CASC,Long March 3A,Launch Successful,2004-10-19 01:20:00+00:00,"LC-2, Xichang Satellite Launch Center, China",Unknown,2004,10,19,Tuesday,1,7,173,7,29
Long March 4B | Ziyuan ll-03,CASC,Long March 4B,Launch Successful,2004-11-06 03:10:00+00:00,"LC-7, Taiyuan Satellite Launch Center, China",Unknown,2004,11,6,Saturday,3,7,181,7,40
Delta II 7925 | GPS IIR-13,Boeing,Delta II 7925,Launch Successful,2004-11-06 05:39:00+00:00,"SLC-17B, Cape Canaveral AFS, Florida, USA",Navigation,2004,11,6,Saturday,5,6,103,5,58
Soyuz 2.1a | Demo Flight,VKS RF,Soyuz 2.1a,Launch Successful,2004-11-08 18:29:00+00:00,"Site 43/4, Plesetsk Cosmodrome, Russia",Unknown,2004,11,8,Monday,18,51,258,7,109
Long March 2C | Shiyan-2,CASC,Long March 2C,Launch Successful,2004-11-18 10:45:00+00:00,"LC-3, Xichang Satellite Launch Center, China",Unknown,2004,11,18,Thursday,10,7,164,7,32
Delta II 7320-10C | Swift,Boeing,Delta II 7320-10C,Launch Successful,2004-11-20 17:16:00+00:00,"SLC-17A, Cape Canaveral AFS, Florida, USA",Unknown,2004,11,20,Saturday,17,6,91,7,57
Atlas V 521 | AMC-16,ILS,Atlas V 521,Launch Successful,2004-12-17 12:07:00+00:00,"SLC-41, Cape Canaveral AFS, Florida, USA",Unknown,2004,12,17,Friday,12,19,37,7,70
"Ariane 5 G+ | Helios 2A, Essaim-1,2,3,4, PARASOL, Nanosat 01",Arianespace,Ariane 5 G+,Launch Successful,2004-12-18 16:26:00+00:00,"ELA-3, Guiana Space Centre, French Guiana, France",Unknown,2004,12,18,Saturday,16,3,21,7,5
Delta IV Heavy | DemoSat and 3CS-1 & 2,Boeing,Delta IV Heavy,Partial Failure,2004-12-21 21:50:00+00:00,"SLC-37B, Cape Canaveral AFS, Florida, USA",Unknown,2004,12,21,Tuesday,21,6,110,7,66
Tsyklon-3 | Sich 1M & Micron 1,VKS RF,Tsyklon-3,Partial Failure,2004-12-24 12:00:00+00:00,"Site 32/2, Plesetsk Cosmodrome, Russia",Unknown,2004,12,24,Friday,12,51,323,7,103
Delta II 7925 | Deep Impact,Boeing,Delta II 7925,Launch Successful,2005-01-12 18:47:00+00:00,"SLC-17B, Cape Canaveral AFS, Florida, USA",Unknown,2005,1,12,Wednesday,18,6,103,7,58
Cosmos-3M (11K65M) | Cosmos 2414 & Universitietski,VKS RF,Cosmos-3M (11K65M),Launch Successful,2005-01-20 03:00:00+00:00,"Site 132/1, Plesetsk Cosmodrome, Russia",Unknown,2005,1,20,Thursday,3,51,81,7,88
Atlas IIIB | NROL-23 (Intruder 7A & 7B),Lockheed,Atlas IIIB,Launch Successful,2005-02-03 07:41:00+00:00,"SLC-36B, Cape Canaveral AFS, Florida, USA",Military,2005,2,3,Thursday,7,31,30,4,65
"Ariane 5 ECA | XTAR-EUR, Maqsat-B2, Sloshsat-FLEVO",Arianespace,Ariane 5 ECA,Launch Successful,2005-02-12 21:03:00+00:00,"ELA-3, Guiana Space Centre, French Guiana, France",Unknown,2005,2,12,Saturday,21,3,18,7,5
H-IIA 2022 | Himawari 6,MHI,H-IIA 2022,Launch Successful,2005-02-26 09:25:00+00:00,"LA-Y1, Tanegashima Space Center, Japan",Unknown,2005,2,26,Saturday,9,32,145,7,17
Zenit-3 SL | XM-3,Sea Launch,Zenit-3 SL,Launch Successful,2005-03-01 03:50:00+00:00,"LP Odyssey, Kiritimati Launch Area, Pacific Ocean",Unknown,2005,3,1,Tuesday,3,44,337,7,42
Atlas V 431 | Inmarsat-4 F1,ILS,Atlas V 431,Launch Successful,2005-03-11 21:42:00+00:00,"SLC-41, Cape Canaveral AFS, Florida, USA",Unknown,2005,3,11,Friday,21,19,35,7,70
Minotaur I | XSS-11,Northrop,Minotaur I,Launch Successful,2005-04-11 13:35:00+00:00,"SLC-8, Vandenberg AFB, California, USA",Unknown,2005,4,11,Monday,13,36,191,7,77
Long March 3B | Apstar 6,CASC,Long March 3B,Launch Successful,2005-04-12 12:00:00+00:00,"LC-2, Xichang Satellite Launch Center, China",Unknown,2005,4,12,Tuesday,12,7,174,7,29
Pegasus XL | DART,Northrop,Pegasus XL,Launch Successful,2005-04-15 17:27:00+00:00,"Stargazer, Vandenberg AFB, California, USA",Unknown,2005,4,15,Friday,17,36,222,7,124
Zenit-3 SL | Spaceway-1,Sea Launch,Zenit-3 SL,Launch Successful,2005-04-26 07:31:00+00:00,"LP Odyssey, Kiritimati Launch Area, Pacific Ocean",Unknown,2005,4,26,Tuesday,7,44,337,7,42
Titan IV(405)B | NROL-16 (Onyx),Lockheed,Titan IV(405)B,Launch Successful,2005-04-30 00:50:00+00:00,"SLC-40, Cape Canaveral AFS, Florida, USA",Military,2005,4,30,Saturday,0,31,318,4,69
PSLV-G | Cartosat-1 & HAMSAT,ISRO,PSLV-G,Launch Successful,2005-05-05 04:45:00+00:00,"Second Launch Pad, Satish Dhawan Space Centre, India",Unknown,2005,5,5,Thursday,4,23,218,7,82
Delta II 7320-10C | NOAA-N,Boeing,Delta II 7320-10C,Launch Successful,2005-05-20 10:22:00+00:00,"SLC-2W, Vandenberg AFB, California, USA",Unknown,2005,5,20,Friday,10,6,91,7,63
Molniya-M /Block ML | Molniya-3K n†­175,VKS RF,Molniya-M /Block ML,Launch Failure,2005-06-21 00:48:00+00:00,"Site 16/2, Plesetsk Cosmodrome, Russia",Unknown,2005,6,21,Tuesday,0,51,197,7,93
Volna | Cosmos 1,SRC,Volna,Launch Failure,2005-06-21 19:46:00+00:00,"K-496 Submarine, Barents Sea Launch Area, Barents Sea",Unknown,2005,6,21,Tuesday,19,43,329,7,13
Zenit-3 SL | Intelsat-Americas 8,Sea Launch,Zenit-3 SL,Launch Successful,2005-06-23 14:02:00+00:00,"LP Odyssey, Kiritimati Launch Area, Pacific Ocean",Unknown,2005,6,23,Thursday,14,44,337,7,42
Long March 2D | Shijian-7,CASC,Long March 2D,Launch Successful,2005-07-05 22:40:00+00:00,"Site 9401 (SLS-2), Jiuquan Satellite Launch Center, China",Unknown,2005,7,5,Tuesday,22,7,166,7,119
Mu-V / M-25 | Suzaku,ISAS,Mu-V / M-25,Launch Successful,2005-07-10 03:30:00+00:00,"Mu Pad, Uchinoura Space Center, Japan",Unknown,2005,7,10,Sunday,3,22,207,7,48
Space Shuttle Discovery | STS-114,NASA,Space Shuttle Discovery,Launch Successful,2005-07-26 14:39:00+00:00,"LC-39B, Kennedy Space Center, Florida, USA",Unknown,2005,7,26,Tuesday,14,35,279,7,35
Long March 2C | FSW-4 No. 2,CASC,Long March 2C,Launch Successful,2005-08-02 07:30:00+00:00,"Site 9401 (SLS-2), Jiuquan Satellite Launch Center, China",Unknown,2005,8,2,Tuesday,7,7,164,7,119
Ariane 5 GS | iPStar-1,Arianespace,Ariane 5 GS,Launch Successful,2005-08-11 08:20:00+00:00,"ELA-3, Guiana Space Centre, French Guiana, France",Unknown,2005,8,11,Thursday,8,3,22,7,5
Atlas V 401 | Mars Reconnaissance Orbiter,ILS,Atlas V 401,Launch Successful,2005-08-12 11:43:00+00:00,"SLC-41, Cape Canaveral AFS, Florida, USA",Unknown,2005,8,12,Friday,11,19,32,7,70
Dnepr | Kirari and Reimei,Kosmotras,Dnepr,Launch Successful,2005-08-23 21:09:00+00:00,"Site 109/95, Baikonur Cosmodrome, Kazakhstan",Unknown,2005,8,23,Tuesday,21,28,118,7,85
Rokot/Briz KM | Monitor-E,VKS RF,Rokot/Briz KM,Launch Successful,2005-08-26 18:34:00+00:00,"Site 133/3, Plesetsk Cosmodrome, Russia",Unknown,2005,8,26,Friday,18,51,234,7,90
Long March 2D | FSW-3 No. 3,CASC,Long March 2D,Launch Successful,2005-08-29 08:45:00+00:00,"Site 9401 (SLS-2), Jiuquan Satellite Launch Center, China",Unknown,2005,8,29,Monday,8,7,166,7,119
Minotaur I | Streak (STP-R1),Northrop,Minotaur I,Launch Successful,2005-09-22 19:24:00+00:00,"SLC-8, Vandenberg AFB, California, USA",Unknown,2005,9,22,Thursday,19,36,191,7,77
Delta II 7925 | GPS IIRM-1,Boeing,Delta II 7925,Launch Successful,2005-09-26 03:37:00+00:00,"SLC-17A, Cape Canaveral AFS, Florida, USA",Navigation,2005,9,26,Monday,3,6,103,5,57
Rokot/Briz KM | CryoSat-1,Eurockot,Rokot/Briz KM,Launch Failure,2005-10-08 15:02:00+00:00,"Site 133/3, Plesetsk Cosmodrome, Russia",Unknown,2005,10,8,Saturday,15,14,234,7,90
Ariane 5 GS | Syracuse 3A & Galaxy 15,Arianespace,Ariane 5 GS,Launch Successful,2005-10-13 22:32:00+00:00,"ELA-3, Guiana Space Centre, French Guiana, France",Unknown,2005,10,13,Thursday,22,3,22,7,5
Long March 2F | Shenzhou 6,CASC,Long March 2F,Launch Successful,2005-10-16 20:32:00+00:00,"Site 901 (SLS-1), Jiuquan Satellite Launch Center, China",Unknown,2005,10,16,Sunday,20,7,169,7,118
Titan IV(404)B | NROL-20 (KH-11 Kennen),Lockheed,Titan IV(404)B,Launch Successful,2005-10-19 18:05:00+00:00,"SLC-4E, Vandenberg AFB, California, USA",Military,2005,10,19,Wednesday,18,31,316,4,72
Cosmos-3M (11K65M) | TopSat 1 & Others,VKS RF,Cosmos-3M (11K65M),Launch Successful,2005-10-27 06:52:00+00:00,"Site 132/1, Plesetsk Cosmodrome, Russia",Unknown,2005,10,27,Thursday,6,51,81,7,88
Zenit-3 SL | Inmarsat 4F-2,Sea Launch,Zenit-3 SL,Launch Successful,2005-11-08 14:06:00+00:00,"LP Odyssey, Kiritimati Launch Area, Pacific Ocean",Unknown,2005,11,8,Tuesday,14,44,337,7,42
Ariane 5 ECA | Spaceway-2 & Telkom-2,Arianespace,Ariane 5 ECA,Launch Successful,2005-11-16 23:46:00+00:00,"ELA-3, Guiana Space Centre, French Guiana, France",Unknown,2005,11,16,Wednesday,23,3,18,7,5
Cosmos-3M (11K65M) | Cosmos 2416,VKS RF,Cosmos-3M (11K65M),Launch Successful,2005-12-21 19:34:00+00:00,"Site 132/1, Plesetsk Cosmodrome, Russia",Unknown,2005,12,21,Wednesday,19,51,81,7,88
Ariane 5 GS | INSAT-4A & MSG-2,Arianespace,Ariane 5 GS,Launch Successful,2005-12-21 23:33:00+00:00,"ELA-3, Guiana Space Centre, French Guiana, France",Unknown,2005,12,21,Wednesday,23,3,22,7,5
Atlas V 551 | New Horizons,ILS,Atlas V 551,Launch Successful,2006-01-19 19:00:00+00:00,"SLC-41, Cape Canaveral AFS, Florida, USA",Unknown,2006,1,19,Thursday,19,19,40,7,70
H-IIA 2022 | Daichi,MHI,H-IIA 2022,Launch Successful,2006-01-24 01:33:00+00:00,"LA-Y1, Tanegashima Space Center, Japan",Unknown,2006,1,24,Tuesday,1,32,145,7,17
Zenit-3 SL | EchoStar-X,Sea Launch,Zenit-3 SL,Launch Successful,2006-02-15 22:34:00+00:00,"LP Odyssey, Kiritimati Launch Area, Pacific Ocean",Unknown,2006,2,15,Wednesday,22,44,337,7,42
H-IIA 2024 | Himawari 7,MHI,H-IIA 2024,Launch Successful,2006-02-18 06:27:00+00:00,"LA-Y1, Tanegashima Space Center, Japan",Unknown,2006,2,18,Saturday,6,32,146,7,17
"Mu-V / M-25 | SSSat 1, CUTE 1.7 & Akari",ISAS,Mu-V / M-25,Launch Successful,2006-02-21 21:28:00+00:00,"Mu Pad, Uchinoura Space Center, Japan",Unknown,2006,2,21,Tuesday,21,22,207,7,48
Ariane 5 ECA | Spainsat & Hot Bird 7A,Arianespace,Ariane 5 ECA,Launch Successful,2006-03-11 22:33:00+00:00,"ELA-3, Guiana Space Centre, French Guiana, France",Unknown,2006,3,11,Saturday,22,3,18,7,5
Falcon 1 | FalconSat-2,SpaceX,Falcon 1,Launch Failure,2006-03-24 21:30:00+00:00,"Omelek Island, Ronald Reagan Ballistic Missile Defense Test Site, Marshall Islands, USA",Unknown,2006,3,24,Friday,21,45,128,7,51
Pegasus XL | ST-5,Northrop,Pegasus XL,Launch Successful,2006-03-28 20:10:00+00:00,"Stargazer, Vandenberg AFB, California, USA",Unknown,2006,3,28,Tuesday,20,36,222,7,124
Zenit-3 SL | JCSat-9,Sea Launch,Zenit-3 SL,Launch Successful,2006-04-12 23:29:00+00:00,"LP Odyssey, Kiritimati Launch Area, Pacific Ocean",Unknown,2006,4,12,Wednesday,23,44,337,7,42
Minotaur I | COSMIC (FORMOSAT-3),Northrop,Minotaur I,Launch Successful,2006-04-15 01:40:00+00:00,"SLC-8, Vandenberg AFB, California, USA",Unknown,2006,4,15,Saturday,1,36,191,7,77
Atlas V 411 | Astra 1KR,ILS,Atlas V 411,Launch Successful,2006-04-20 20:27:00+00:00,"SLC-41, Cape Canaveral AFS, Florida, USA",Unknown,2006,4,20,Thursday,20,19,33,7,70
Start-1 | EROS B,MITT,Start-1,Launch Successful,2006-04-25 16:47:00+00:00,"Svobodny Cosmodrome, Russia",Unknown,2006,4,25,Tuesday,16,33,285,7,126
Long March 4C | Yaogan 1,CASC,Long March 4C,Launch Successful,2006-04-26 22:48:00+00:00,"LC-7, Taiyuan Satellite Launch Center, China",Unknown,2006,4,26,Wednesday,22,7,182,7,40
"Delta II 7420-10C | CloudSat, CALIPSO",Boeing,Delta II 7420-10C,Launch Successful,2006-04-28 10:02:00+00:00,"SLC-2W, Vandenberg AFB, California, USA",Unknown,2006,4,28,Friday,10,6,93,7,63
"Delta IV Medium+ (4,2) | GOES-N (GOES-13)",Boeing,"Delta IV Medium+ (4,2)",Launch Successful,2006-05-24 22:11:00+00:00,"SLC-37B, Cape Canaveral AFS, Florida, USA",Unknown,2006,5,24,Wednesday,22,6,112,7,66
Shtil' | Kompass-2,SRC,Shtil',Launch Successful,2006-05-26 18:50:00+00:00,"K-84 Submarine, Barents Sea Launch Area, Barents Sea",Unknown,2006,5,26,Friday,18,43,255,7,14
Ariane 5 ECA | Satmex-6 & Thaicom-5,Arianespace,Ariane 5 ECA,Launch Successful,2006-05-27 21:09:00+00:00,"ELA-3, Guiana Space Centre, French Guiana, France",Unknown,2006,5,27,Saturday,21,3,18,7,5
Zenit-3 SL | Galaxy 16,Sea Launch,Zenit-3 SL,Launch Successful,2006-06-18 07:49:00+00:00,"LP Odyssey, Kiritimati Launch Area, Pacific Ocean",Unknown,2006,6,18,Sunday,7,44,337,7,42
Delta II 7925 | MiTEx,Boeing,Delta II 7925,Launch Successful,2006-06-21 22:15:00+00:00,"SLC-17A, Cape Canaveral AFS, Florida, USA",Unknown,2006,6,21,Wednesday,22,6,103,7,57
Tsyklon-2 | Cosmos 2421,VKS RF,Tsyklon-2,Launch Successful,2006-06-25 04:00:00+00:00,"Site 90/20, Baikonur Cosmodrome, Kazakhstan",Unknown,2006,6,25,Sunday,4,51,321,7,117
"Delta IV Medium+ (4,2) | NROL-22",Boeing,"Delta IV Medium+ (4,2)",Launch Successful,2006-06-28 03:33:00+00:00,"SLC-6, Vandenberg AFB, California, USA",Military,2006,6,28,Wednesday,3,6,112,4,76
Space Shuttle Discovery | STS-121,NASA,Space Shuttle Discovery,Launch Successful,2006-07-04 18:37:00+00:00,"LC-39B, Kennedy Space Center, Florida, USA",Unknown,2006,7,4,Tuesday,18,35,279,7,35
GSLV Mk I | INSAT-4C,ISRO,GSLV Mk I,Launch Failure,2006-07-10 12:08:00+00:00,"Second Launch Pad, Satish Dhawan Space Centre, India",Unknown,2006,7,10,Monday,12,23,136,7,82
Dnepr | Genesis 1,Kosmotras,Dnepr,Launch Successful,2006-07-12 14:53:00+00:00,"Site 370/13, Yasny Cosmodrome, Russia",Unknown,2006,7,12,Wednesday,14,28,118,7,105
Molniya-M /Block 2BL | Cosmos 2422,VKS RF,Molniya-M /Block 2BL,Launch Successful,2006-07-21 04:20:00+00:00,"Site 16/2, Plesetsk Cosmodrome, Russia",Unknown,2006,7,21,Friday,4,51,195,7,93
Dnepr | BelKa 1 & Others,Kosmotras,Dnepr,Launch Failure,2006-07-26 19:43:00+00:00,"Site 109/95, Baikonur Cosmodrome, Kazakhstan",Unknown,2006,7,26,Wednesday,19,28,118,7,85
Rokot/Briz KM | KompSat-2,Eurockot,Rokot/Briz KM,Launch Successful,2006-07-28 07:05:00+00:00,"Site 133/3, Plesetsk Cosmodrome, Russia",Unknown,2006,7,28,Friday,7,14,234,7,90
Ariane 5 ECA | JCSAT-10 & Syracuse 3B,Arianespace,Ariane 5 ECA,Launch Successful,2006-08-11 22:15:00+00:00,"ELA-3, Guiana Space Centre, French Guiana, France",Unknown,2006,8,11,Friday,22,3,18,7,5
Zenit-3 SL | Koreasat 5,Sea Launch,Zenit-3 SL,Launch Successful,2006-08-22 03:26:00+00:00,"LP Odyssey, Kiritimati Launch Area, Pacific Ocean",Unknown,2006,8,22,Tuesday,3,44,337,7,42
Long March 2C | Shijian-8,CASC,Long March 2C,Launch Successful,2006-09-09 07:00:00+00:00,"Site 9401 (SLS-2), Jiuquan Satellite Launch Center, China",Unknown,2006,9,9,Saturday,7,7,164,7,119
Space Shuttle Atlantis | STS-115,NASA,Space Shuttle Atlantis,Launch Successful,2006-09-09 15:14:00+00:00,"LC-39B, Kennedy Space Center, Florida, USA",Unknown,2006,9,9,Saturday,15,35,276,7,35
H-IIA 202 | IGS-Optical 2,MHI,H-IIA 202,Launch Successful,2006-09-11 04:35:00+00:00,"LA-Y1, Tanegashima Space Center, Japan",Unknown,2006,9,11,Monday,4,32,144,7,17
Long March 3A | Chinasat-22A,CASC,Long March 3A,Launch Successful,2006-09-12 16:02:00+00:00,"LC-2, Xichang Satellite Launch Center, China",Unknown,2006,9,12,Tuesday,16,7,173,7,29
"Mu-V / M-25 | SSSat 2, Hinode & Camatai",ISAS,Mu-V / M-25,Launch Successful,2006-09-22 21:36:00+00:00,"Mu Pad, Uchinoura Space Center, Japan",Unknown,2006,9,22,Friday,21,22,207,7,48
Delta II 7925 | GPS IIRM-2,Boeing,Delta II 7925,Launch Successful,2006-09-25 18:50:00+00:00,"SLC-17A, Cape Canaveral AFS, Florida, USA",Navigation,2006,9,25,Monday,18,6,103,5,57
"Ariane 5 ECA | DirecTV-9S, Optus D1, LDREX-2",Arianespace,Ariane 5 ECA,Launch Successful,2006-10-13 20:56:00+00:00,"ELA-3, Guiana Space Centre, French Guiana, France",Unknown,2006,10,13,Friday,20,3,18,7,5
Long March 4B | Shijian-6C & 6D,CASC,Long March 4B,Launch Successful,2006-10-23 23:34:00+00:00,"LC-7, Taiyuan Satellite Launch Center, China",Unknown,2006,10,23,Monday,23,7,181,7,40
Delta II 7925-10L | STEREO,Boeing,Delta II 7925-10L,Launch Successful,2006-10-26 00:52:00+00:00,"SLC-17B, Cape Canaveral AFS, Florida, USA",Unknown,2006,10,26,Thursday,0,6,106,7,58
Long March 3B | SinoSat 2,CASC,Long March 3B,Launch Successful,2006-10-28 16:20:00+00:00,"LC-2, Xichang Satellite Launch Center, China",Unknown,2006,10,28,Saturday,16,7,174,7,29
Zenit-3 SL | XM-4,Sea Launch,Zenit-3 SL,Launch Successful,2006-10-30 23:48:00+00:00,"LP Odyssey, Kiritimati Launch Area, Pacific Ocean",Unknown,2006,10,30,Monday,23,44,337,7,42
Delta IV Medium | DMSP F17,Boeing,Delta IV Medium,Launch Successful,2006-11-04 13:53:00+00:00,"SLC-6, Vandenberg AFB, California, USA",Unknown,2006,11,4,Saturday,13,6,111,7,76
Delta II 7925 | GPS IIRM-3,Boeing,Delta II 7925,Launch Successful,2006-11-17 19:12:00+00:00,"SLC-17A, Cape Canaveral AFS, Florida, USA",Navigation,2006,11,17,Friday,19,6,103,5,57
Long March 3A | Fengyun-2D,CASC,Long March 3A,Launch Successful,2006-12-08 00:53:00+00:00,"LC-2, Xichang Satellite Launch Center, China",Unknown,2006,12,8,Friday,0,7,173,7,29
Ariane 5 ECA | WildBlue-1 & AMC-18,Arianespace,Ariane 5 ECA,Launch Successful,2006-12-08 22:08:00+00:00,"ELA-3, Guiana Space Centre, French Guiana, France",Unknown,2006,12,8,Friday,22,3,18,7,5
Space Shuttle Discovery | STS-116,NASA,Space Shuttle Discovery,Launch Successful,2006-12-10 00:47:00+00:00,"LC-39B, Kennedy Space Center, Florida, USA",Unknown,2006,12,10,Sunday,0,35,279,7,35
Delta II 7920-10C | NROL-21,ULA,Delta II 7920-10C,Launch Successful,2006-12-14 21:00:00+00:00,"SLC-2W, Vandenberg AFB, California, USA",Military,2006,12,14,Thursday,21,47,98,4,63
Minotaur I | TacSat-2 & GeneSat-1,Northrop,Minotaur I,Launch Successful,2006-12-16 12:00:00+00:00,"LP-0B, Wallops Flight Facility, Virginia, USA",Unknown,2006,12,16,Saturday,12,36,191,7,44
H-IIA 204 | Kiku 8,MHI,H-IIA 204,Launch Successful,2006-12-18 06:32:00+00:00,"LA-Y1, Tanegashima Space Center, Japan",Unknown,2006,12,18,Monday,6,32,147,7,17
Cosmos-3M (11K65M) | SAR-Lupe 1,VKS RF,Cosmos-3M (11K65M),Launch Successful,2006-12-19 14:00:00+00:00,"Site 132/1, Plesetsk Cosmodrome, Russia",Unknown,2006,12,19,Tuesday,14,51,81,7,88
PSLV-G | Cartosat-2 & SRE-1 & Rideshares,ISRO,PSLV-G,Launch Successful,2007-01-10 03:54:00+00:00,"First Launch Pad, Satish Dhawan Space Centre, India",Unknown,2007,1,10,Wednesday,3,23,218,7,9
Zenit-3 SL | NSS-8,Sea Launch,Zenit-3 SL,Launch Failure,2007-01-30 23:21:00+00:00,"LP Odyssey, Kiritimati Launch Area, Pacific Ocean",Unknown,2007,1,30,Tuesday,23,44,337,7,42
Long March 3A | Beidou-1D,CASC,Long March 3A,Launch Successful,2007-02-02 16:28:00+00:00,"LC-2, Xichang Satellite Launch Center, China",Unknown,2007,2,2,Friday,16,7,173,7,29
Delta II 7925-10C | THEMIS,ULA,Delta II 7925-10C,Launch Successful,2007-02-17 23:01:00+00:00,"SLC-17B, Cape Canaveral AFS, Florida, USA",Unknown,2007,2,17,Saturday,23,47,105,7,58
"H-IIA 2024 | IGS-Optical 3V, IGS-Radar 2",MHI,H-IIA 2024,Launch Successful,2007-02-24 04:41:00+00:00,"LA-Y1, Tanegashima Space Center, Japan",Unknown,2007,2,24,Saturday,4,32,146,7,17
"Atlas V 401 | STP-1, FalconSat-3",ULA,Atlas V 401,Launch Successful,2007-03-09 03:10:00+00:00,"SLC-41, Cape Canaveral AFS, Florida, USA",Unknown,2007,3,9,Friday,3,47,32,7,70
Ariane 5 ECA | Skynet 5A & INSAT-4B,Arianespace,Ariane 5 ECA,Launch Successful,2007-03-11 22:03:00+00:00,"ELA-3, Guiana Space Centre, French Guiana, France",Unknown,2007,3,11,Sunday,22,3,18,7,5
Falcon 1 | DemoSat,SpaceX,Falcon 1,Launch Failure,2007-03-21 01:10:00+00:00,"Omelek Island, Ronald Reagan Ballistic Missile Defense Test Site, Marshall Islands, USA",Unknown,2007,3,21,Wednesday,1,45,128,7,51
Long March 2C | Haiyang-1B,CASC,Long March 2C,Launch Successful,2007-04-11 03:27:00+00:00,"LC-7, Taiyuan Satellite Launch Center, China",Unknown,2007,4,11,Wednesday,3,7,164,7,40
Long March 3A | Compass-M1,CASC,Long March 3A,Launch Successful,2007-04-13 20:11:00+00:00,"LC-2, Xichang Satellite Launch Center, China",Unknown,2007,4,13,Friday,20,7,173,7,29
Dnepr | EgyptSat 1 & Others,Kosmotras,Dnepr,Launch Successful,2007-04-17 06:46:00+00:00,"Site 109/95, Baikonur Cosmodrome, Kazakhstan",Unknown,2007,4,17,Tuesday,6,28,118,7,85
PSLV-CA | AGILE & AAM,ISRO,PSLV-CA,Launch Successful,2007-04-23 10:00:00+00:00,"Second Launch Pad, Satish Dhawan Space Centre, India",Unknown,2007,4,23,Monday,10,23,216,7,82
Minotaur I | NFIRE,Northrop,Minotaur I,Launch Successful,2007-04-24 06:48:00+00:00,"LP-0B, Wallops Flight Facility, Virginia, USA",Unknown,2007,4,24,Tuesday,6,36,191,7,44
Pegasus XL | AIM,Northrop,Pegasus XL,Launch Successful,2007-04-25 20:26:00+00:00,"Stargazer, Vandenberg AFB, California, USA",Unknown,2007,4,25,Wednesday,20,36,222,7,124
Ariane 5 ECA | Astra 1L & Galaxy 17,Arianespace,Ariane 5 ECA,Launch Successful,2007-05-04 22:29:00+00:00,"ELA-3, Guiana Space Centre, French Guiana, France",Unknown,2007,5,4,Friday,22,3,18,7,5
Long March 3B/E | NIGCOMSAT-1,CASC,Long March 3B/E,Launch Successful,2007-05-13 16:01:00+00:00,"LC-2, Xichang Satellite Launch Center, China",Unknown,2007,5,13,Sunday,16,7,175,7,29
Long March 2D | Yaogan 2 & ZDPS-1,CASC,Long March 2D,Launch Successful,2007-05-25 07:12:00+00:00,"Site 9401 (SLS-2), Jiuquan Satellite Launch Center, China",Unknown,2007,5,25,Friday,7,7,166,7,119
Long March 3A | SinoSat 3,CASC,Long March 3A,Launch Successful,2007-05-31 16:08:00+00:00,"LC-2, Xichang Satellite Launch Center, China",Unknown,2007,5,31,Thursday,16,7,173,7,29
Delta II 7420-10C | COSMO-SkyMed,ULA,Delta II 7420-10C,Launch Successful,2007-06-08 02:34:00+00:00,"SLC-2W, Vandenberg AFB, California, USA",Unknown,2007,6,8,Friday,2,47,93,7,63
Space Shuttle Atlantis | STS-117,NASA,Space Shuttle Atlantis,Launch Successful,2007-06-08 23:38:00+00:00,"LC-39A, Kennedy Space Center, Florida, USA",Unknown,2007,6,8,Friday,23,35,276,7,34
Dnepr | TerraSAR-X,Kosmotras,Dnepr,Launch Successful,2007-06-15 02:14:00+00:00,"Site 109/95, Baikonur Cosmodrome, Kazakhstan",Unknown,2007,6,15,Friday,2,28,118,7,85
Atlas V 401 | NROL-30 & NOSS-3,ULA,Atlas V 401,Partial Failure,2007-06-15 15:11:00+00:00,"SLC-41, Cape Canaveral AFS, Florida, USA",Military,2007,6,15,Friday,15,47,32,4,70
Dnepr | Genesis 2,Kosmotras,Dnepr,Launch Successful,2007-06-28 15:02:00+00:00,"Site 370/13, Yasny Cosmodrome, Russia",Unknown,2007,6,28,Thursday,15,28,118,7,105
Zenit-2 | Cosmos 2428,VKS RF,Zenit-2,Launch Successful,2007-06-29 10:00:00+00:00,"Site 45/1, Baikonur Cosmodrome, Kazakhstan",Unknown,2007,6,29,Friday,10,51,335,7,110
Cosmos-3M (11K65M) | SAR-Lupe 2,VKS RF,Cosmos-3M (11K65M),Launch Successful,2007-07-02 19:38:00+00:00,"Site 132/1, Plesetsk Cosmodrome, Russia",Unknown,2007,7,2,Monday,19,51,81,7,88
Long March 3B | Chinasat-6B,CASC,Long March 3B,Launch Successful,2007-07-05 20:08:00+00:00,"LC-2, Xichang Satellite Launch Center, China",Unknown,2007,7,5,Thursday,20,7,174,7,29
Delta II 7925 | Phoenix,ULA,Delta II 7925,Launch Successful,2007-08-04 09:26:00+00:00,"SLC-17A, Cape Canaveral AFS, Florida, USA",Unknown,2007,8,4,Saturday,9,47,103,7,57
Space Shuttle Endeavour | STS-118,NASA,Space Shuttle Endeavour,Launch Successful,2007-08-08 22:36:00+00:00,"LC-39A, Kennedy Space Center, Florida, USA",Unknown,2007,8,8,Wednesday,22,35,280,7,34
Ariane 5 ECA | Spaceway-3 & BSat-3A,Arianespace,Ariane 5 ECA,Launch Successful,2007-08-14 23:44:00+00:00,"ELA-3, Guiana Space Centre, French Guiana, France",Unknown,2007,8,14,Tuesday,23,3,18,7,5
GSLV Mk I | INSAT-4CR,ISRO,GSLV Mk I,Partial Failure,2007-09-02 12:51:00+00:00,"Second Launch Pad, Satish Dhawan Space Centre, India",Unknown,2007,9,2,Sunday,12,23,136,7,82
Cosmos-3M (11K65M) | Cosmos 2429,VKS RF,Cosmos-3M (11K65M),Launch Successful,2007-09-11 13:05:00+00:00,"Site 132/1, Plesetsk Cosmodrome, Russia",Unknown,2007,9,11,Tuesday,13,51,81,7,88
H-IIA 2022 | SELENE,MHI,H-IIA 2022,Launch Successful,2007-09-14 01:31:00+00:00,"LA-Y1, Tanegashima Space Center, Japan",Unknown,2007,9,14,Friday,1,32,145,7,17
Delta II 7920-10C | DigitalGlobe WorldView-1,ULA,Delta II 7920-10C,Launch Successful,2007-09-18 18:35:00+00:00,"SLC-2W, Vandenberg AFB, California, USA",Unknown,2007,9,18,Tuesday,18,47,98,7,63
Long March 4B | CBERS-2B,CASC,Long March 4B,Launch Successful,2007-09-19 03:26:00+00:00,"LC-7, Taiyuan Satellite Launch Center, China",Unknown,2007,9,19,Wednesday,3,7,181,7,40
Delta II 7925H | Dawn,ULA,Delta II 7925H,Launch Successful,2007-09-27 11:34:00+00:00,"SLC-17B, Cape Canaveral AFS, Florida, USA",Unknown,2007,9,27,Thursday,11,47,108,7,58
Ariane 5 GS | Intelsat 11 & Optus D2,Arianespace,Ariane 5 GS,Launch Successful,2007-10-05 22:02:00+00:00,"ELA-3, Guiana Space Centre, French Guiana, France",Unknown,2007,10,5,Friday,22,3,22,7,5
Atlas V 421 | WSG-1,ULA,Atlas V 421,Launch Successful,2007-10-11 00:22:00+00:00,"SLC-41, Cape Canaveral AFS, Florida, USA",Unknown,2007,10,11,Thursday,0,47,34,7,70
Delta II 7925 | GPS IIRM-4,ULA,Delta II 7925,Launch Successful,2007-10-17 12:23:00+00:00,"SLC-17A, Cape Canaveral AFS, Florida, USA",Navigation,2007,10,17,Wednesday,12,47,103,5,57
Space Shuttle Discovery | STS-120,NASA,Space Shuttle Discovery,Launch Successful,2007-10-23 03:38:00+00:00,"LC-39A, Kennedy Space Center, Florida, USA",Unknown,2007,10,23,Tuesday,3,35,279,7,34
Molniya-M /Block 2BL | Cosmos 2430,VKS RF,Molniya-M /Block 2BL,Launch Successful,2007-10-23 04:39:00+00:00,"Site 16/2, Plesetsk Cosmodrome, Russia",Unknown,2007,10,23,Tuesday,4,51,195,7,93
Long March 3B | Chang'e 1,CASC,Long March 3B,Launch Successful,2007-10-24 10:05:00+00:00,"LC-3, Xichang Satellite Launch Center, China",Unknown,2007,10,24,Wednesday,10,7,174,7,32
Cosmos-3M (11K65M) | SAR-Lupe 3,VKS RF,Cosmos-3M (11K65M),Launch Successful,2007-11-01 00:51:00+00:00,"Site 132/1, Plesetsk Cosmodrome, Russia",Unknown,2007,11,1,Thursday,0,51,81,7,88
Delta IV Heavy | DSP-23,ULA,Delta IV Heavy,Launch Successful,2007-11-11 01:50:00+00:00,"SLC-37B, Cape Canaveral AFS, Florida, USA",Unknown,2007,11,11,Sunday,1,47,110,7,66
Long March 4C | Yaogan 3,CASC,Long March 4C,Launch Successful,2007-11-11 22:48:00+00:00,"LC-7, Taiyuan Satellite Launch Center, China",Unknown,2007,11,11,Sunday,22,7,182,7,40
Ariane 5 ECA | Skynet 5B & Star One C1,Arianespace,Ariane 5 ECA,Launch Successful,2007-11-14 22:03:00+00:00,"ELA-3, Guiana Space Centre, French Guiana, France",Unknown,2007,11,14,Wednesday,22,3,18,7,5
Delta II 7420-10C | COSMO-2,ULA,Delta II 7420-10C,Launch Successful,2007-12-09 02:31:00+00:00,"SLC-2W, Vandenberg AFB, California, USA",Unknown,2007,12,9,Sunday,2,47,93,7,63
Atlas V 401 | NROL-24,ULA,Atlas V 401,Launch Successful,2007-12-10 22:05:00+00:00,"SLC-41, Cape Canaveral AFS, Florida, USA",Military,2007,12,10,Monday,22,47,32,4,70
Delta II 7925 | GPS IIRM-5,ULA,Delta II 7925,Launch Successful,2007-12-20 20:04:00+00:00,"SLC-17A, Cape Canaveral AFS, Florida, USA",Navigation,2007,12,20,Thursday,20,47,103,5,57
Ariane 5 GS | Rascom-QAF1 & Horizons-2,Arianespace,Ariane 5 GS,Launch Successful,2007-12-21 21:41:00+00:00,"ELA-3, Guiana Space Centre, French Guiana, France",Unknown,2007,12,21,Friday,21,3,22,7,5
Zenit-3 SL | Thuraya-3,Sea Launch,Zenit-3 SL,Launch Successful,2008-01-15 11:48:00+00:00,"LP Odyssey, Kiritimati Launch Area, Pacific Ocean",Unknown,2008,1,15,Tuesday,11,44,337,7,42
PSLV-CA | TecSAR,ISRO,PSLV-CA,Launch Successful,2008-01-21 03:45:00+00:00,"First Launch Pad, Satish Dhawan Space Centre, India",Unknown,2008,1,21,Monday,3,23,216,7,9
Space Shuttle Atlantis | STS-122,NASA,Space Shuttle Atlantis,Launch Successful,2008-02-07 19:45:00+00:00,"LC-39A, Kennedy Space Center, Florida, USA",Unknown,2008,2,7,Thursday,19,35,276,7,34
H-IIA 202 | Kizuna,MHI,H-IIA 202,Launch Successful,2008-02-23 08:55:00+00:00,"LA-Y1, Tanegashima Space Center, Japan",Unknown,2008,2,23,Saturday,8,32,144,7,17
Ariane 5 ES | Jules Verne ATV,Arianespace,Ariane 5 ES,Launch Successful,2008-03-09 04:03:00+00:00,"ELA-3, Guiana Space Centre, French Guiana, France",Unknown,2008,3,9,Sunday,4,3,19,7,5
Space Shuttle Endeavour | STS-123,NASA,Space Shuttle Endeavour,Launch Successful,2008-03-11 06:28:00+00:00,"LC-39A, Kennedy Space Center, Florida, USA",Unknown,2008,3,11,Tuesday,6,35,280,7,34
Atlas V 411 | NROL-28,ULA,Atlas V 411,Launch Successful,2008-03-13 10:02:00+00:00,"SLC-3E, Vandenberg AFB, California, USA",Military,2008,3,13,Thursday,10,47,33,4,67
Delta II 7925 | GPS IIRM-6,ULA,Delta II 7925,Launch Successful,2008-03-15 06:10:00+00:00,"SLC-17A, Cape Canaveral AFS, Florida, USA",Navigation,2008,3,15,Saturday,6,47,103,5,57
Zenit-3 SL | DirecTV-11,Sea Launch,Zenit-3 SL,Launch Successful,2008-03-19 22:47:00+00:00,"LP Odyssey, Kiritimati Launch Area, Pacific Ocean",Unknown,2008,3,19,Wednesday,22,44,337,7,42
Cosmos-3M (11K65M) | SAR-Lupe 4,VKS RF,Cosmos-3M (11K65M),Launch Successful,2008-03-27 17:16:00+00:00,"Site 132/1, Plesetsk Cosmodrome, Russia",Unknown,2008,3,27,Thursday,17,51,81,7,88
Atlas V 421 | ICO G1,ULA,Atlas V 421,Launch Successful,2008-04-14 20:12:00+00:00,"SLC-41, Cape Canaveral AFS, Florida, USA",Unknown,2008,4,14,Monday,20,47,34,7,70
Pegasus XL | C/NOFS,Northrop,Pegasus XL,Launch Successful,2008-04-15 17:01:00+00:00,"Stargazer, Ronald Reagan Ballistic Missile Defense Test Site, Marshall Islands, USA",Unknown,2008,4,15,Tuesday,17,36,222,7,123
Ariane 5 ECA | Star One C2 & Vinasat-1,Arianespace,Ariane 5 ECA,Launch Successful,2008-04-18 22:17:00+00:00,"ELA-3, Guiana Space Centre, French Guiana, France",Unknown,2008,4,18,Friday,22,3,18,7,5
Long March 3C | Tianlian I-01,CASC,Long March 3C,Launch Successful,2008-04-25 15:35:00+00:00,"LC-2, Xichang Satellite Launch Center, China",Unknown,2008,4,25,Friday,15,7,177,7,29
PSLV-CA | Cartosat-2A & Rideshares,ISRO,PSLV-CA,Launch Successful,2008-04-28 03:53:00+00:00,"Second Launch Pad, Satish Dhawan Space Centre, India",Unknown,2008,4,28,Monday,3,23,216,7,82
Zenit-3 SLB | AMOS 3,Land Launch,Zenit-3 SLB,Partial Failure,2008-04-28 05:00:00+00:00,"Site 45/1, Baikonur Cosmodrome, Kazakhstan",Unknown,2008,4,28,Monday,5,29,338,7,110
Zenit-3 SL | Galaxy 18,Sea Launch,Zenit-3 SL,Launch Successful,2008-05-21 09:42:00+00:00,"LP Odyssey, Kiritimati Launch Area, Pacific Ocean",Unknown,2008,5,21,Wednesday,9,44,337,7,42
"Rokot/Briz KM | Cosmos 2437 to 2439, Youbilielnyi",VKS RF,Rokot/Briz KM,Launch Successful,2008-05-23 15:20:00+00:00,"Site 133/3, Plesetsk Cosmodrome, Russia",Unknown,2008,5,23,Friday,15,51,234,7,90
Long March 4C | Fengyun-3A,CASC,Long March 4C,Launch Successful,2008-05-27 03:02:00+00:00,"LC-7, Taiyuan Satellite Launch Center, China",Unknown,2008,5,27,Tuesday,3,7,182,7,40
Space Shuttle Discovery | STS-124,NASA,Space Shuttle Discovery,Launch Successful,2008-05-31 21:02:00+00:00,"LC-39A, Kennedy Space Center, Florida, USA",Unknown,2008,5,31,Saturday,21,35,279,7,34
Long March 3B | ChinaSat 9,CASC,Long March 3B,Launch Successful,2008-06-09 12:15:00+00:00,"LC-2, Xichang Satellite Launch Center, China",Unknown,2008,6,9,Monday,12,7,174,7,29
Delta II 7920H-10C | GLAST,ULA,Delta II 7920H-10C,Launch Successful,2008-06-11 16:05:00+00:00,"SLC-17B, Cape Canaveral AFS, Florida, USA",Unknown,2008,6,11,Wednesday,16,47,102,7,58
Ariane 5 ECA | Skynet 5C & Turksat 3A,Arianespace,Ariane 5 ECA,Launch Successful,2008-06-12 22:05:00+00:00,"ELA-3, Guiana Space Centre, French Guiana, France",Unknown,2008,6,12,Thursday,22,3,18,7,5
Cosmos-3M (11K65M) | Orbcomm Satellites,VKS RF,Cosmos-3M (11K65M),Launch Successful,2008-06-19 06:36:00+00:00,"Site 132/1, Plesetsk Cosmodrome, Russia",Unknown,2008,6,19,Thursday,6,51,81,7,88
Delta II 7320-10C | Jason-2,ULA,Delta II 7320-10C,Launch Successful,2008-06-20 07:46:00+00:00,"SLC-2W, Vandenberg AFB, California, USA",Unknown,2008,6,20,Friday,7,47,91,7,63
Ariane 5 ECA | ProtoStar-1 & Badr-6,Arianespace,Ariane 5 ECA,Launch Successful,2008-07-07 21:47:00+00:00,"ELA-3, Guiana Space Centre, French Guiana, France",Unknown,2008,7,7,Monday,21,3,18,7,5
Zenit-3 SL | EchoStar XI,Sea Launch,Zenit-3 SL,Launch Successful,2008-07-16 05:20:00+00:00,"LP Odyssey, Kiritimati Launch Area, Pacific Ocean",Unknown,2008,7,16,Wednesday,5,44,337,7,42
Cosmos-3M (11K65M) | SAR-Lupe 5,VKS RF,Cosmos-3M (11K65M),Launch Successful,2008-07-22 02:40:00+00:00,"Site 132/1, Plesetsk Cosmodrome, Russia",Unknown,2008,7,22,Tuesday,2,51,81,7,88
Falcon 1 | Flight 3,SpaceX,Falcon 1,Launch Failure,2008-08-03 03:34:00+00:00,"Omelek Island, Ronald Reagan Ballistic Missile Defense Test Site, Marshall Islands, USA",Unknown,2008,8,3,Sunday,3,45,128,7,51
Ariane 5 ECA | Superbird-7 & AMC-21,Arianespace,Ariane 5 ECA,Launch Successful,2008-08-14 20:44:00+00:00,"ELA-3, Guiana Space Centre, French Guiana, France",Unknown,2008,8,14,Thursday,20,3,18,7,5
Dnepr | RapidEye 1 to 5,Kosmotras,Dnepr,Launch Successful,2008-08-29 07:15:00+00:00,"Site 109/95, Baikonur Cosmodrome, Kazakhstan",Unknown,2008,8,29,Friday,7,28,118,7,85
Long March 2C/SMA | Huanjing-1A & 1B,CASC,Long March 2C/SMA,Launch Successful,2008-09-06 03:25:00+00:00,"LC-7, Taiyuan Satellite Launch Center, China",Unknown,2008,9,6,Saturday,3,7,165,7,40
Delta II 7420-10C | GeoEye-1,ULA,Delta II 7420-10C,Launch Successful,2008-09-06 18:50:00+00:00,"SLC-2W, Vandenberg AFB, California, USA",Unknown,2008,9,6,Saturday,18,47,93,7,63
Zenit-3 SL | Galaxy 19,Sea Launch,Zenit-3 SL,Launch Successful,2008-09-24 09:27:00+00:00,"LP Odyssey, Kiritimati Launch Area, Pacific Ocean",Unknown,2008,9,24,Wednesday,9,44,337,7,42
Long March 2F/G | Shenzhou 7,CASC,Long March 2F/G,Launch Successful,2008-09-28 13:10:00+00:00,"Site 901 (SLS-1), Jiuquan Satellite Launch Center, China",Unknown,2008,9,28,Sunday,13,7,170,7,118
Falcon 1 | RatSat,SpaceX,Falcon 1,Launch Successful,2008-09-28 23:15:00+00:00,"Omelek Island, Ronald Reagan Ballistic Missile Defense Test Site, Marshall Islands, USA",Unknown,2008,9,28,Sunday,23,45,128,7,51
Dnepr | THEOS 1,Kosmotras,Dnepr,Launch Successful,2008-10-01 06:37:00+00:00,"Site 370/13, Yasny Cosmodrome, Russia",Unknown,2008,10,1,Wednesday,6,28,118,7,105
Pegasus XL | IBEX,Northrop,Pegasus XL,Launch Successful,2008-10-19 17:47:00+00:00,"Stargazer, Ronald Reagan Ballistic Missile Defense Test Site, Marshall Islands, USA",Unknown,2008,10,19,Sunday,17,36,222,7,123
PSLV-XL | Chandrayaan-1,ISRO,PSLV-XL,Launch Successful,2008-10-22 00:52:00+00:00,"Second Launch Pad, Satish Dhawan Space Centre, India",Unknown,2008,10,22,Wednesday,0,23,220,7,82
Long March 4B | Shijian-6E & F,CASC,Long March 4B,Launch Successful,2008-10-25 01:15:00+00:00,"LC-9, Taiyuan Satellite Launch Center, China",Unknown,2008,10,25,Saturday,1,7,181,7,41
Delta II 7420-10C | COSMO-3,ULA,Delta II 7420-10C,Launch Successful,2008-10-25 02:28:00+00:00,"SLC-2W, Vandenberg AFB, California, USA",Unknown,2008,10,25,Saturday,2,47,93,7,63
Long March 3B/E | VENESAT 1,CASC,Long March 3B/E,Launch Successful,2008-10-29 16:53:00+00:00,"LC-2, Xichang Satellite Launch Center, China",Unknown,2008,10,29,Wednesday,16,7,175,7,29
Long March 2D | Shiyan-3 & Chuangxin-1(02),CASC,Long March 2D,Launch Successful,2008-11-05 00:15:00+00:00,"Site 9401 (SLS-2), Jiuquan Satellite Launch Center, China",Unknown,2008,11,5,Wednesday,0,7,166,7,119
Space Shuttle Endeavour | STS-126,NASA,Space Shuttle Endeavour,Launch Successful,2008-11-15 00:55:00+00:00,"LC-39A, Kennedy Space Center, Florida, USA",Unknown,2008,11,15,Saturday,0,35,280,7,34
Molniya-M /Block 2BL | Cosmos 2446,VKS RF,Molniya-M /Block 2BL,Launch Successful,2008-12-02 04:59:00+00:00,"Site 16/2, Plesetsk Cosmodrome, Russia",Unknown,2008,12,2,Tuesday,4,51,195,7,93
Ariane 5 ECA | Hot Bird 9 & Eutelsat W2M,Arianespace,Ariane 5 ECA,Launch Successful,2008-12-20 22:35:00+00:00,"ELA-3, Guiana Space Centre, French Guiana, France",Unknown,2008,12,20,Saturday,22,3,18,7,5
Delta IV Heavy | NROL-26,ULA,Delta IV Heavy,Launch Successful,2009-01-18 02:47:00+00:00,"SLC-37B, Cape Canaveral AFS, Florida, USA",Military,2009,1,18,Sunday,2,47,110,4,66
"H-IIA 202 | Ibuki, Maido 1 & Others",MHI,H-IIA 202,Launch Successful,2009-01-23 03:54:00+00:00,"LA-Y1, Tanegashima Space Center, Japan",Unknown,2009,1,23,Friday,3,32,144,7,17
Tsyklon-3 | Koronas Foton,VKS RF,Tsyklon-3,Launch Successful,2009-01-30 13:30:00+00:00,"Site 32/2, Plesetsk Cosmodrome, Russia",Unknown,2009,1,30,Friday,13,51,323,7,103
Delta II 7320-10C | NOAA-N Prime,ULA,Delta II 7320-10C,Launch Successful,2009-02-06 10:22:00+00:00,"SLC-2W, Vandenberg AFB, California, USA",Unknown,2009,2,6,Friday,10,47,91,7,63
"Ariane 5 ECA | Hot Bird 10, NSS-9, Spirale-A & B",Arianespace,Ariane 5 ECA,Launch Successful,2009-02-12 22:09:00+00:00,"ELA-3, Guiana Space Centre, French Guiana, France",Unknown,2009,2,12,Thursday,22,3,18,7,5
Minotaur C (Taurus) | Orbiting Carbon Observatory,Northrop,Minotaur C (Taurus),Launch Failure,2009-02-24 09:55:00+00:00,"SLC-576E, Vandenberg AFB, California, USA",Unknown,2009,2,24,Tuesday,9,36,190,7,75
Zenit-3 SLB | Telstar-11N,Land Launch,Zenit-3 SLB,Launch Successful,2009-02-26 08:30:00+00:00,"Site 45/1, Baikonur Cosmodrome, Kazakhstan",Unknown,2009,2,26,Thursday,8,29,338,7,110
Delta II 7925-10L | Kepler,ULA,Delta II 7925-10L,Launch Successful,2009-03-07 03:49:00+00:00,"SLC-17B, Cape Canaveral AFS, Florida, USA",Unknown,2009,3,7,Saturday,3,47,106,7,58
Space Shuttle Discovery | STS-119,NASA,Space Shuttle Discovery,Launch Successful,2009-03-15 23:43:00+00:00,"LC-39A, Kennedy Space Center, Florida, USA",Unknown,2009,3,15,Sunday,23,35,279,7,34
Rokot/Briz KM | GOCE,Eurockot,Rokot/Briz KM,Launch Successful,2009-03-17 14:21:00+00:00,"Site 133/3, Plesetsk Cosmodrome, Russia",Unknown,2009,3,17,Tuesday,14,14,234,7,90
Delta II 7925 | GPS IIRM-7,ULA,Delta II 7925,Launch Successful,2009-03-24 08:34:00+00:00,"SLC-17A, Cape Canaveral AFS, Florida, USA",Navigation,2009,3,24,Tuesday,8,47,103,5,57
Atlas V 421 | WGS-2,ULA,Atlas V 421,Launch Successful,2009-04-04 00:31:00+00:00,"SLC-41, Cape Canaveral AFS, Florida, USA",Unknown,2009,4,4,Saturday,0,47,34,7,70
Unha-2 | Kwangmyngsng-2,KCST,Unha-2,Launch Failure,2009-04-05 02:20:00+00:00,"Pad 1, Tonghae Satellite Launching Ground, North Korea",Unknown,2009,4,5,Sunday,2,26,324,7,54
PSLV-CA | RISAT-2 & ANUSAT,ISRO,PSLV-CA,Launch Successful,2009-04-20 01:15:00+00:00,"Second Launch Pad, Satish Dhawan Space Centre, India",Unknown,2009,4,20,Monday,1,23,216,7,82
Zenit-3 SL | Sicral-1B,Sea Launch,Zenit-3 SL,Launch Successful,2009-04-20 08:15:00+00:00,"LP Odyssey, Kiritimati Launch Area, Pacific Ocean",Unknown,2009,4,20,Monday,8,44,337,7,42
Delta II 7920-10C | STSS-ATRR,ULA,Delta II 7920-10C,Launch Successful,2009-05-05 20:24:00+00:00,"SLC-2W, Vandenberg AFB, California, USA",Unknown,2009,5,5,Tuesday,20,47,98,7,63
Space Shuttle Atlantis | STS-125,NASA,Space Shuttle Atlantis,Launch Successful,2009-05-11 18:01:00+00:00,"LC-39A, Kennedy Space Center, Florida, USA",Unknown,2009,5,11,Monday,18,35,276,7,34
Ariane 5 ECA | Herschel Space Observatory & Planck,Arianespace,Ariane 5 ECA,Launch Successful,2009-05-14 13:12:00+00:00,"ELA-3, Guiana Space Centre, French Guiana, France",Unknown,2009,5,14,Thursday,13,3,18,7,5
Minotaur I | TacSat-3 / PharmaSat / AeroCube 3 / HawkSat I / CP6,Northrop,Minotaur I,Launch Successful,2009-05-19 23:55:00+00:00,"LP-0B, Wallops Flight Facility, Virginia, USA",Unknown,2009,5,19,Tuesday,23,36,191,7,44
Atlas V 421 | LRO/LCROSS,ULA,Atlas V 421,Launch Successful,2009-06-18 17:32:00+00:00,"SLC-41, Cape Canaveral AFS, Florida, USA",Unknown,2009,6,18,Thursday,17,47,34,7,70
Zenit-3 SLB | MEASAT 3a,Land Launch,Zenit-3 SLB,Launch Successful,2009-06-21 21:50:00+00:00,"Site 45/1, Baikonur Cosmodrome, Kazakhstan",Unknown,2009,6,21,Sunday,21,29,338,7,110
"Delta IV Medium+ (4,2) | GOES-O",ULA,"Delta IV Medium+ (4,2)",Launch Successful,2009-06-27 22:51:00+00:00,"SLC-37B, Cape Canaveral AFS, Florida, USA",Unknown,2009,6,27,Saturday,22,47,112,7,66
Ariane 5 ECA | TerreStar-1,Arianespace,Ariane 5 ECA,Launch Successful,2009-07-01 19:52:00+00:00,"ELA-3, Guiana Space Centre, French Guiana, France",Unknown,2009,7,1,Wednesday,19,3,18,7,5
Rokot/Briz KM | Cosmos 2451 to 2453,VKS RF,Rokot/Briz KM,Launch Successful,2009-07-06 01:26:00+00:00,"Site 133/3, Plesetsk Cosmodrome, Russia",Unknown,2009,7,6,Monday,1,51,234,7,90
Falcon 1 | RazakSat,SpaceX,Falcon 1,Launch Successful,2009-07-14 03:35:00+00:00,"Omelek Island, Ronald Reagan Ballistic Missile Defense Test Site, Marshall Islands, USA",Unknown,2009,7,14,Tuesday,3,45,128,7,51
Space Shuttle Endeavour | STS-127,NASA,Space Shuttle Endeavour,Launch Successful,2009-07-15 22:03:00+00:00,"LC-39A, Kennedy Space Center, Florida, USA",Unknown,2009,7,15,Wednesday,22,35,280,7,34
Cosmos-3M (11K65M) | Cosmos 2454,VKS RF,Cosmos-3M (11K65M),Launch Successful,2009-07-21 03:57:00+00:00,"Site 132/1, Plesetsk Cosmodrome, Russia",Unknown,2009,7,21,Tuesday,3,51,81,7,88
Dnepr | DubaiSat 1 & Others,Kosmotras,Dnepr,Launch Successful,2009-07-29 18:46:00+00:00,"Site 109/95, Baikonur Cosmodrome, Kazakhstan",Unknown,2009,7,29,Wednesday,18,28,118,7,85
Delta II 7925 | GPS IIRM-8,ULA,Delta II 7925,Launch Successful,2009-08-17 10:35:00+00:00,"SLC-17A, Cape Canaveral AFS, Florida, USA",Navigation,2009,8,17,Monday,10,47,103,5,57
Ariane 5 ECA | JCSAT-12 & Optus D3,Arianespace,Ariane 5 ECA,Launch Successful,2009-08-21 22:09:00+00:00,"ELA-3, Guiana Space Centre, French Guiana, France",Unknown,2009,8,21,Friday,22,3,18,7,5
Naro-1 | STSAT-2A,KARI,Naro-1,Launch Failure,2009-08-25 08:00:00+00:00,"LC-1, Naro Space Center, South Korea",Unknown,2009,8,25,Tuesday,8,25,213,7,19
Space Shuttle Discovery | STS-128,NASA,Space Shuttle Discovery,Launch Successful,2009-08-28 03:59:00+00:00,"LC-39A, Kennedy Space Center, Florida, USA",Unknown,2009,8,28,Friday,3,35,279,7,34
Atlas V 401 | PAN,ULA,Atlas V 401,Launch Successful,2009-09-08 21:35:00+00:00,"SLC-41, Cape Canaveral AFS, Florida, USA",Unknown,2009,9,8,Tuesday,21,47,32,7,70
H-IIB | HTV-1,MHI,H-IIB,Launch Successful,2009-09-10 17:01:00+00:00,"LA-Y2, Tanegashima Space Center, Japan",Unknown,2009,9,10,Thursday,17,32,148,7,18
PSLV-CA | Oceansat-2 & Rideshares,ISRO,PSLV-CA,Launch Successful,2009-09-23 06:21:00+00:00,"First Launch Pad, Satish Dhawan Space Centre, India",Unknown,2009,9,23,Wednesday,6,23,216,7,9
Delta II 7920-10C | STSS Demo,ULA,Delta II 7920-10C,Launch Successful,2009-09-25 12:20:00+00:00,"SLC-17B, Cape Canaveral AFS, Florida, USA",Unknown,2009,9,25,Friday,12,47,98,7,58
Ariane 5 ECA | Amazonas 2 & COMSATBw-1,Arianespace,Ariane 5 ECA,Launch Successful,2009-10-01 21:59:00+00:00,"ELA-3, Guiana Space Centre, French Guiana, France",Unknown,2009,10,1,Thursday,21,3,18,7,5
Delta II 7920-10C | WorldView-2,ULA,Delta II 7920-10C,Launch Successful,2009-10-08 18:51:00+00:00,"SLC-2W, Vandenberg AFB, California, USA",Unknown,2009,10,8,Thursday,18,47,98,7,63
Atlas V 401 | DMSP-5D3-F18,ULA,Atlas V 401,Launch Successful,2009-10-18 16:12:00+00:00,"SLC-3E, Vandenberg AFB, California, USA",Unknown,2009,10,18,Sunday,16,47,32,7,67
Ares 1-X | Ares 1-X Test Flight,NASA,Ares 1-X,Launch Successful,2009-10-28 15:30:00+00:00,"LC-39B, Kennedy Space Center, Florida, USA",Unknown,2009,10,28,Wednesday,15,35,8,7,35
Ariane 5 ECA | NSS-12 & Thor-6,Arianespace,Ariane 5 ECA,Launch Successful,2009-10-29 20:00:00+00:00,"ELA-3, Guiana Space Centre, French Guiana, France",Unknown,2009,10,29,Thursday,20,3,18,7,5
Rokot/Briz KM | SMOS and Proba-2,Eurockot,Rokot/Briz KM,Launch Successful,2009-11-02 01:50:00+00:00,"Site 133/3, Plesetsk Cosmodrome, Russia",Unknown,2009,11,2,Monday,1,14,234,7,90
Space Shuttle Atlantis | STS-129,NASA,Space Shuttle Atlantis,Launch Successful,2009-11-16 19:28:00+00:00,"LC-39A, Kennedy Space Center, Florida, USA",Unknown,2009,11,16,Monday,19,35,276,7,34
Atlas V 431 | Intersat 14,ULA,Atlas V 431,Launch Successful,2009-11-23 06:55:00+00:00,"SLC-41, Cape Canaveral AFS, Florida, USA",Unknown,2009,11,23,Monday,6,47,35,7,70
H-IIA 202 | IGS-Optical 3,MHI,H-IIA 202,Launch Successful,2009-11-28 01:21:00+00:00,"LA-Y1, Tanegashima Space Center, Japan",Unknown,2009,11,28,Saturday,1,32,144,7,17
Zenit-3 SLB | Intelsat 15,Land Launch,Zenit-3 SLB,Launch Successful,2009-11-30 21:00:00+00:00,"Site 45/1, Baikonur Cosmodrome, Kazakhstan",Unknown,2009,11,30,Monday,21,29,338,7,110
"Delta IV Medium+ (5,4) | WGS-3",ULA,"Delta IV Medium+ (5,4)",Launch Successful,2009-12-06 01:47:00+00:00,"SLC-37B, Cape Canaveral AFS, Florida, USA",Unknown,2009,12,6,Sunday,1,47,114,7,66
Delta II 7320-10C | WISE,ULA,Delta II 7320-10C,Launch Successful,2009-12-14 14:09:00+00:00,"SLC-2W, Vandenberg AFB, California, USA",Unknown,2009,12,14,Monday,14,47,91,7,63
Ariane 5 GS | Helios 2B,Arianespace,Ariane 5 GS,Launch Successful,2009-12-18 16:26:00+00:00,"ELA-3, Guiana Space Centre, French Guiana, France",Unknown,2009,12,18,Friday,16,3,22,7,5
Soyuz U | Soyuz-U,Roscosmos,Soyuz U,Launch Successful,2010-02-03 03:45:00+00:00,"Site 1/5, Baikonur Cosmodrome, Kazakhstan",Unknown,2010,2,3,Wednesday,3,42,275,7,83
Space Shuttle Endeavour | STS-130,NASA,Space Shuttle Endeavour,Launch Successful,2010-02-08 09:14:00+00:00,"LC-39A, Kennedy Space Center, Florida, USA",Unknown,2010,2,8,Monday,9,35,280,7,34
Atlas V 401 | SDO,ULA,Atlas V 401,Launch Successful,2010-02-11 15:23:00+00:00,"SLC-41, Cape Canaveral AFS, Florida, USA",Unknown,2010,2,11,Thursday,15,47,32,7,70
"Delta IV Medium+ (4,2) | GOES 15",ULA,"Delta IV Medium+ (4,2)",Launch Successful,2010-03-04 23:57:00+00:00,"SLC-37B, Cape Canaveral AFS, Florida, USA",Unknown,2010,3,4,Thursday,23,47,112,7,66
Soyuz FG | Soyuz TMA-18,Roscosmos,Soyuz FG,Launch Successful,2010-04-02 04:04:00+00:00,"Site 1/5, Baikonur Cosmodrome, Kazakhstan",Unknown,2010,4,2,Friday,4,42,267,7,83
Space Shuttle Discovery | STS-131,NASA,Space Shuttle Discovery,Launch Successful,2010-04-05 10:21:00+00:00,"LC-39A, Kennedy Space Center, Florida, USA",Unknown,2010,4,5,Monday,10,35,279,7,34
Dnepr | CryoSat-2,Kosmotras,Dnepr,Launch Successful,2010-04-08 13:57:00+00:00,"Site 109/95, Baikonur Cosmodrome, Kazakhstan",Unknown,2010,4,8,Thursday,13,28,118,7,85
GSLV Mk II | GSAT-4,ISRO,GSLV Mk II,Launch Failure,2010-04-15 10:57:00+00:00,"Second Launch Pad, Satish Dhawan Space Centre, India",Unknown,2010,4,15,Thursday,10,23,137,7,82
Atlas V 501 | OTV-1,ULA,Atlas V 501,Launch Successful,2010-04-22 23:52:00+00:00,"SLC-41, Cape Canaveral AFS, Florida, USA",Unknown,2010,4,22,Thursday,23,47,36,7,70
Cosmos-3M (11K65M) | Cosmos 2463,VKS RF,Cosmos-3M (11K65M),Launch Successful,2010-04-27 01:05:00+00:00,"Site 132/1, Plesetsk Cosmodrome, Russia",Unknown,2010,4,27,Tuesday,1,51,81,7,88
Soyuz U | Progress M-05M,Roscosmos,Soyuz U,Launch Successful,2010-04-28 17:15:00+00:00,"Site 1/5, Baikonur Cosmodrome, Kazakhstan",Unknown,2010,4,28,Wednesday,17,42,275,7,83
"H-IIA 202 | Akatsuki, IKAROS & Others",MHI,H-IIA 202,Launch Successful,2010-05-10 21:58:00+00:00,"LA-Y1, Tanegashima Space Center, Japan",Unknown,2010,5,10,Monday,21,32,144,7,17
Space Shuttle Atlantis | STS-132,NASA,Space Shuttle Atlantis,Launch Successful,2010-05-14 18:20:00+00:00,"LC-39A, Kennedy Space Center, Florida, USA",Unknown,2010,5,14,Friday,18,35,276,7,34
Ariane 5 ECA | Astra 3B  & COMSATBw-2,Arianespace,Ariane 5 ECA,Launch Successful,2010-05-21 22:01:00+00:00,"ELA-3, Guiana Space Centre, French Guiana, France",Unknown,2010,5,21,Friday,22,3,18,7,5
"Delta IV Medium+ (4,2) | GPS IIF-1",ULA,"Delta IV Medium+ (4,2)",Launch Successful,2010-05-28 03:00:00+00:00,"SLC-37B, Cape Canaveral AFS, Florida, USA",Navigation,2010,5,28,Friday,3,47,112,5,66
Rokot/Briz KM | SERVIS-2,Eurockot,Rokot/Briz KM,Launch Successful,2010-06-02 01:59:00+00:00,"Site 133/3, Plesetsk Cosmodrome, Russia",Unknown,2010,6,2,Wednesday,1,14,234,7,90
Falcon 9 v1.0 | Flight 1,SpaceX,Falcon 9 v1.0,Launch Successful,2010-06-04 18:45:00+00:00,"SLC-40, Cape Canaveral AFS, Florida, USA",Unknown,2010,6,4,Friday,18,45,132,7,69
Naro-1 | STSAT-2B,KARI,Naro-1,Launch Failure,2010-06-10 08:01:00+00:00,"LC-1, Naro Space Center, South Korea",Unknown,2010,6,10,Thursday,8,25,213,7,19
Dnepr | Picard & Others,Kosmotras,Dnepr,Launch Successful,2010-06-15 14:42:00+00:00,"Site 370/13, Yasny Cosmodrome, Russia",Unknown,2010,6,15,Tuesday,14,28,118,7,105
Dnepr | TanDEM-X,Kosmotras,Dnepr,Launch Successful,2010-06-21 02:14:00+00:00,"Site 109/95, Baikonur Cosmodrome, Kazakhstan",Unknown,2010,6,21,Monday,2,28,118,7,85
"Ariane 5 ECA | Arabsat-5A, COMS-1",Arianespace,Ariane 5 ECA,Launch Successful,2010-06-26 21:41:00+00:00,"ELA-3, Guiana Space Centre, French Guiana, France",Unknown,2010,6,26,Saturday,21,3,18,7,5
PSLV-CA | Cartosat-2B & Rideshares,ISRO,PSLV-CA,Launch Successful,2010-07-12 03:52:00+00:00,"First Launch Pad, Satish Dhawan Space Centre, India",Unknown,2010,7,12,Monday,3,23,216,7,9
"Ariane 5 ECA | Nilesat-201, Rascom-QAF 1R",Arianespace,Ariane 5 ECA,Launch Successful,2010-08-04 20:45:00+00:00,"ELA-3, Guiana Space Centre, French Guiana, France",Unknown,2010,8,4,Wednesday,20,3,18,7,5
Atlas V 531 | AEHF-1,ULA,Atlas V 531,Launch Successful,2010-08-14 11:07:00+00:00,"SLC-41, Cape Canaveral AFS, Florida, USA",Unknown,2010,8,14,Saturday,11,47,38,7,70
"Rokot/Briz KM | Cosmos 2467, 2468 and Goniets-M 12",VKS RF,Rokot/Briz KM,Launch Successful,2010-09-08 03:30:00+00:00,"Site 133/3, Plesetsk Cosmodrome, Russia",Unknown,2010,9,8,Wednesday,3,51,234,7,90
Atlas V 501 | NROL-41,ULA,Atlas V 501,Launch Successful,2010-09-21 04:03:00+00:00,"SLC-3E, Vandenberg AFB, California, USA",Military,2010,9,21,Tuesday,4,47,36,4,67
Minotaur IV | SBSS,Northrop,Minotaur IV,Launch Successful,2010-09-26 04:41:00+00:00,"SLC-8, Vandenberg AFB, California, USA",Unknown,2010,9,26,Sunday,4,36,192,7,77
Molniya-M /Block 2BL | Cosmos 2469,VKS RF,Molniya-M /Block 2BL,Launch Successful,2010-09-30 17:01:00+00:00,"Site 16/2, Plesetsk Cosmodrome, Russia",Unknown,2010,9,30,Thursday,17,51,195,7,93
"Ariane 5 ECA | Eutelsat W3B, BSAT-3B",Arianespace,Ariane 5 ECA,Launch Successful,2010-10-28 23:51:00+00:00,"ELA-3, Guiana Space Centre, French Guiana, France",Unknown,2010,10,28,Thursday,23,3,18,7,5
Delta II 7420-10C | COSMO-4,ULA,Delta II 7420-10C,Launch Successful,2010-11-06 02:20:00+00:00,"SLC-2W, Vandenberg AFB, California, USA",Unknown,2010,11,6,Saturday,2,47,93,7,63
Minotaur IV | STP-S26,Northrop,Minotaur IV,Launch Successful,2010-11-20 01:25:00+00:00,"LP-1, Pacific Spaceport Complex, Alaska, USA",Unknown,2010,11,20,Saturday,1,36,192,7,45
Delta IV Heavy | NROL-32,ULA,Delta IV Heavy,Launch Successful,2010-11-21 22:58:00+00:00,"SLC-37B, Cape Canaveral AFS, Florida, USA",Military,2010,11,21,Sunday,22,47,110,4,66
"Ariane 5 ECA | Intelsat 17, HYLAS-1",Arianespace,Ariane 5 ECA,Launch Successful,2010-11-26 18:39:00+00:00,"ELA-3, Guiana Space Centre, French Guiana, France",Unknown,2010,11,26,Friday,18,3,18,7,5
Falcon 9 v1.0 | COTS-1,SpaceX,Falcon 9 v1.0,Launch Successful,2010-12-08 15:43:00+00:00,"SLC-40, Cape Canaveral AFS, Florida, USA",Unknown,2010,12,8,Wednesday,15,45,132,7,69
GSLV Mk I | GSAT-5P,ISRO,GSLV Mk I,Launch Failure,2010-12-25 10:34:00+00:00,"Second Launch Pad, Satish Dhawan Space Centre, India",Unknown,2010,12,25,Saturday,10,23,136,7,82
"Ariane 5 ECA | Koreasat 6, Hispasat-1E",Arianespace,Ariane 5 ECA,Launch Successful,2010-12-29 21:27:00+00:00,"ELA-3, Guiana Space Centre, French Guiana, France",Unknown,2010,12,29,Wednesday,21,3,18,7,5
Zenit-3 SLBF | Elektro-L n†­1,Roscosmos,Zenit-3 SLBF,Launch Successful,2011-01-20 12:29:00+00:00,"Site 45/1, Baikonur Cosmodrome, Kazakhstan",Unknown,2011,1,20,Thursday,12,42,339,7,110
Delta IV Heavy | NROL-49,ULA,Delta IV Heavy,Launch Successful,2011-01-20 21:10:00+00:00,"SLC-6, Vandenberg AFB, California, USA",Military,2011,1,20,Thursday,21,47,110,4,76
H-IIB | HTV-2,MHI,H-IIB,Launch Successful,2011-01-22 05:37:00+00:00,"LA-Y2, Tanegashima Space Center, Japan",Unknown,2011,1,22,Saturday,5,32,148,7,18
Rokot/Briz KM | Cosmos 2470,VKS RF,Rokot/Briz KM,Partial Failure,2011-02-01 14:00:00+00:00,"Site 133/3, Plesetsk Cosmodrome, Russia",Unknown,2011,2,1,Tuesday,14,51,234,7,90
Minotaur I | NROL-66,Northrop,Minotaur I,Launch Successful,2011-02-06 12:26:00+00:00,"SLC-8, Vandenberg AFB, California, USA",Military,2011,2,6,Sunday,12,36,191,4,77
Ariane 5 ES | Johannes Kepler ATV,Arianespace,Ariane 5 ES,Launch Successful,2011-02-15 22:13:00+00:00,"ELA-3, Guiana Space Centre, French Guiana, France",Unknown,2011,2,15,Tuesday,22,3,19,7,5
Space Shuttle Discovery | STS-133,NASA,Space Shuttle Discovery,Launch Successful,2011-02-24 21:53:00+00:00,"LC-39A, Kennedy Space Center, Florida, USA",Unknown,2011,2,24,Thursday,21,35,279,7,34
"Minotaur C (Taurus) | Glory, KySat-1, Hermes, and Explorer-1 [PRIME]",Northrop,Minotaur C (Taurus),Launch Failure,2011-03-04 10:09:00+00:00,"SLC-576E, Vandenberg AFB, California, USA",Unknown,2011,3,4,Friday,10,36,190,7,75
Atlas V 501 | OTV-2,ULA,Atlas V 501,Launch Successful,2011-03-05 22:46:00+00:00,"SLC-41, Cape Canaveral AFS, Florida, USA",Unknown,2011,3,5,Saturday,22,47,36,7,70
"Delta IV Medium+ (4,2) | NROL-27",ULA,"Delta IV Medium+ (4,2)",Launch Successful,2011-03-11 22:38:00+00:00,"SLC-37B, Cape Canaveral AFS, Florida, USA",Military,2011,3,11,Friday,22,47,112,4,66
Atlas V 411 | NROL-34,ULA,Atlas V 411,Launch Successful,2011-04-15 04:24:00+00:00,"SLC-3E, Vandenberg AFB, California, USA",Military,2011,4,15,Friday,4,47,33,4,67
PSLV-G | ResourceSat-2 & X-Sat & YouthSat,ISRO,PSLV-G,Launch Successful,2011-04-20 04:42:00+00:00,"First Launch Pad, Satish Dhawan Space Centre, India",Unknown,2011,4,20,Wednesday,4,23,218,7,9
"Ariane 5 ECA | Yahsat 1A, Intelsat 28 (New Dawn)",Arianespace,Ariane 5 ECA,Launch Successful,2011-04-22 21:37:00+00:00,"ELA-3, Guiana Space Centre, French Guiana, France",Unknown,2011,4,22,Friday,21,3,18,7,5
Atlas V 401 | SBIRS GEO-1,ULA,Atlas V 401,Launch Successful,2011-05-07 18:10:00+00:00,"SLC-41, Cape Canaveral AFS, Florida, USA",Unknown,2011,5,7,Saturday,18,47,32,7,70
Space Shuttle Endeavour | STS-134,NASA,Space Shuttle Endeavour,Launch Successful,2011-05-16 12:56:00+00:00,"LC-39A, Kennedy Space Center, Florida, USA",Unknown,2011,5,16,Monday,12,35,280,7,34
"Ariane 5 ECA | ST-2, GSAT-8",Arianespace,Ariane 5 ECA,Launch Successful,2011-05-20 20:38:00+00:00,"ELA-3, Guiana Space Centre, French Guiana, France",Unknown,2011,5,20,Friday,20,3,18,7,5
Delta II 7320-10C | SAC-D,ULA,Delta II 7320-10C,Launch Successful,2011-06-10 14:20:00+00:00,"SLC-2W, Vandenberg AFB, California, USA",Unknown,2011,6,10,Friday,14,47,91,7,63
Minotaur I | ORS-1,Northrop,Minotaur I,Launch Successful,2011-06-30 03:09:00+00:00,"LP-0B, Wallops Flight Facility, Virginia, USA",Unknown,2011,6,30,Thursday,3,36,191,7,44
Space Shuttle Atlantis | STS-135,NASA,Space Shuttle Atlantis,Launch Successful,2011-07-08 15:29:00+00:00,"LC-39A, Kennedy Space Center, Florida, USA",Unknown,2011,7,8,Friday,15,35,276,7,34
PSLV-XL | GSAT-12,ISRO,PSLV-XL,Launch Successful,2011-07-15 11:18:00+00:00,"Second Launch Pad, Satish Dhawan Space Centre, India",Unknown,2011,7,15,Friday,11,23,220,7,82
"Delta IV Medium+ (4,2) | GPS IIF-2",ULA,"Delta IV Medium+ (4,2)",Launch Successful,2011-07-16 06:41:00+00:00,"SLC-37B, Cape Canaveral AFS, Florida, USA",Navigation,2011,7,16,Saturday,6,47,112,5,66
Zenit-3 SLBF | Spektr-R,Roscosmos,Zenit-3 SLBF,Launch Successful,2011-07-18 02:31:00+00:00,"Site 45/1, Baikonur Cosmodrome, Kazakhstan",Unknown,2011,7,18,Monday,2,42,339,7,110
Atlas V 551 | Juno,ULA,Atlas V 551,Launch Successful,2011-08-05 16:25:00+00:00,"SLC-41, Cape Canaveral AFS, Florida, USA",Unknown,2011,8,5,Friday,16,47,40,7,70
"Ariane 5 ECA | Astra 1N, BSAT-3C (JCSAT-110R)",Arianespace,Ariane 5 ECA,Launch Successful,2011-08-06 22:52:00+00:00,"ELA-3, Guiana Space Centre, French Guiana, France",Unknown,2011,8,6,Saturday,22,3,18,7,5
Dnepr | Sich 2 & Others,Kosmotras,Dnepr,Launch Successful,2011-08-17 07:12:00+00:00,"Site 370/13, Yasny Cosmodrome, Russia",Unknown,2011,8,17,Wednesday,7,28,118,7,105
Delta II 7920H-10C | GRAIL,ULA,Delta II 7920H-10C,Launch Successful,2011-09-10 13:08:00+00:00,"SLC-17B, Cape Canaveral AFS, Florida, USA",Unknown,2011,9,10,Saturday,13,47,102,7,58
H-IIA 202 | Michibiki 1,MHI,H-IIA 202,Launch Successful,2011-09-11 11:17:00+00:00,"LA-Y1, Tanegashima Space Center, Japan",Unknown,2011,9,11,Sunday,11,32,144,7,17
"Ariane 5 ECA | Arabsat-5C, SES-2",Arianespace,Ariane 5 ECA,Launch Successful,2011-09-21 21:38:00+00:00,"ELA-3, Guiana Space Centre, French Guiana, France",Communications,2011,9,21,Wednesday,21,3,18,1,5
H-IIA 202 | IGS-Optical 4,MHI,H-IIA 202,Launch Successful,2011-09-23 04:36:00+00:00,"LA-Y1, Tanegashima Space Center, Japan",Unknown,2011,9,23,Friday,4,32,144,7,17
Zenit-3 SL | Atlantic Bird 7,Sea Launch,Zenit-3 SL,Launch Successful,2011-09-24 20:17:00+00:00,"LP Odyssey, Kiritimati Launch Area, Pacific Ocean",Unknown,2011,9,24,Saturday,20,44,337,7,42
Minotaur IV | TacSat-4,Northrop,Minotaur IV,Launch Successful,2011-09-27 15:49:00+00:00,"LP-1, Pacific Spaceport Complex, Alaska, USA",Unknown,2011,9,27,Tuesday,15,36,192,7,45
Long March 2F/T | Tiangong-1,CASC,Long March 2F/T,Launch Successful,2011-09-29 21:16:00+00:00,"Site 901 (SLS-1), Jiuquan Satellite Launch Center, China",Unknown,2011,9,29,Thursday,21,7,171,7,118
Zenit-3 SLB | Intelsat 18,Land Launch,Zenit-3 SLB,Launch Successful,2011-10-05 21:00:00+00:00,"Site 45/1, Baikonur Cosmodrome, Kazakhstan",Unknown,2011,10,5,Wednesday,21,29,338,7,110
PSLV-CA | Megha-Tropiques & Rideshares,ISRO,PSLV-CA,Launch Successful,2011-10-12 05:31:00+00:00,"First Launch Pad, Satish Dhawan Space Centre, India",Unknown,2011,10,12,Wednesday,5,23,216,7,9
Soyuz ST-B/Fregat-MT | Galileo IOV FM01-FM02,Arianespace,Soyuz ST-B/Fregat-MT,Launch Successful,2011-10-21 07:30:00+00:00,"ELS, Guiana Space Centre, French Guiana, France",Navigation,2011,10,21,Friday,7,3,274,5,7
Delta II 7920-10C | Suomi NPP / ELaNa III,ULA,Delta II 7920-10C,Launch Successful,2011-10-28 09:48:00+00:00,"SLC-2W, Vandenberg AFB, California, USA",Unknown,2011,10,28,Friday,9,47,98,7,63
Long March 2F/G | Shenzhou 8,CASC,Long March 2F/G,Launch Successful,2011-10-31 21:58:00+00:00,"Site 901 (SLS-1), Jiuquan Satellite Launch Center, China",Unknown,2011,10,31,Monday,21,7,170,7,118
Zenit-2 FG | Fobos-Grunt & Yinghuo 1,Roscosmos,Zenit-2 FG,Launch Successful,2011-11-08 20:16:00+00:00,"Site 45/1, Baikonur Cosmodrome, Kazakhstan",Unknown,2011,11,8,Tuesday,20,42,336,7,110
Atlas V 541 | Mars Science Laboratory,ULA,Atlas V 541,Launch Successful,2011-11-26 15:02:00+00:00,"SLC-41, Cape Canaveral AFS, Florida, USA",Science,2011,11,26,Saturday,15,47,39,6,70
H-IIA 202 | IGS-Radar 3,MHI,H-IIA 202,Launch Successful,2011-12-12 01:21:00+00:00,"LA-Y1, Tanegashima Space Center, Japan",Unknown,2011,12,12,Monday,1,32,144,7,17
"Soyuz ST-A/Fregat | Pl??iades 1A, SSOT, Elisa",Arianespace,Soyuz ST-A/Fregat,Launch Successful,2011-12-17 02:03:00+00:00,"ELS, Guiana Space Centre, French Guiana, France",Unknown,2011,12,17,Saturday,2,3,271,7,7
"Delta IV Medium+ (5,4) | WGS-4",ULA,"Delta IV Medium+ (5,4)",Launch Successful,2012-01-20 00:38:00+00:00,"SLC-37B, Cape Canaveral AFS, Florida, USA",Unknown,2012,1,20,Friday,0,47,114,7,66
"Vega | Lares, AlmaSat-1 & 7 cubesats",ESA,Vega,Launch Successful,2012-02-13 10:00:00+00:00,"ELV-1 (SLV), Guiana Space Centre, French Guiana, France",Unknown,2012,2,13,Monday,10,13,328,7,8
Atlas V 551 | MUOS-1,ULA,Atlas V 551,Launch Successful,2012-02-24 22:15:00+00:00,"SLC-41, Cape Canaveral AFS, Florida, USA",Unknown,2012,2,24,Friday,22,47,40,7,70
Ariane 5 ES | Edoardo Amaldi ATV,Arianespace,Ariane 5 ES,Launch Successful,2012-03-23 04:34:00+00:00,"ELA-3, Guiana Space Centre, French Guiana, France",Unknown,2012,3,23,Friday,4,3,19,7,5
"Delta IV Medium+ (5,2) | NROL-25",ULA,"Delta IV Medium+ (5,2)",Launch Successful,2012-04-03 23:12:00+00:00,"SLC-6, Vandenberg AFB, California, USA",Military,2012,4,3,Tuesday,23,47,113,4,76
Unha-3 | Kwangmyngsng-3,KCST,Unha-3,Launch Failure,2012-04-12 22:38:00+00:00,"Pad 1, Sohae Satellite Launching Station, North Korea",Unknown,2012,4,12,Thursday,22,26,325,7,53
PSLV-XL | RISAT-1,ISRO,PSLV-XL,Launch Successful,2012-04-26 00:17:00+00:00,"First Launch Pad, Satish Dhawan Space Centre, India",Unknown,2012,4,26,Thursday,0,23,220,7,9
Atlas V 531 | AEHF-2,ULA,Atlas V 531,Launch Successful,2012-05-04 18:42:00+00:00,"SLC-41, Cape Canaveral AFS, Florida, USA",Unknown,2012,5,4,Friday,18,47,38,7,70
"Ariane 5 ECA | JCSAT-13, Vinasat-2",Arianespace,Ariane 5 ECA,Launch Successful,2012-05-15 22:13:00+00:00,"ELA-3, Guiana Space Centre, French Guiana, France",Unknown,2012,5,15,Tuesday,22,3,18,7,5
"H-IIA 202 | Shizuku, KOMPSAT 3 & Others",MHI,H-IIA 202,Launch Successful,2012-05-17 16:39:00+00:00,"LA-Y1, Tanegashima Space Center, Japan",Unknown,2012,5,17,Thursday,16,32,144,7,17
Falcon 9 v1.0 | COTS-2+,SpaceX,Falcon 9 v1.0,Launch Successful,2012-05-22 07:44:00+00:00,"SLC-40, Cape Canaveral AFS, Florida, USA",Unknown,2012,5,22,Tuesday,7,45,132,7,69
Zenit-3 SL | Intelsat-19,Sea Launch,Zenit-3 SL,Launch Successful,2012-06-01 05:22:00+00:00,"LP Odyssey, Kiritimati Launch Area, Pacific Ocean",Unknown,2012,6,1,Friday,5,44,337,7,42
Pegasus XL | NuSTAR,Northrop,Pegasus XL,Launch Successful,2012-06-13 16:00:00+00:00,"Stargazer, Ronald Reagan Ballistic Missile Defense Test Site, Marshall Islands, USA",Unknown,2012,6,13,Wednesday,16,36,222,7,123
Long March 2F/G | Shenzhou 9,CASC,Long March 2F/G,Launch Successful,2012-06-16 10:37:00+00:00,"Site 901 (SLS-1), Jiuquan Satellite Launch Center, China",Unknown,2012,6,16,Saturday,10,7,170,7,118
Atlas V 401 | NROL-38,ULA,Atlas V 401,Launch Successful,2012-06-20 12:28:00+00:00,"SLC-41, Cape Canaveral AFS, Florida, USA",Military,2012,6,20,Wednesday,12,47,32,4,70
Delta IV Heavy | NROL-15,ULA,Delta IV Heavy,Launch Successful,2012-06-29 13:15:00+00:00,"SLC-37B, Cape Canaveral AFS, Florida, USA",Military,2012,6,29,Friday,13,47,110,4,66
"Ariane 5 ECA | EchoStar XVII, MSG-3",Arianespace,Ariane 5 ECA,Launch Successful,2012-07-05 21:36:00+00:00,"ELA-3, Guiana Space Centre, French Guiana, France",Unknown,2012,7,5,Thursday,21,3,18,7,5
H-IIB | HTV-3,MHI,H-IIB,Launch Successful,2012-07-21 02:06:00+00:00,"LA-Y2, Tanegashima Space Center, Japan",Unknown,2012,7,21,Saturday,2,32,148,7,18
Rokot/Briz KM | Cosmos 2481 & Goniets-M 13 and 15,VKS RF,Rokot/Briz KM,Launch Successful,2012-07-28 01:35:00+00:00,"Site 133/3, Plesetsk Cosmodrome, Russia",Unknown,2012,7,28,Saturday,1,51,234,7,90
"Ariane 5 ECA | Intelsat 20, HYLAS 2",Arianespace,Ariane 5 ECA,Launch Successful,2012-08-02 20:54:00+00:00,"ELA-3, Guiana Space Centre, French Guiana, France",Unknown,2012,8,2,Thursday,20,3,18,7,5
Zenit-3 SL | Intelsat-21,Sea Launch,Zenit-3 SL,Launch Successful,2012-08-19 06:54:00+00:00,"LP Odyssey, Kiritimati Launch Area, Pacific Ocean",Unknown,2012,8,19,Sunday,6,44,337,7,42
Atlas V 401 | Van Allen Probes (RBSP),ULA,Atlas V 401,Launch Successful,2012-08-30 08:05:00+00:00,"SLC-41, Cape Canaveral AFS, Florida, USA",Unknown,2012,8,30,Thursday,8,47,32,7,70
PSLV-CA | SPOT-6 & mRESINS & PROITERES,ISRO,PSLV-CA,Launch Successful,2012-09-09 04:23:00+00:00,"First Launch Pad, Satish Dhawan Space Centre, India",Unknown,2012,9,9,Sunday,4,23,216,7,9
Atlas V 401 | NROL-36,ULA,Atlas V 401,Launch Successful,2012-09-13 21:39:00+00:00,"SLC-3E, Vandenberg AFB, California, USA",Military,2012,9,13,Thursday,21,47,32,4,67
"Ariane 5 ECA | Astra 2F, GSAT-10",Arianespace,Ariane 5 ECA,Launch Successful,2012-09-28 21:18:00+00:00,"ELA-3, Guiana Space Centre, French Guiana, France",Unknown,2012,9,28,Friday,21,3,18,7,5
"Delta IV Medium+ (4,2) | GPS IIF-3",ULA,"Delta IV Medium+ (4,2)",Launch Successful,2012-10-04 12:10:00+00:00,"SLC-37B, Cape Canaveral AFS, Florida, USA",Navigation,2012,10,4,Thursday,12,47,112,5,66
Falcon 9 v1.0 | CRS-1,SpaceX,Falcon 9 v1.0,Partial Failure,2012-10-08 00:35:00+00:00,"SLC-40, Cape Canaveral AFS, Florida, USA",Cargo,2012,10,8,Monday,0,45,132,0,69
Soyuz ST-B/Fregat-MT | Galileo IOV FM03-FM04,Arianespace,Soyuz ST-B/Fregat-MT,Launch Successful,2012-10-12 15:15:00+00:00,"ELS, Guiana Space Centre, French Guiana, France",Navigation,2012,10,12,Friday,15,3,274,5,7
"Ariane 5 ECA | Eutelsat 21B, Star One C3",Arianespace,Ariane 5 ECA,Launch Successful,2012-11-10 21:05:00+00:00,"ELA-3, Guiana Space Centre, French Guiana, France",Unknown,2012,11,10,Saturday,21,3,18,7,5
Soyuz ST-A/Fregat | Pl??iades 1B,Arianespace,Soyuz ST-A/Fregat,Launch Successful,2012-12-02 02:02:00+00:00,"ELS, Guiana Space Centre, French Guiana, France",Unknown,2012,12,2,Sunday,2,3,271,7,7
Zenit-3 SL | Eutelsat-70B,Sea Launch,Zenit-3 SL,Launch Successful,2012-12-03 20:43:00+00:00,"LP Odyssey, Kiritimati Launch Area, Pacific Ocean",Unknown,2012,12,3,Monday,20,44,337,7,42
Atlas V 501 | OTV-3,ULA,Atlas V 501,Launch Successful,2012-12-11 18:03:00+00:00,"SLC-41, Cape Canaveral AFS, Florida, USA",Unknown,2012,12,11,Tuesday,18,47,36,7,70
Unha-3 | Kwangmyngsng-3 (Unit 2),KCST,Unha-3,Launch Successful,2012-12-12 00:49:00+00:00,"Pad 1, Sohae Satellite Launching Station, North Korea",Unknown,2012,12,12,Wednesday,0,26,325,7,53
"Ariane 5 ECA | Skynet 5D, Mexsat-3",Arianespace,Ariane 5 ECA,Launch Successful,2012-12-19 21:49:00+00:00,"ELA-3, Guiana Space Centre, French Guiana, France",Unknown,2012,12,19,Wednesday,21,3,18,7,5
Rokot/Briz KM | Cosmos 2482 to 2484,VKS RF,Rokot/Briz KM,Partial Failure,2013-01-15 16:24:00+00:00,"Site 133/3, Plesetsk Cosmodrome, Russia",Unknown,2013,1,15,Tuesday,16,51,234,7,90
H-IIA 202 | IGS-Optical 5V & IGS-Radar 4,MHI,H-IIA 202,Launch Successful,2013-01-27 04:40:00+00:00,"LA-Y1, Tanegashima Space Center, Japan",Unknown,2013,1,27,Sunday,4,32,144,7,17
Naro-1 | STSAT-2C,KARI,Naro-1,Launch Successful,2013-01-30 07:00:00+00:00,"LC-1, Naro Space Center, South Korea",Unknown,2013,1,30,Wednesday,7,25,213,7,19
Atlas V 401 | TDRS-K,ULA,Atlas V 401,Launch Successful,2013-01-31 01:48:00+00:00,"SLC-41, Cape Canaveral AFS, Florida, USA",Unknown,2013,1,31,Thursday,1,47,32,7,70
Zenit-3 SL | Intelsat-27,Sea Launch,Zenit-3 SL,Launch Failure,2013-02-01 06:55:00+00:00,"LP Odyssey, Kiritimati Launch Area, Pacific Ocean",Unknown,2013,2,1,Friday,6,44,337,7,42
"Ariane 5 ECA | Amazonas-3, Azerspace-1 (Africasat-1A)",Arianespace,Ariane 5 ECA,Launch Successful,2013-02-07 21:36:00+00:00,"ELA-3, Guiana Space Centre, French Guiana, France",Unknown,2013,2,7,Thursday,21,3,18,7,5
Atlas V 401 | Landsat 8,ULA,Atlas V 401,Launch Successful,2013-02-11 18:02:00+00:00,"SLC-3E, Vandenberg AFB, California, USA",Earth Observation,2013,2,11,Monday,18,47,32,3,67
PSLV-CA | SARAL & Rideshares,ISRO,PSLV-CA,Launch Successful,2013-02-25 12:31:00+00:00,"First Launch Pad, Satish Dhawan Space Centre, India",Unknown,2013,2,25,Monday,12,23,216,7,9
Falcon 9 v1.0 | CRS-2,SpaceX,Falcon 9 v1.0,Launch Successful,2013-03-01 15:10:00+00:00,"SLC-40, Cape Canaveral AFS, Florida, USA",Cargo,2013,3,1,Friday,15,45,132,0,69
Atlas V 401 | SBIRS GEO-2,ULA,Atlas V 401,Launch Successful,2013-03-19 21:21:00+00:00,"SLC-41, Cape Canaveral AFS, Florida, USA",Unknown,2013,3,19,Tuesday,21,47,32,7,70
Antares 110 | Antares A-ONE,Northrop,Antares 110,Launch Successful,2013-04-21 21:00:00+00:00,"LP-0A, Wallops Flight Facility, Virginia, USA",Unknown,2013,4,21,Sunday,21,36,3,7,43
"Vega | Proba-V, VNREDSat-1A & ESTCube-1",Arianespace,Vega,Launch Successful,2013-05-07 02:06:00+00:00,"ELV-1 (SLV), Guiana Space Centre, French Guiana, France",Unknown,2013,5,7,Tuesday,2,3,328,7,8
Atlas V 401 | GPS IIF-4,ULA,Atlas V 401,Launch Successful,2013-05-15 21:38:00+00:00,"SLC-41, Cape Canaveral AFS, Florida, USA",Navigation,2013,5,15,Wednesday,21,47,32,5,70
"Delta IV Medium+ (5,4) | WGS-5",ULA,"Delta IV Medium+ (5,4)",Launch Successful,2013-05-25 00:27:00+00:00,"SLC-37B, Cape Canaveral AFS, Florida, USA",Unknown,2013,5,25,Saturday,0,47,114,7,66
Ariane 5 ES | Albert Einstein ATV,Arianespace,Ariane 5 ES,Launch Successful,2013-06-05 21:52:00+00:00,"ELA-3, Guiana Space Centre, French Guiana, France",Unknown,2013,6,5,Wednesday,21,3,19,7,5
Long March 2F/G | Shenzhou 10,CASC,Long March 2F/G,Launch Successful,2013-06-11 09:38:00+00:00,"Site 901 (SLS-1), Jiuquan Satellite Launch Center, China",Unknown,2013,6,11,Tuesday,9,7,170,7,118
Soyuz ST-B/Fregat-MT | O3b FM01-FM02/FM04-FM05,Arianespace,Soyuz ST-B/Fregat-MT,Launch Successful,2013-06-25 19:27:00+00:00,"ELS, Guiana Space Centre, French Guiana, France",Unknown,2013,6,25,Tuesday,19,3,274,7,7
Strela | Cosmos 2487,VKS RF,Strela,Launch Successful,2013-06-27 16:53:00+00:00,"Site 175/59, Baikonur Cosmodrome, Kazakhstan",Unknown,2013,6,27,Thursday,16,51,286,7,96
Pegasus XL | IRIS,Northrop,Pegasus XL,Launch Successful,2013-06-28 02:27:00+00:00,"Stargazer, Vandenberg AFB, California, USA",Unknown,2013,6,28,Friday,2,36,222,7,124
PSLV-XL | IRNSS-1A,ISRO,PSLV-XL,Launch Successful,2013-07-01 18:11:00+00:00,"First Launch Pad, Satish Dhawan Space Centre, India",Unknown,2013,7,1,Monday,18,23,220,7,9
"Proton-M/DM-3 | Cosmos 2488, 2489 & 2490",VKS RF,Proton-M/DM-3,Launch Failure,2013-07-02 02:38:00+00:00,"Site 81/24, Baikonur Cosmodrome, Kazakhstan",Unknown,2013,7,2,Tuesday,2,51,232,7,114
Atlas V 551 | MUOS-2,ULA,Atlas V 551,Launch Successful,2013-07-19 13:00:00+00:00,"SLC-41, Cape Canaveral AFS, Florida, USA",Unknown,2013,7,19,Friday,13,47,40,7,70
"Ariane 5 ECA | Alphasat I-XL, INSAT-3D",Arianespace,Ariane 5 ECA,Launch Successful,2013-07-25 19:54:00+00:00,"ELA-3, Guiana Space Centre, French Guiana, France",Unknown,2013,7,25,Thursday,19,3,18,7,5
H-IIB | HTV-4,MHI,H-IIB,Launch Successful,2013-08-03 19:48:00+00:00,"LA-Y2, Tanegashima Space Center, Japan",Unknown,2013,8,3,Saturday,19,32,148,7,18
"Delta IV Medium+ (5,4) | WGS-6",ULA,"Delta IV Medium+ (5,4)",Launch Successful,2013-08-08 00:29:00+00:00,"SLC-37B, Cape Canaveral AFS, Florida, USA",Unknown,2013,8,8,Thursday,0,47,114,7,66
Dnepr | KompSat-5,Kosmotras,Dnepr,Launch Successful,2013-08-22 14:39:00+00:00,"Site 370/13, Yasny Cosmodrome, Russia",Unknown,2013,8,22,Thursday,14,28,118,7,105
Delta IV Heavy | NROL-65,ULA,Delta IV Heavy,Launch Successful,2013-08-28 18:03:00+00:00,"SLC-6, Vandenberg AFB, California, USA",Military,2013,8,28,Wednesday,18,47,110,4,76
"Ariane 5 ECA | Eutelsat 25B/Es'hail 1, GSAT-7",Arianespace,Ariane 5 ECA,Launch Successful,2013-08-29 20:30:00+00:00,"ELA-3, Guiana Space Centre, French Guiana, France",Unknown,2013,8,29,Thursday,20,3,18,7,5
Zenit-3 SLB | AMOS 4,Land Launch,Zenit-3 SLB,Launch Successful,2013-08-31 20:05:00+00:00,"Site 45/1, Baikonur Cosmodrome, Kazakhstan",Unknown,2013,8,31,Saturday,20,29,338,7,110
Minotaur V | LADEE,Northrop,Minotaur V,Launch Successful,2013-09-07 03:27:00+00:00,"LP-0B, Wallops Flight Facility, Virginia, USA",Unknown,2013,9,7,Saturday,3,36,193,7,44
"Rokot/Briz KM | Goniets-M 14, 16 and 17",VKS RF,Rokot/Briz KM,Launch Successful,2013-09-11 23:23:00+00:00,"Site 133/3, Plesetsk Cosmodrome, Russia",Unknown,2013,9,11,Wednesday,23,51,234,7,90
Antares 110 | CRS Orb-D1,Northrop,Antares 110,Launch Successful,2013-09-13 14:58:00+00:00,"LP-0A, Wallops Flight Facility, Virginia, USA",Cargo,2013,9,13,Friday,14,36,3,0,43
Epsilon Demo | SPRINT-A,JAXA,Epsilon Demo,Launch Successful,2013-09-14 05:00:00+00:00,"Mu Pad, Uchinoura Space Center, Japan",Unknown,2013,9,14,Saturday,5,24,124,7,48
Atlas V 531 | AEHF-3,ULA,Atlas V 531,Launch Successful,2013-09-18 08:10:00+00:00,"SLC-41, Cape Canaveral AFS, Florida, USA",Unknown,2013,9,18,Wednesday,8,47,38,7,70
Kuaizhou 1 | Kuaizhou 1,CASIC,Kuaizhou 1,Launch Successful,2013-09-25 04:37:00+00:00,"Jiuquan Satellite Launch Center, China",Unknown,2013,9,25,Wednesday,4,8,155,7,11
Falcon 9 v1.1 | CASSIOPE,SpaceX,Falcon 9 v1.1,Launch Successful,2013-09-29 16:00:00+00:00,"SLC-4E, Vandenberg AFB, California, USA",Unknown,2013,9,29,Sunday,16,45,133,7,72
PSLV-XL | Mars Orbiter Mission,ISRO,PSLV-XL,Launch Successful,2013-11-05 09:08:00+00:00,"First Launch Pad, Satish Dhawan Space Centre, India",Unknown,2013,11,5,Tuesday,9,23,220,7,9
Atlas V 401 | MAVEN,ULA,Atlas V 401,Launch Successful,2013-11-18 18:28:00+00:00,"SLC-41, Cape Canaveral AFS, Florida, USA",Unknown,2013,11,18,Monday,18,47,32,7,70
Minotaur I | ORS-3,Northrop,Minotaur I,Launch Successful,2013-11-20 01:15:00+00:00,"LP-0B, Wallops Flight Facility, Virginia, USA",Unknown,2013,11,20,Wednesday,1,36,191,7,44
Dnepr | DubaiSat 2 & Others,Kosmotras,Dnepr,Launch Successful,2013-11-21 07:10:00+00:00,"Site 370/13, Yasny Cosmodrome, Russia",Unknown,2013,11,21,Thursday,7,28,118,7,105
Rokot/Briz KM | SWARM,VKS RF,Rokot/Briz KM,Launch Successful,2013-11-22 12:02:00+00:00,"Site 133/3, Plesetsk Cosmodrome, Russia",Unknown,2013,11,22,Friday,12,51,234,7,90
Falcon 9 v1.1 | SES-8,SpaceX,Falcon 9 v1.1,Launch Successful,2013-12-03 22:41:00+00:00,"SLC-40, Cape Canaveral AFS, Florida, USA",Communications,2013,12,3,Tuesday,22,45,133,1,69
Atlas V 501 | NROL-39,ULA,Atlas V 501,Launch Successful,2013-12-06 07:14:00+00:00,"SLC-3E, Vandenberg AFB, California, USA",Military,2013,12,6,Friday,7,47,36,4,67
Soyuz ST-B/Fregat-MT | Gaia,Arianespace,Soyuz ST-B/Fregat-MT,Launch Successful,2013-12-19 09:12:00+00:00,"ELS, Guiana Space Centre, French Guiana, France",Unknown,2013,12,19,Thursday,9,3,274,7,7
Rokot/Briz KM | Cosmos 2488 to 2491,VKS RF,Rokot/Briz KM,Launch Successful,2013-12-25 00:31:00+00:00,"Site 133/3, Plesetsk Cosmodrome, Russia",Unknown,2013,12,25,Wednesday,0,51,234,7,90
Soyuz 2.1v/Volga | Cosmos 2492 and 2493 & AIST-1 1,VKS RF,Soyuz 2.1v/Volga,Launch Successful,2013-12-28 12:30:00+00:00,"Site 43/4, Plesetsk Cosmodrome, Russia",Unknown,2013,12,28,Saturday,12,51,266,7,109
GSLV Mk II | GSAT-14,ISRO,GSLV Mk II,Launch Successful,2014-01-05 10:48:00+00:00,"Second Launch Pad, Satish Dhawan Space Centre, India",Unknown,2014,1,5,Sunday,10,23,137,7,82
Falcon 9 v1.1 | Thaicom 6,SpaceX,Falcon 9 v1.1,Launch Successful,2014-01-06 22:06:00+00:00,"SLC-40, Cape Canaveral AFS, Florida, USA",Unknown,2014,1,6,Monday,22,45,133,7,69
Antares 120 | CRS Orb-1,Northrop,Antares 120,Launch Successful,2014-01-09 18:07:00+00:00,"LP-0A, Wallops Flight Facility, Virginia, USA",Cargo,2014,1,9,Thursday,18,36,4,0,43
Atlas V 401 | TDRS-L,ULA,Atlas V 401,Launch Successful,2014-01-24 02:33:00+00:00,"SLC-41, Cape Canaveral AFS, Florida, USA",Unknown,2014,1,24,Friday,2,47,32,7,70
"Ariane 5 ECA | ABS-2, Athena-Fidus",Arianespace,Ariane 5 ECA,Launch Successful,2014-02-06 21:30:00+00:00,"ELA-3, Guiana Space Centre, French Guiana, France",Unknown,2014,2,6,Thursday,21,3,18,7,5
"Delta IV Medium+ (4,2) | GPS IIF-5",ULA,"Delta IV Medium+ (4,2)",Launch Successful,2014-02-21 01:59:00+00:00,"SLC-37B, Cape Canaveral AFS, Florida, USA",Navigation,2014,2,21,Friday,1,47,112,5,66
H-IIA 202 | GPM-Core & Others,MHI,H-IIA 202,Launch Successful,2014-02-27 18:37:00+00:00,"LA-Y1, Tanegashima Space Center, Japan",Unknown,2014,2,27,Thursday,18,32,144,7,17
"Ariane 5 ECA | Astra 5B, Amazonas 4A",Arianespace,Ariane 5 ECA,Launch Successful,2014-03-22 22:04:00+00:00,"ELA-3, Guiana Space Centre, French Guiana, France",Unknown,2014,3,22,Saturday,22,3,18,7,5
Atlas V 401 | DMSP-5D3 F19,ULA,Atlas V 401,Launch Successful,2014-04-03 14:46:00+00:00,"SLC-3E, Vandenberg AFB, California, USA",Unknown,2014,4,3,Thursday,14,47,32,7,67
Soyuz ST-A/Fregat-M | Sentinel 1A,Arianespace,Soyuz ST-A/Fregat-M,Launch Successful,2014-04-03 21:02:00+00:00,"ELS, Guiana Space Centre, French Guiana, France",Earth Observation,2014,4,3,Thursday,21,3,272,3,7
PSLV-XL | IRNSS-1B,ISRO,PSLV-XL,Launch Successful,2014-04-04 11:44:00+00:00,"First Launch Pad, Satish Dhawan Space Centre, India",Unknown,2014,4,4,Friday,11,23,220,7,9
Atlas V 541 | NROL-67,ULA,Atlas V 541,Launch Successful,2014-04-10 17:45:00+00:00,"SLC-41, Cape Canaveral AFS, Florida, USA",Military,2014,4,10,Thursday,17,47,39,4,70
Falcon 9 v1.1 | CRS-3,SpaceX,Falcon 9 v1.1,Launch Successful,2014-04-18 19:25:00+00:00,"SLC-40, Cape Canaveral AFS, Florida, USA",Cargo,2014,4,18,Friday,19,45,133,0,69
Vega | KazEOSat-1,Arianespace,Vega,Launch Successful,2014-04-30 01:35:00+00:00,"ELV-1 (SLV), Guiana Space Centre, French Guiana, France",Unknown,2014,4,30,Wednesday,1,3,328,7,8
"Delta IV Medium+ (4,2) | GPS IIF-6",ULA,"Delta IV Medium+ (4,2)",Launch Successful,2014-05-17 00:03:00+00:00,"SLC-37B, Cape Canaveral AFS, Florida, USA",Navigation,2014,5,17,Saturday,0,47,112,5,66
Atlas V 401 | NROL-33,ULA,Atlas V 401,Launch Successful,2014-05-22 13:09:00+00:00,"SLC-41, Cape Canaveral AFS, Florida, USA",Military,2014,5,22,Thursday,13,47,32,4,70
Rokot/Briz KM | Cosmos 2496 to 2499,VKS RF,Rokot/Briz KM,Launch Successful,2014-05-23 05:27:00+00:00,"Site 133/3, Plesetsk Cosmodrome, Russia",Unknown,2014,5,23,Friday,5,51,234,7,90
"H-IIA 202 | Daichi 2, SPROUT & Others",MHI,H-IIA 202,Launch Successful,2014-05-24 03:05:00+00:00,"LA-Y1, Tanegashima Space Center, Japan",Unknown,2014,5,24,Saturday,3,32,144,7,17
Zenit-3 SL | Eutelsat-3B,Sea Launch,Zenit-3 SL,Launch Successful,2014-05-24 21:09:00+00:00,"LP Odyssey, Kiritimati Launch Area, Pacific Ocean",Unknown,2014,5,24,Saturday,21,44,337,7,42
Dnepr | Deimos 2,Kosmotras,Dnepr,Launch Successful,2014-06-19 19:11:00+00:00,"Site 370/13, Yasny Cosmodrome, Russia",Unknown,2014,6,19,Thursday,19,28,118,7,105
PSLV-CA | SPOT-7 & Rideshares,ISRO,PSLV-CA,Launch Successful,2014-06-30 04:22:00+00:00,"First Launch Pad, Satish Dhawan Space Centre, India",Unknown,2014,6,30,Monday,4,23,216,7,9
Delta II 7320-10C | OCO-2,ULA,Delta II 7320-10C,Launch Successful,2014-07-02 09:56:00+00:00,"SLC-2W, Vandenberg AFB, California, USA",Unknown,2014,7,2,Wednesday,9,47,91,7,63
Rokot/Briz KM | Goniets-M 18 to 20,VKS RF,Rokot/Briz KM,Launch Successful,2014-07-03 12:43:00+00:00,"Site 133/3, Plesetsk Cosmodrome, Russia",Unknown,2014,7,3,Thursday,12,51,234,7,90
Angara 1.2 | Demo Flight,VKS RF,Angara 1.2,Launch Successful,2014-07-09 12:00:00+00:00,"Site 35/1, Plesetsk Cosmodrome, Russia",Unknown,2014,7,9,Wednesday,12,51,1,7,104
Soyuz ST-B/Fregat-MT | O3b FM03/FM06-FM08,Arianespace,Soyuz ST-B/Fregat-MT,Launch Successful,2014-07-10 18:55:00+00:00,"ELS, Guiana Space Centre, French Guiana, France",Unknown,2014,7,10,Thursday,18,3,274,7,7
Antares 120 | CRS Orb-2,Northrop,Antares 120,Launch Successful,2014-07-13 16:52:00+00:00,"LP-0A, Wallops Flight Facility, Virginia, USA",Cargo,2014,7,13,Sunday,16,36,4,0,43
Falcon 9 v1.1 | OG2 Mission 1,SpaceX,Falcon 9 v1.1,Launch Successful,2014-07-14 15:15:00+00:00,"SLC-40, Cape Canaveral AFS, Florida, USA",Unknown,2014,7,14,Monday,15,45,133,7,69
"Delta IV Medium+ (4,2) | AFSPC-4",ULA,"Delta IV Medium+ (4,2)",Launch Successful,2014-07-28 23:28:00+00:00,"SLC-37B, Cape Canaveral AFS, Florida, USA",Unknown,2014,7,28,Monday,23,47,112,7,66
Ariane 5 ES | Georges Lema??tre ATV,Arianespace,Ariane 5 ES,Launch Successful,2014-07-29 23:47:00+00:00,"ELA-3, Guiana Space Centre, French Guiana, France",Unknown,2014,7,29,Tuesday,23,3,19,7,5
Atlas V 401 | GPS IIF-7,ULA,Atlas V 401,Launch Successful,2014-08-02 03:23:00+00:00,"SLC-41, Cape Canaveral AFS, Florida, USA",Navigation,2014,8,2,Saturday,3,47,32,5,70
Falcon 9 v1.1 | AsiaSat 8,SpaceX,Falcon 9 v1.1,Launch Successful,2014-08-05 08:00:00+00:00,"SLC-40, Cape Canaveral AFS, Florida, USA",Unknown,2014,8,5,Tuesday,8,45,133,7,69
Atlas V 401 | WorldView 3,ULA,Atlas V 401,Launch Successful,2014-08-13 18:30:00+00:00,"SLC-3E, Vandenberg AFB, California, USA",Unknown,2014,8,13,Wednesday,18,47,32,7,67
Soyuz ST-B/Fregat-MT | Galileo FOC FM01-FM02,Arianespace,Soyuz ST-B/Fregat-MT,Partial Failure,2014-08-22 12:27:00+00:00,"ELS, Guiana Space Centre, French Guiana, France",Navigation,2014,8,22,Friday,12,3,274,5,7
Falcon 9 v1.1 | AsiaSat 6,SpaceX,Falcon 9 v1.1,Launch Successful,2014-09-07 05:00:00+00:00,"SLC-40, Cape Canaveral AFS, Florida, USA",Unknown,2014,9,7,Sunday,5,45,133,7,69
"Ariane 5 ECA | MEASAT 3b, Optus 10",Arianespace,Ariane 5 ECA,Launch Successful,2014-09-11 22:05:00+00:00,"ELA-3, Guiana Space Centre, French Guiana, France",Unknown,2014,9,11,Thursday,22,3,18,7,5
Atlas V 401 | CLIO,ULA,Atlas V 401,Launch Successful,2014-09-17 00:10:00+00:00,"SLC-41, Cape Canaveral AFS, Florida, USA",Unknown,2014,9,17,Wednesday,0,47,32,7,70
Falcon 9 v1.1 | CRS-4,SpaceX,Falcon 9 v1.1,Launch Successful,2014-09-21 05:52:00+00:00,"SLC-40, Cape Canaveral AFS, Florida, USA",Cargo,2014,9,21,Sunday,5,45,133,0,69
H-IIA 202 | Himawari 8,MHI,H-IIA 202,Launch Successful,2014-10-07 05:16:00+00:00,"LA-Y1, Tanegashima Space Center, Japan",Unknown,2014,10,7,Tuesday,5,32,144,7,17
PSLV-XL | IRNSS-1C,ISRO,PSLV-XL,Launch Successful,2014-10-16 20:02:00+00:00,"First Launch Pad, Satish Dhawan Space Centre, India",Unknown,2014,10,16,Thursday,20,23,220,7,9
"Ariane 5 ECA | Intelsat 30, ARSAT-1",Arianespace,Ariane 5 ECA,Launch Successful,2014-10-16 21:43:00+00:00,"ELA-3, Guiana Space Centre, French Guiana, France",Unknown,2014,10,16,Thursday,21,3,18,7,5
Antares 130 | CRS Orb-3,Northrop,Antares 130,Launch Failure,2014-10-28 22:22:00+00:00,"LP-0A, Wallops Flight Facility, Virginia, USA",Cargo,2014,10,28,Tuesday,22,36,5,0,43
Atlas V 401 | GPS IIF-8,ULA,Atlas V 401,Launch Successful,2014-10-29 17:21:00+00:00,"SLC-41, Cape Canaveral AFS, Florida, USA",Navigation,2014,10,29,Wednesday,17,47,32,5,70
Dnepr | Sasuke & Others,Kosmotras,Dnepr,Launch Successful,2014-11-06 07:35:00+00:00,"Site 370/13, Yasny Cosmodrome, Russia",Unknown,2014,11,6,Thursday,7,28,118,7,105
Kuaizhou 1 | Kuaizhou 2,CASIC,Kuaizhou 1,Launch Successful,2014-11-21 06:37:00+00:00,"Site 95, Jiuquan Satellite Launch Center, China",Unknown,2014,11,21,Friday,6,8,155,7,120
H-IIA 202 | Hayabusa 2 & Others,MHI,H-IIA 202,Launch Successful,2014-12-03 04:22:00+00:00,"LA-Y1, Tanegashima Space Center, Japan",Unknown,2014,12,3,Wednesday,4,32,144,7,17
Delta IV Heavy | EFT-1,ULA,Delta IV Heavy,Launch Successful,2014-12-05 12:05:00+00:00,"SLC-37B, Cape Canaveral AFS, Florida, USA",Unknown,2014,12,5,Friday,12,47,110,7,66
"Ariane 5 ECA | DirecTV-14, GSAT-16",Arianespace,Ariane 5 ECA,Launch Successful,2014-12-06 20:40:00+00:00,"ELA-3, Guiana Space Centre, French Guiana, France",Unknown,2014,12,6,Saturday,20,3,18,7,5
Atlas V 541 | NROL-35,ULA,Atlas V 541,Launch Successful,2014-12-13 03:19:00+00:00,"SLC-3E, Vandenberg AFB, California, USA",Military,2014,12,13,Saturday,3,47,39,4,67
GSLV Mk III | Demo Flight (CARE),ISRO,GSLV Mk III,Launch Successful,2014-12-18 04:00:00+00:00,"Second Launch Pad, Satish Dhawan Space Centre, India",Unknown,2014,12,18,Thursday,4,23,138,7,82
Soyuz ST-B/Fregat-MT | O3b FM09-FM12,Arianespace,Soyuz ST-B/Fregat-MT,Launch Successful,2014-12-18 18:37:00+00:00,"ELS, Guiana Space Centre, French Guiana, France",Unknown,2014,12,18,Thursday,18,3,274,7,7
Strela | Kondor-E,VKS RF,Strela,Launch Successful,2014-12-19 04:43:00+00:00,"Site 175/59, Baikonur Cosmodrome, Kazakhstan",Unknown,2014,12,19,Friday,4,51,286,7,96
Angara A5/Briz-M | Demo Flight,Khrunichev,Angara A5/Briz-M,Launch Successful,2014-12-23 05:57:00+00:00,"Site 35/1, Plesetsk Cosmodrome, Russia",Unknown,2014,12,23,Tuesday,5,27,2,7,104
Falcon 9 v1.1 | CRS-5,SpaceX,Falcon 9 v1.1,Launch Successful,2015-01-10 09:47:00+00:00,"SLC-40, Cape Canaveral AFS, Florida, USA",Cargo,2015,1,10,Saturday,9,45,133,0,69
Atlas V 551 | MUOS-3,ULA,Atlas V 551,Launch Successful,2015-01-21 01:04:00+00:00,"SLC-41, Cape Canaveral AFS, Florida, USA",Unknown,2015,1,21,Wednesday,1,47,40,7,70
Delta II 7320-10C | SMAP / ELaNa X,ULA,Delta II 7320-10C,Launch Successful,2015-01-31 14:22:00+00:00,"SLC-2W, Vandenberg AFB, California, USA",Unknown,2015,1,31,Saturday,14,47,91,7,63
H-IIA 202 | IGS-Radar 5,MHI,H-IIA 202,Launch Successful,2015-02-01 01:21:00+00:00,"LA-Y1, Tanegashima Space Center, Japan",Unknown,2015,2,1,Sunday,1,32,144,7,17
Vega | IXV,Arianespace,Vega,Launch Successful,2015-02-11 13:40:00+00:00,"ELV-1 (SLV), Guiana Space Centre, French Guiana, France",Unknown,2015,2,11,Wednesday,13,3,328,7,8
Falcon 9 v1.1 | DSCOVR,SpaceX,Falcon 9 v1.1,Launch Successful,2015-02-11 23:03:00+00:00,"SLC-40, Cape Canaveral AFS, Florida, USA",Unknown,2015,2,11,Wednesday,23,45,133,7,69
Falcon 9 v1.1 | ABS-3A & EUTELSAT 115 West B,SpaceX,Falcon 9 v1.1,Launch Successful,2015-03-02 03:50:00+00:00,"SLC-40, Cape Canaveral AFS, Florida, USA",Unknown,2015,3,2,Monday,3,45,133,7,69
Atlas V 421 | MMS,ULA,Atlas V 421,Launch Successful,2015-03-13 02:44:00+00:00,"SLC-41, Cape Canaveral AFS, Florida, USA",Unknown,2015,3,13,Friday,2,47,34,7,70
"Delta IV Medium+ (4,2) | GPS IIF-9",ULA,"Delta IV Medium+ (4,2)",Launch Successful,2015-03-25 18:36:00+00:00,"SLC-37B, Cape Canaveral AFS, Florida, USA",Navigation,2015,3,25,Wednesday,18,47,112,5,66
Dnepr | KompSat-3A,Kosmotras,Dnepr,Launch Successful,2015-03-25 22:08:00+00:00,"Site 370/13, Yasny Cosmodrome, Russia",Unknown,2015,3,25,Wednesday,22,28,118,7,105
H-IIA 202 | IGS-Optical 5,MHI,H-IIA 202,Launch Successful,2015-03-26 01:21:00+00:00,"LA-Y1, Tanegashima Space Center, Japan",Unknown,2015,3,26,Thursday,1,32,144,7,17
Soyuz ST-B/Fregat-MT | Galileo FOC FM03-FM04,Arianespace,Soyuz ST-B/Fregat-MT,Launch Successful,2015-03-27 21:46:00+00:00,"ELS, Guiana Space Centre, French Guiana, France",Navigation,2015,3,27,Friday,21,3,274,5,7
PSLV-XL | IRNSS-1D,ISRO,PSLV-XL,Launch Successful,2015-03-28 11:49:00+00:00,"Second Launch Pad, Satish Dhawan Space Centre, India",Unknown,2015,3,28,Saturday,11,23,220,7,82
Rokot/Briz KM | Cosmos 2504 & Goniets-M 21 to 23,VKS RF,Rokot/Briz KM,Launch Successful,2015-03-31 13:47:00+00:00,"Site 133/3, Plesetsk Cosmodrome, Russia",Unknown,2015,3,31,Tuesday,13,51,234,7,90
Falcon 9 v1.1 | CRS-6,SpaceX,Falcon 9 v1.1,Launch Successful,2015-04-15 20:10:00+00:00,"SLC-40, Cape Canaveral AFS, Florida, USA",Cargo,2015,4,15,Wednesday,20,45,133,0,69
"Ariane 5 ECA | Thor 7, SICRAL-2",Arianespace,Ariane 5 ECA,Launch Successful,2015-04-26 20:00:00+00:00,"ELA-3, Guiana Space Centre, French Guiana, France",Unknown,2015,4,26,Sunday,20,3,18,7,5
Falcon 9 v1.1 | Turkmen??lem52E/MonacoSat,SpaceX,Falcon 9 v1.1,Launch Successful,2015-04-27 23:03:00+00:00,"SLC-40, Cape Canaveral AFS, Florida, USA",Unknown,2015,4,27,Monday,23,45,133,7,69
Atlas V 501 | OTV-4,ULA,Atlas V 501,Launch Successful,2015-05-20 15:05:00+00:00,"SLC-41, Cape Canaveral AFS, Florida, USA",Unknown,2015,5,20,Wednesday,15,47,36,7,70
"Ariane 5 ECA | DirecTV-15, Sky Mexico 1",Arianespace,Ariane 5 ECA,Launch Successful,2015-05-27 21:16:00+00:00,"ELA-3, Guiana Space Centre, French Guiana, France",Unknown,2015,5,27,Wednesday,21,3,18,7,5
Vega | Sentinel-2A,Arianespace,Vega,Launch Successful,2015-06-23 01:51:00+00:00,"ELV-1 (SLV), Guiana Space Centre, French Guiana, France",Earth Observation,2015,6,23,Tuesday,1,3,328,3,8
Falcon 9 v1.1 | CRS-7,SpaceX,Falcon 9 v1.1,Launch Failure,2015-06-28 14:21:00+00:00,"SLC-40, Cape Canaveral AFS, Florida, USA",Cargo,2015,6,28,Sunday,14,45,133,0,69
PSLV-XL | UK-DMC3A/B/C & Rideshares,ISRO,PSLV-XL,Launch Successful,2015-07-10 16:28:00+00:00,"First Launch Pad, Satish Dhawan Space Centre, India",Unknown,2015,7,10,Friday,16,23,220,7,9
Atlas V 401 | GPS IIF-10,ULA,Atlas V 401,Launch Successful,2015-07-15 15:36:00+00:00,"SLC-41, Cape Canaveral AFS, Florida, USA",Navigation,2015,7,15,Wednesday,15,47,32,5,70
"Ariane 5 ECA | Star One C4, MSG-4",Arianespace,Ariane 5 ECA,Launch Successful,2015-07-15 21:42:00+00:00,"ELA-3, Guiana Space Centre, French Guiana, France",Unknown,2015,7,15,Wednesday,21,3,18,7,5
"Delta IV Medium+ (5,4) | WGS-7",ULA,"Delta IV Medium+ (5,4)",Launch Successful,2015-07-24 00:07:00+00:00,"SLC-37B, Cape Canaveral AFS, Florida, USA",Unknown,2015,7,24,Friday,0,47,114,7,66
H-IIB | HTV-5,MHI,H-IIB,Launch Successful,2015-08-19 11:50:00+00:00,"LA-Y2, Tanegashima Space Center, Japan",Unknown,2015,8,19,Wednesday,11,32,148,7,18
"Ariane 5 ECA | Eutelsat 8 West B, Intelsat 34",Arianespace,Ariane 5 ECA,Launch Successful,2015-08-20 20:34:00+00:00,"ELA-3, Guiana Space Centre, French Guiana, France",Unknown,2015,8,20,Thursday,20,3,18,7,5
GSLV Mk II | GSAT-6,ISRO,GSLV Mk II,Launch Successful,2015-08-27 11:22:00+00:00,"Second Launch Pad, Satish Dhawan Space Centre, India",Unknown,2015,8,27,Thursday,11,23,137,7,82
Atlas V 551 | MUOS-4,ULA,Atlas V 551,Launch Successful,2015-09-02 10:18:00+00:00,"SLC-41, Cape Canaveral AFS, Florida, USA",Unknown,2015,9,2,Wednesday,10,47,40,7,70
Soyuz ST-B/Fregat-MT | Galileo FOC FM05-FM06,Arianespace,Soyuz ST-B/Fregat-MT,Launch Successful,2015-09-11 02:08:00+00:00,"ELS, Guiana Space Centre, French Guiana, France",Navigation,2015,9,11,Friday,2,3,274,5,7
Long March 6 | Demo Flight,CASC,Long March 6,Launch Successful,2015-09-19 23:01:00+00:00,"LC-16, Taiyuan Satellite Launch Center, China",Unknown,2015,9,19,Saturday,23,7,186,7,25
Rokot/Briz KM | Cosmos 2507 to 2509,VKS RF,Rokot/Briz KM,Launch Successful,2015-09-23 21:59:00+00:00,"Site 133/3, Plesetsk Cosmodrome, Russia",Unknown,2015,9,23,Wednesday,21,51,234,7,90
PSLV-XL | Astrosat & Rideshares,ISRO,PSLV-XL,Launch Successful,2015-09-28 04:30:00+00:00,"First Launch Pad, Satish Dhawan Space Centre, India",Unknown,2015,9,28,Monday,4,23,220,7,9
"Ariane 5 ECA | NBN Co 1A, ARSAT-2",Arianespace,Ariane 5 ECA,Launch Successful,2015-09-30 20:30:00+00:00,"ELA-3, Guiana Space Centre, French Guiana, France",Unknown,2015,9,30,Wednesday,20,3,18,7,5
Atlas V 421 | Morelos-3,ULA,Atlas V 421,Launch Successful,2015-10-02 10:28:00+00:00,"SLC-41, Cape Canaveral AFS, Florida, USA",Unknown,2015,10,2,Friday,10,47,34,7,70
Atlas V 401 | NROL-55,ULA,Atlas V 401,Launch Successful,2015-10-08 12:49:00+00:00,"SLC-3E, Vandenberg AFB, California, USA",Military,2015,10,8,Thursday,12,47,32,4,67
Atlas V 401 | GPS IIF-11,ULA,Atlas V 401,Launch Successful,2015-10-31 16:13:00+00:00,"SLC-41, Cape Canaveral AFS, Florida, USA",Navigation,2015,10,31,Saturday,16,47,32,5,70
"Ariane 5 ECA | Arabsat 6B, GSAT-15",Arianespace,Ariane 5 ECA,Launch Successful,2015-11-10 21:34:00+00:00,"ELA-3, Guiana Space Centre, French Guiana, France",Unknown,2015,11,10,Tuesday,21,3,18,7,5
H-IIA 204 | Telstar 12 Vantage,MHI,H-IIA 204,Launch Successful,2015-11-24 06:50:00+00:00,"LA-Y1, Tanegashima Space Center, Japan",Unknown,2015,11,24,Tuesday,6,32,147,7,17
Vega | LISA Pathfinder,Arianespace,Vega,Launch Successful,2015-12-03 04:04:00+00:00,"ELV-1 (SLV), Guiana Space Centre, French Guiana, France",Unknown,2015,12,3,Thursday,4,3,328,7,8
Soyuz 2.1v/Volga | Cosmos 2511 and 2512,VKS RF,Soyuz 2.1v/Volga,Partial Failure,2015-12-05 14:08:00+00:00,"Site 43/4, Plesetsk Cosmodrome, Russia",Unknown,2015,12,5,Saturday,14,51,266,7,109
Atlas V 401 | CRS OA-4,ULA,Atlas V 401,Launch Successful,2015-12-06 21:44:00+00:00,"SLC-41, Cape Canaveral AFS, Florida, USA",Cargo,2015,12,6,Sunday,21,47,32,0,70
Zenit-3 SLBF | Elektro-L n†­2,Roscosmos,Zenit-3 SLBF,Launch Successful,2015-12-11 13:45:00+00:00,"Site 45/1, Baikonur Cosmodrome, Kazakhstan",Unknown,2015,12,11,Friday,13,42,339,7,110
PSLV-CA | TeLEOS-1 & Rideshares,ISRO,PSLV-CA,Launch Successful,2015-12-16 12:30:00+00:00,"First Launch Pad, Satish Dhawan Space Centre, India",Unknown,2015,12,16,Wednesday,12,23,216,7,9
Soyuz ST-B/Fregat-MT | Galileo FOC FM8-FM9,Arianespace,Soyuz ST-B/Fregat-MT,Launch Successful,2015-12-17 11:51:00+00:00,"ELS, Guiana Space Centre, French Guiana, France",Navigation,2015,12,17,Thursday,11,3,274,5,7
Falcon 9 Block 3 | OG2 Mission 2,SpaceX,Falcon 9 Block 3,Launch Successful,2015-12-22 01:29:00+00:00,"SLC-40, Cape Canaveral AFS, Florida, USA",Unknown,2015,12,22,Tuesday,1,45,129,7,69
Long March 3B/E | Belintersat 1,CASC,Long March 3B/E,Launch Successful,2016-01-15 16:57:00+00:00,"LC-3, Xichang Satellite Launch Center, China",Unknown,2016,1,15,Friday,16,7,175,7,32
Falcon 9 v1.1 | Jason-3,SpaceX,Falcon 9 v1.1,Launch Successful,2016-01-17 18:42:00+00:00,"SLC-4E, Vandenberg AFB, California, USA",Unknown,2016,1,17,Sunday,18,45,133,7,72
PSLV-XL | IRNSS-1E,ISRO,PSLV-XL,Launch Successful,2016-01-20 04:01:00+00:00,"Second Launch Pad, Satish Dhawan Space Centre, India",Unknown,2016,1,20,Wednesday,4,23,220,7,82
Ariane 5 ECA | Intelsat 29e,Arianespace,Ariane 5 ECA,Launch Successful,2016-01-27 23:20:00+00:00,"ELA-3, Guiana Space Centre, French Guiana, France",Unknown,2016,1,27,Wednesday,23,3,18,7,5
Proton-M/Briz-M | Eutelsat 9B,ILS,Proton-M/Briz-M,Launch Successful,2016-01-29 22:20:00+00:00,"Site 200/39, Baikonur Cosmodrome, Kazakhstan",Unknown,2016,1,29,Friday,22,19,231,7,99
Long March 3C/YZ-1 | BeiDou M3-S,CASC,Long March 3C/YZ-1,Launch Successful,2016-02-01 07:29:00+00:00,"LC-2, Xichang Satellite Launch Center, China",Unknown,2016,2,1,Monday,7,7,179,7,29
Atlas V 401 | GPS IIF-12,ULA,Atlas V 401,Launch Successful,2016-02-05 13:38:00+00:00,"SLC-41, Cape Canaveral AFS, Florida, USA",Navigation,2016,2,5,Friday,13,47,32,5,70
Soyuz 2.1b/Fregat | GLONASS-M No.50S,VKS RF,Soyuz 2.1b/Fregat,Launch Successful,2016-02-07 00:21:00+00:00,"Site 43/4, Plesetsk Cosmodrome, Russia",Unknown,2016,2,7,Sunday,0,51,263,7,109
Unha-3 | Kwangmyngsng-4,KCST,Unha-3,Launch Successful,2016-02-07 00:30:00+00:00,"Pad 1, Sohae Satellite Launching Station, North Korea",Unknown,2016,2,7,Sunday,0,26,325,7,53
"Delta IV Medium+ (5,2) | NROL-45",ULA,"Delta IV Medium+ (5,2)",Launch Successful,2016-02-10 11:40:00+00:00,"SLC-6, Vandenberg AFB, California, USA",Military,2016,2,10,Wednesday,11,47,113,4,76
Rokot/Briz KM | Sentinel-3A,Eurockot,Rokot/Briz KM,Launch Successful,2016-02-16 17:57:00+00:00,"Site 133/3, Plesetsk Cosmodrome, Russia",Earth Observation,2016,2,16,Tuesday,17,14,234,3,90
"H-IIA 202 | Astro H, Horyu 4 & Kinshachi 2 and 3",MHI,H-IIA 202,Launch Successful,2016-02-17 08:45:00+00:00,"LA-Y1, Tanegashima Space Center, Japan",Unknown,2016,2,17,Wednesday,8,32,144,7,17
Falcon 9 Block 3 | SES-9,SpaceX,Falcon 9 Block 3,Launch Successful,2016-03-04 23:35:00+00:00,"SLC-40, Cape Canaveral AFS, Florida, USA",Communications,2016,3,4,Friday,23,45,129,1,69
Ariane 5 ECA | Eutelsat 65 West A,Arianespace,Ariane 5 ECA,Launch Successful,2016-03-09 05:20:00+00:00,"ELA-3, Guiana Space Centre, French Guiana, France",Unknown,2016,3,9,Wednesday,5,3,18,7,5
PSLV-XL | IRNSS-1F,ISRO,PSLV-XL,Launch Successful,2016-03-10 10:31:00+00:00,"Second Launch Pad, Satish Dhawan Space Centre, India",Unknown,2016,3,10,Thursday,10,23,220,7,82
Soyuz 2.1b | Resurs-P No.3,Roscosmos,Soyuz 2.1b,Launch Successful,2016-03-13 18:56:00+00:00,"Site 31/6, Baikonur Cosmodrome, Kazakhstan",Unknown,2016,3,13,Sunday,18,42,262,7,101
Proton-M/Briz-M | ExoMars Trace Gas Orbiter & Schiaparelli EDM,Roscosmos,Proton-M/Briz-M,Launch Successful,2016-03-14 09:31:00+00:00,"Site 200/39, Baikonur Cosmodrome, Kazakhstan",Unknown,2016,3,14,Monday,9,42,231,7,99
Soyuz FG | Soyuz TMA-20M,Roscosmos,Soyuz FG,Launch Successful,2016-03-18 21:26:00+00:00,"Site 1/5, Baikonur Cosmodrome, Kazakhstan",Unknown,2016,3,18,Friday,21,42,267,7,83
Atlas V 401 | CRS OA-6,ULA,Atlas V 401,Launch Successful,2016-03-23 03:05:00+00:00,"SLC-41, Cape Canaveral AFS, Florida, USA",Cargo,2016,3,23,Wednesday,3,47,32,0,70
Soyuz 2.1a | Bars-M 2L,VKS RF,Soyuz 2.1a,Launch Successful,2016-03-24 09:42:00+00:00,"Site 43/4, Plesetsk Cosmodrome, Russia",Unknown,2016,3,24,Thursday,9,51,258,7,109
Long March 3A | BeiDou IGSO-6,CASC,Long March 3A,Launch Successful,2016-03-29 20:11:00+00:00,"LC-2, Xichang Satellite Launch Center, China",Unknown,2016,3,29,Tuesday,20,7,173,7,29
Soyuz 2.1a | Progress MS-02,Roscosmos,Soyuz 2.1a,Launch Successful,2016-03-31 16:23:00+00:00,"Site 31/6, Baikonur Cosmodrome, Kazakhstan",Unknown,2016,3,31,Thursday,16,42,258,7,101
Long March 2D | Shijian-10,CASC,Long March 2D,Launch Successful,2016-04-05 17:38:00+00:00,"Site 9401 (SLS-2), Jiuquan Satellite Launch Center, China",Unknown,2016,4,5,Tuesday,17,7,166,7,119
Falcon 9 Block 3 | CRS-8,SpaceX,Falcon 9 Block 3,Launch Successful,2016-04-08 20:43:00+00:00,"SLC-40, Cape Canaveral AFS, Florida, USA",Cargo,2016,4,8,Friday,20,45,129,0,69
"Soyuz ST-A/Fregat-M | Sentinel 1B, MICROSCOPE & Others",Arianespace,Soyuz ST-A/Fregat-M,Launch Successful,2016-04-25 21:02:00+00:00,"ELS, Guiana Space Centre, French Guiana, France",Earth Observation,2016,4,25,Monday,21,3,272,3,7
"Soyuz 2.1a/Volga | Mikhailo Lomonosov, Aist-2D, & SamSat 218",Roscosmos,Soyuz 2.1a/Volga,Launch Successful,2016-04-28 02:01:00+00:00,"Site 1S, Vostochny Cosmodrome, Russia",Unknown,2016,4,28,Thursday,2,42,261,7,98
PSLV-XL | IRNSS-1G,ISRO,PSLV-XL,Launch Successful,2016-04-28 07:20:00+00:00,"First Launch Pad, Satish Dhawan Space Centre, India",Unknown,2016,4,28,Thursday,7,23,220,7,9
Falcon 9 Block 3 | JCSAT-14,SpaceX,Falcon 9 Block 3,Launch Successful,2016-05-06 05:21:00+00:00,"SLC-40, Cape Canaveral AFS, Florida, USA",Unknown,2016,5,6,Friday,5,45,129,7,69
Long March 2D | Yaogan 30,CASC,Long March 2D,Launch Successful,2016-05-15 02:43:00+00:00,"Site 9401 (SLS-2), Jiuquan Satellite Launch Center, China",Unknown,2016,5,15,Sunday,2,7,166,7,119
Soyuz ST-B/Fregat-MT | Galileo FOC FM10/FM11,Arianespace,Soyuz ST-B/Fregat-MT,Launch Successful,2016-05-24 08:48:00+00:00,"ELS, Guiana Space Centre, French Guiana, France",Navigation,2016,5,24,Tuesday,8,3,274,5,7
Falcon 9 Block 3 | Thaicom 8,SpaceX,Falcon 9 Block 3,Launch Successful,2016-05-27 21:39:00+00:00,"SLC-40, Cape Canaveral AFS, Florida, USA",Unknown,2016,5,27,Friday,21,45,129,7,69
Soyuz 2.1b/Fregat | GLONASS-M No.51S,VKS RF,Soyuz 2.1b/Fregat,Launch Successful,2016-05-29 08:44:00+00:00,"Site 43/4, Plesetsk Cosmodrome, Russia",Unknown,2016,5,29,Sunday,8,51,263,7,109
"Long March 4B | Ziyuan III-02 & ??uSat-1, 2",CASC,Long March 4B,Launch Successful,2016-05-30 03:17:00+00:00,"LC-9, Taiyuan Satellite Launch Center, China",Unknown,2016,5,30,Monday,3,7,181,7,41
Rokot/Briz KM | Cosmos 2517,VKS RF,Rokot/Briz KM,Launch Successful,2016-06-04 14:00:00+00:00,"Site 133/3, Plesetsk Cosmodrome, Russia",Unknown,2016,6,4,Saturday,14,51,234,7,90
Proton-M/Briz-M | Intelsat 31 / DLA-2,ILS,Proton-M/Briz-M,Launch Successful,2016-06-09 07:10:00+00:00,"Site 81/24, Baikonur Cosmodrome, Kazakhstan",Unknown,2016,6,9,Thursday,7,19,231,7,114
Delta IV Heavy | NROL-37,ULA,Delta IV Heavy,Launch Successful,2016-06-11 17:51:00+00:00,"SLC-37B, Cape Canaveral AFS, Florida, USA",Military,2016,6,11,Saturday,17,47,110,4,66
Long March 3C/E | BeiDou-2 G7,CASC,Long March 3C/E,Launch Successful,2016-06-12 15:30:00+00:00,"LC-3, Xichang Satellite Launch Center, China",Unknown,2016,6,12,Sunday,15,7,178,7,32
Falcon 9 Block 3 | ABS-2A & Eutelsat 117 West B,SpaceX,Falcon 9 Block 3,Launch Successful,2016-06-15 14:29:00+00:00,"SLC-40, Cape Canaveral AFS, Florida, USA",Unknown,2016,6,15,Wednesday,14,45,129,7,69
"Ariane 5 ECA | EchoStar 18, BRISat",Arianespace,Ariane 5 ECA,Launch Successful,2016-06-18 05:20:00+00:00,"ELA-3, Guiana Space Centre, French Guiana, France",Unknown,2016,6,18,Saturday,5,3,18,7,5
New Shepard | NS-5,Blue Origin,New Shepard,Launch Successful,2016-06-19 14:36:00+00:00,"Blue Origin Launch Site, West Texas, Texas, USA",Unknown,2016,6,19,Sunday,14,5,214,7,0
PSLV-XL | Cartosat-2C & Rideshares,ISRO,PSLV-XL,Launch Successful,2016-06-22 03:56:00+00:00,"Second Launch Pad, Satish Dhawan Space Centre, India",Unknown,2016,6,22,Wednesday,3,23,220,7,82
Atlas V 551 | MUOS-5,ULA,Atlas V 551,Launch Successful,2016-06-24 14:30:00+00:00,"SLC-41, Cape Canaveral AFS, Florida, USA",Unknown,2016,6,24,Friday,14,47,40,7,70
Long March 7/YZ-1A | Demo Flight,CASC,Long March 7/YZ-1A,Launch Successful,2016-06-25 12:00:00+00:00,"LC-201, Wenchang Satellite Launch Center, China",Unknown,2016,6,25,Saturday,12,7,187,7,30
Long March 4B | Shijian 16-02,CASC,Long March 4B,Launch Successful,2016-06-29 03:21:00+00:00,"Site 9401 (SLS-2), Jiuquan Satellite Launch Center, China",Unknown,2016,6,29,Wednesday,3,7,181,7,119
Soyuz FG | Soyuz MS-01,Roscosmos,Soyuz FG,Launch Successful,2016-07-07 01:36:00+00:00,"Site 1/5, Baikonur Cosmodrome, Kazakhstan",Unknown,2016,7,7,Thursday,1,42,267,7,83
Soyuz U | Progress MS-03,Roscosmos,Soyuz U,Launch Successful,2016-07-16 21:41:00+00:00,"Site 31/6, Baikonur Cosmodrome, Kazakhstan",Unknown,2016,7,16,Saturday,21,42,275,7,101
Falcon 9 Block 3 | CRS-9,SpaceX,Falcon 9 Block 3,Launch Successful,2016-07-18 04:45:00+00:00,"SLC-40, Cape Canaveral AFS, Florida, USA",Cargo,2016,7,18,Monday,4,45,129,0,69
Atlas V 421 | NROL-61,ULA,Atlas V 421,Launch Successful,2016-07-28 12:37:00+00:00,"SLC-41, Cape Canaveral AFS, Florida, USA",Military,2016,7,28,Thursday,12,47,34,4,70
Long March 3B/E | Tiantong-1 01,CASC,Long March 3B/E,Launch Successful,2016-08-05 16:22:00+00:00,"LC-3, Xichang Satellite Launch Center, China",Unknown,2016,8,5,Friday,16,7,175,7,32
Long March 4C | Gaofen-3,CASC,Long March 4C,Launch Successful,2016-08-09 22:55:00+00:00,"LC-9, Taiyuan Satellite Launch Center, China",Unknown,2016,8,9,Tuesday,22,7,182,7,41
Falcon 9 Block 3 | JCSAT-16,SpaceX,Falcon 9 Block 3,Launch Successful,2016-08-14 05:26:00+00:00,"SLC-40, Cape Canaveral AFS, Florida, USA",Unknown,2016,8,14,Sunday,5,45,129,7,69
"Long March 2D | QUESS, Lixing-1, & 3CAT 2",CASC,Long March 2D,Launch Successful,2016-08-15 17:40:00+00:00,"Site 9401 (SLS-2), Jiuquan Satellite Launch Center, China",Unknown,2016,8,15,Monday,17,7,166,7,119
"Delta IV Medium+ (4,2) | AFSPC-6",ULA,"Delta IV Medium+ (4,2)",Launch Successful,2016-08-19 04:52:00+00:00,"SLC-37B, Cape Canaveral AFS, Florida, USA",Unknown,2016,8,19,Friday,4,47,112,7,66
"Ariane 5 ECA | Intelsat 33e, Intelsat 36",Arianespace,Ariane 5 ECA,Launch Successful,2016-08-24 22:16:00+00:00,"ELA-3, Guiana Space Centre, French Guiana, France",Unknown,2016,8,24,Wednesday,22,3,18,7,5
Long March 4C | Gaofen-10,CASC,Long March 4C,Launch Failure,2016-08-31 18:50:00+00:00,"LC-9, Taiyuan Satellite Launch Center, China",Unknown,2016,8,31,Wednesday,18,7,182,7,41
Falcon 9 Block 3 | AMOS-6,SpaceX,Falcon 9 Block 3,Launch Failure,2016-09-01 13:07:00+00:00,"SLC-40, Cape Canaveral AFS, Florida, USA",Unknown,2016,9,1,Thursday,13,45,129,7,69
GSLV Mk II | INSAT-3DR,ISRO,GSLV Mk II,Launch Successful,2016-09-08 11:20:00+00:00,"Second Launch Pad, Satish Dhawan Space Centre, India",Unknown,2016,9,8,Thursday,11,23,137,7,82
Atlas V 411 | OSIRIS-REx,ULA,Atlas V 411,Launch Successful,2016-09-08 23:05:00+00:00,"SLC-41, Cape Canaveral AFS, Florida, USA",Unknown,2016,9,8,Thursday,23,47,33,7,70
Shavit-2 | Ofek-11,IAI,Shavit-2,Launch Successful,2016-09-13 14:30:00+00:00,"Pad 1, Palmachim Airbase, Israel",Unknown,2016,9,13,Tuesday,14,18,254,7,52
Long March 2F/T | Tiangong-2,CASC,Long March 2F/T,Launch Successful,2016-09-15 14:04:00+00:00,"Site 901 (SLS-1), Jiuquan Satellite Launch Center, China",Unknown,2016,9,15,Thursday,14,7,171,7,118
Vega | PeruSat-1 and SkySats 4-7,Arianespace,Vega,Launch Successful,2016-09-16 01:43:00+00:00,"ELV-1 (SLV), Guiana Space Centre, French Guiana, France",Unknown,2016,9,16,Friday,1,3,328,7,8
PSLV-G | ScatSat-1 & Rideshares,ISRO,PSLV-G,Launch Successful,2016-09-26 03:42:00+00:00,"First Launch Pad, Satish Dhawan Space Centre, India",Unknown,2016,9,26,Monday,3,23,218,7,9
"Ariane 5 ECA | Sky Muster II, GSAT-18",Arianespace,Ariane 5 ECA,Launch Successful,2016-10-05 20:30:00+00:00,"ELA-3, Guiana Space Centre, French Guiana, France",Unknown,2016,10,5,Wednesday,20,3,18,7,5
New Shepard | NS-6 (Inflight Escape Test),Blue Origin,New Shepard,Launch Successful,2016-10-06 15:36:00+00:00,"Blue Origin Launch Site, West Texas, Texas, USA",Unknown,2016,10,6,Thursday,15,5,214,7,0
Long March 2F/G | Shenzhou 11,CASC,Long March 2F/G,Launch Successful,2016-10-16 23:30:00+00:00,"Site 901 (SLS-1), Jiuquan Satellite Launch Center, China",Unknown,2016,10,16,Sunday,23,7,170,7,118
Antares 230 | CRS OA-5,Northrop,Antares 230,Launch Successful,2016-10-17 23:45:00+00:00,"LP-0A, Wallops Flight Facility, Virginia, USA",Cargo,2016,10,17,Monday,23,36,6,0,43
Soyuz FG | Soyuz MS-02,Roscosmos,Soyuz FG,Launch Successful,2016-10-19 08:05:00+00:00,"Site 31/6, Baikonur Cosmodrome, Kazakhstan",Unknown,2016,10,19,Wednesday,8,42,267,7,101
H-IIA 202 | Himawari 9,MHI,H-IIA 202,Launch Successful,2016-11-02 06:20:00+00:00,"LA-Y1, Tanegashima Space Center, Japan",Unknown,2016,11,2,Wednesday,6,32,144,7,17
Long March 5/YZ-2 | Shijian-17,CASC,Long March 5/YZ-2,Launch Successful,2016-11-03 12:42:00+00:00,"LC-101, Wenchang Satellite Launch Center, China",Unknown,2016,11,3,Thursday,12,7,184,7,20
"Long March 11 | XPNAV 1, Xiaoxiang 1 & Others",CASC,Long March 11,Launch Successful,2016-11-09 23:42:00+00:00,"Site 95, Jiuquan Satellite Launch Center, China",Unknown,2016,11,9,Wednesday,23,7,161,7,120
Atlas V 401 | WorldView-4,ULA,Atlas V 401,Launch Successful,2016-11-11 18:30:00+00:00,"SLC-3E, Vandenberg AFB, California, USA",Unknown,2016,11,11,Friday,18,47,32,7,67
Long March 2D | Yunhai-1,CASC,Long March 2D,Launch Successful,2016-11-11 23:14:00+00:00,"Site 9401 (SLS-2), Jiuquan Satellite Launch Center, China",Unknown,2016,11,11,Friday,23,7,166,7,119
Ariane 5 ES | Galileo FOC FM7/FM12-FM14,Arianespace,Ariane 5 ES,Launch Successful,2016-11-17 13:06:00+00:00,"ELA-3, Guiana Space Centre, French Guiana, France",Navigation,2016,11,17,Thursday,13,3,19,5,5
Soyuz FG | Soyuz MS-03,Roscosmos,Soyuz FG,Launch Successful,2016-11-17 20:20:00+00:00,"Site 1/5, Baikonur Cosmodrome, Kazakhstan",Unknown,2016,11,17,Thursday,20,42,267,7,83
Atlas V 541 | GOES-R (GOES-16),ULA,Atlas V 541,Launch Successful,2016-11-19 23:42:00+00:00,"SLC-41, Cape Canaveral AFS, Florida, USA",Unknown,2016,11,19,Saturday,23,47,39,7,70
Long March 3C/E | Tianlian I-04,CASC,Long March 3C/E,Launch Successful,2016-11-22 15:24:00+00:00,"LC-2, Xichang Satellite Launch Center, China",Unknown,2016,11,22,Tuesday,15,7,178,7,29
Soyuz U | Progress MS-04,Roscosmos,Soyuz U,Launch Failure,2016-12-01 14:52:00+00:00,"Site 1/5, Baikonur Cosmodrome, Kazakhstan",Unknown,2016,12,1,Thursday,14,42,275,7,83
Vega | G??kt??rk-1A,Arianespace,Vega,Launch Successful,2016-12-05 13:51:00+00:00,"ELV-1 (SLV), Guiana Space Centre, French Guiana, France",Unknown,2016,12,5,Monday,13,3,328,7,8
PSLV-XL | Resourcesat-2A,ISRO,PSLV-XL,Launch Successful,2016-12-07 04:54:00+00:00,"First Launch Pad, Satish Dhawan Space Centre, India",Unknown,2016,12,7,Wednesday,4,23,220,7,9
"Delta IV Medium+ (5,4) | WGS-8",ULA,"Delta IV Medium+ (5,4)",Launch Successful,2016-12-07 23:53:00+00:00,"SLC-37B, Cape Canaveral AFS, Florida, USA",Unknown,2016,12,7,Wednesday,23,47,114,7,66
H-IIB | HTV-6,MHI,H-IIB,Launch Successful,2016-12-09 13:26:00+00:00,"LA-Y2, Tanegashima Space Center, Japan",Unknown,2016,12,9,Friday,13,32,148,7,18
Long March 3B/E | Fengyun 4A,CASC,Long March 3B/E,Launch Successful,2016-12-10 16:11:00+00:00,"LC-3, Xichang Satellite Launch Center, China",Unknown,2016,12,10,Saturday,16,7,175,7,32
Pegasus XL | CYGNSS,Northrop,Pegasus XL,Launch Successful,2016-12-15 13:37:00+00:00,"Stargazer, Cape Canaveral AFS, Florida, USA",Unknown,2016,12,15,Thursday,13,36,222,7,122
Atlas V 431 | EchoStar 19,ULA,Atlas V 431,Launch Successful,2016-12-18 19:13:00+00:00,"SLC-41, Cape Canaveral AFS, Florida, USA",Unknown,2016,12,18,Sunday,19,47,35,7,70
Epsilon | ERG,JAXA,Epsilon,Launch Successful,2016-12-20 11:00:00+00:00,"Mu Pad, Uchinoura Space Center, Japan",Unknown,2016,12,20,Tuesday,11,24,123,7,48
"Long March 2D | TanSat & Spark 1, 2",CASC,Long March 2D,Launch Successful,2016-12-21 19:22:00+00:00,"Site 9401 (SLS-2), Jiuquan Satellite Launch Center, China",Unknown,2016,12,21,Wednesday,19,7,166,7,119
"Ariane 5 ECA | Star One D1, JCSAT-15",Arianespace,Ariane 5 ECA,Launch Successful,2016-12-21 20:30:00+00:00,"ELA-3, Guiana Space Centre, French Guiana, France",Unknown,2016,12,21,Wednesday,20,3,18,7,5
"Long March 2D | SuperView-1 1, 2 & Bayi Kepu 1",CASC,Long March 2D,Partial Failure,2016-12-28 03:23:00+00:00,"LC-9, Taiyuan Satellite Launch Center, China",Unknown,2016,12,28,Wednesday,3,7,166,7,41
Long March 3B/E | TJS 2,CASC,Long March 3B/E,Launch Successful,2017-01-05 15:18:00+00:00,"LC-2, Xichang Satellite Launch Center, China",Unknown,2017,1,5,Thursday,15,7,175,7,29
"Kuaizhou 1A | Jilin-1 03, Caton-1 & Xingyun Shiyan 1",ExPace,Kuaizhou 1A,Launch Successful,2017-01-09 04:11:00+00:00,"Site 95, Jiuquan Satellite Launch Center, China",Unknown,2017,1,9,Monday,4,15,157,7,120
Falcon 9 Block 3 | Iridium-1,SpaceX,Falcon 9 Block 3,Launch Successful,2017-01-14 17:54:00+00:00,"SLC-4E, Vandenberg AFB, California, USA",Unknown,2017,1,14,Saturday,17,45,129,7,72
SS-520 | TRICOM-1,JAXA,SS-520,Launch Failure,2017-01-14 23:33:00+00:00,"Uchinoura Space Center, Japan",Unknown,2017,1,14,Saturday,23,24,238,7,129
Atlas V 401 | SBIRS GEO-3,ULA,Atlas V 401,Launch Successful,2017-01-21 00:42:00+00:00,"SLC-41, Cape Canaveral AFS, Florida, USA",Unknown,2017,1,21,Saturday,0,47,32,7,70
H-IIA 204 | DSN-2,MHI,H-IIA 204,Launch Successful,2017-01-24 07:44:00+00:00,"LA-Y1, Tanegashima Space Center, Japan",Unknown,2017,1,24,Tuesday,7,32,147,7,17
Soyuz ST-B/Fregat-MT | Hispasat AG1,Arianespace,Soyuz ST-B/Fregat-MT,Launch Successful,2017-01-28 01:03:00+00:00,"ELS, Guiana Space Centre, French Guiana, France",Unknown,2017,1,28,Saturday,1,3,274,7,7
Ariane 5 ECA | Intelsat 32e/SkyBrasil-1 & Telkom-3S,Arianespace,Ariane 5 ECA,Launch Successful,2017-02-14 21:39:00+00:00,"ELA-3, Guiana Space Centre, French Guiana, France",Unknown,2017,2,14,Tuesday,21,3,18,7,5
PSLV-XL | Cartosat-2D & Rideshares,ISRO,PSLV-XL,Launch Successful,2017-02-15 03:58:00+00:00,"First Launch Pad, Satish Dhawan Space Centre, India",Unknown,2017,2,15,Wednesday,3,23,220,7,9
Falcon 9 Block 3 | CRS-10,SpaceX,Falcon 9 Block 3,Launch Successful,2017-02-19 14:39:00+00:00,"LC-39A, Kennedy Space Center, Florida, USA",Cargo,2017,2,19,Sunday,14,45,129,0,34
Soyuz U | Progress MS-05 (66P),Roscosmos,Soyuz U,Launch Successful,2017-02-22 05:58:00+00:00,"Site 1/5, Baikonur Cosmodrome, Kazakhstan",Unknown,2017,2,22,Wednesday,5,42,275,7,83
Atlas V 401 | NROL-79,ULA,Atlas V 401,Launch Successful,2017-03-01 17:49:00+00:00,"SLC-3E, Vandenberg AFB, California, USA",Military,2017,3,1,Wednesday,17,47,32,4,67
Kaituozhe 2 | Tiankun-1,CASIC,Kaituozhe 2,Launch Successful,2017-03-02 23:53:00+00:00,"Site 95, Jiuquan Satellite Launch Center, China",Unknown,2017,3,2,Thursday,23,8,154,7,120
Vega | Sentinel 2B,Arianespace,Vega,Launch Successful,2017-03-07 01:49:00+00:00,"ELV-1 (SLV), Guiana Space Centre, French Guiana, France",Earth Observation,2017,3,7,Tuesday,1,3,328,3,8
Falcon 9 Block 3 | Echostar 23,SpaceX,Falcon 9 Block 3,Launch Successful,2017-03-16 06:00:00+00:00,"LC-39A, Kennedy Space Center, Florida, USA",Unknown,2017,3,16,Thursday,6,45,129,7,34
H-IIA 202 | IGS-Radar 5,MHI,H-IIA 202,Launch Successful,2017-03-17 01:20:00+00:00,"LA-Y1, Tanegashima Space Center, Japan",Unknown,2017,3,17,Friday,1,32,144,7,17
"Delta IV Medium+ (5,4) | WGS-9",ULA,"Delta IV Medium+ (5,4)",Launch Successful,2017-03-19 00:18:00+00:00,"SLC-37B, Cape Canaveral AFS, Florida, USA",Unknown,2017,3,19,Sunday,0,47,114,7,66
Falcon 9 Block 3 | SES-10,SpaceX,Falcon 9 Block 3,Launch Successful,2017-03-30 22:27:00+00:00,"LC-39A, Kennedy Space Center, Florida, USA",Communications,2017,3,30,Thursday,22,45,129,1,34
Long March 3B/E | Shijian 13,CASC,Long March 3B/E,Launch Successful,2017-04-12 11:04:00+00:00,"LC-2, Xichang Satellite Launch Center, China",Unknown,2017,4,12,Wednesday,11,7,175,7,29
Atlas V 401 | CRS OA-7,ULA,Atlas V 401,Launch Successful,2017-04-18 15:11:00+00:00,"SLC-41, Cape Canaveral AFS, Florida, USA",Cargo,2017,4,18,Tuesday,15,47,32,0,70
Soyuz FG | Soyuz MS-04 (50S),Roscosmos,Soyuz FG,Launch Successful,2017-04-20 07:13:00+00:00,"Site 1/5, Baikonur Cosmodrome, Kazakhstan",Unknown,2017,4,20,Thursday,7,42,267,7,83
Long March 7/YZ-1A | Tianzhou 1,CASC,Long March 7/YZ-1A,Launch Successful,2017-04-20 11:41:00+00:00,"LC-201, Wenchang Satellite Launch Center, China",Unknown,2017,4,20,Thursday,11,7,187,7,30
Falcon 9 Block 3 | NROL-76,SpaceX,Falcon 9 Block 3,Launch Successful,2017-05-01 11:15:00+00:00,"LC-39A, Kennedy Space Center, Florida, USA",Military,2017,5,1,Monday,11,45,129,4,34
"Ariane 5 ECA | Koreasat 7, SGDC-1",Arianespace,Ariane 5 ECA,Launch Successful,2017-05-04 21:50:00+00:00,"ELA-3, Guiana Space Centre, French Guiana, France",Unknown,2017,5,4,Thursday,21,3,18,7,5
GSLV Mk II | GSAT-9,ISRO,GSLV Mk II,Launch Successful,2017-05-05 11:27:00+00:00,"Second Launch Pad, Satish Dhawan Space Centre, India",Unknown,2017,5,5,Friday,11,23,137,7,82
Falcon 9 Block 3 | Inmarsat-5 F4,SpaceX,Falcon 9 Block 3,Launch Successful,2017-05-15 23:21:00+00:00,"LC-39A, Kennedy Space Center, Florida, USA",Unknown,2017,5,15,Monday,23,45,129,7,34
Soyuz ST-A/Fregat-M | SES-15,Arianespace,Soyuz ST-A/Fregat-M,Launch Successful,2017-05-18 11:54:00+00:00,"ELS, Guiana Space Centre, French Guiana, France",Communications,2017,5,18,Thursday,11,3,272,1,7
Electron | It's a Test,Rocket Lab,Electron,Launch Failure,2017-05-25 04:20:00+00:00,"Rocket Lab LC-1A, M?hia Peninsula, New Zealand",Unknown,2017,5,25,Thursday,4,41,119,7,56
Soyuz 2.1b/Fregat-M | EKS-2,VKS RF,Soyuz 2.1b/Fregat-M,Launch Successful,2017-05-25 06:33:00+00:00,"Site 43/4, Plesetsk Cosmodrome, Russia",Unknown,2017,5,25,Thursday,6,51,264,7,109
H-IIA 202 | QZS-2,MHI,H-IIA 202,Launch Successful,2017-06-01 00:17:00+00:00,"LA-Y1, Tanegashima Space Center, Japan",Unknown,2017,6,1,Thursday,0,32,144,7,17
"Ariane 5 ECA | ViaSat 2, Eutelsat 172B",Arianespace,Ariane 5 ECA,Launch Successful,2017-06-01 23:45:00+00:00,"ELA-3, Guiana Space Centre, French Guiana, France",Unknown,2017,6,1,Thursday,23,3,18,7,5
Falcon 9 Block 3 | CRS-11,SpaceX,Falcon 9 Block 3,Launch Successful,2017-06-03 21:07:00+00:00,"LC-39A, Kennedy Space Center, Florida, USA",Cargo,2017,6,3,Saturday,21,45,129,0,34
GSLV Mk III | GSAT-19,ISRO,GSLV Mk III,Launch Successful,2017-06-05 11:58:00+00:00,"Second Launch Pad, Satish Dhawan Space Centre, India",Unknown,2017,6,5,Monday,11,23,138,7,82
Proton-M/Briz-M | Echostar 21,ILS,Proton-M/Briz-M,Launch Successful,2017-06-08 03:45:00+00:00,"Site 81/24, Baikonur Cosmodrome, Kazakhstan",Unknown,2017,6,8,Thursday,3,19,231,7,114
Soyuz 2.1a | Progress MS-06 (67P),Roscosmos,Soyuz 2.1a,Launch Successful,2017-06-14 09:20:00+00:00,"Site 31/6, Baikonur Cosmodrome, Kazakhstan",Unknown,2017,6,14,Wednesday,9,42,258,7,101
Long March 4B | HXMT & Others,CASC,Long March 4B,Launch Successful,2017-06-15 03:15:00+00:00,"Site 9401 (SLS-2), Jiuquan Satellite Launch Center, China",Unknown,2017,6,15,Thursday,3,7,181,7,119
Long March 3B/E | ChinaSat 9A,CASC,Long March 3B/E,Partial Failure,2017-06-18 16:12:00+00:00,"LC-2, Xichang Satellite Launch Center, China",Unknown,2017,6,18,Sunday,16,7,175,7,29
PSLV-XL | Cartosat-2E & Rideshares,ISRO,PSLV-XL,Launch Successful,2017-06-23 03:59:00+00:00,"First Launch Pad, Satish Dhawan Space Centre, India",Unknown,2017,6,23,Friday,3,23,220,7,9
"Soyuz 2.1v/Volga | Cosmos 2519, 2521 and 2523",VKS RF,Soyuz 2.1v/Volga,Launch Successful,2017-06-23 18:04:00+00:00,"Site 43/4, Plesetsk Cosmodrome, Russia",Unknown,2017,6,23,Friday,18,51,266,7,109
Falcon 9 Block 3 | BulgariaSat-1,SpaceX,Falcon 9 Block 3,Launch Successful,2017-06-23 19:10:00+00:00,"LC-39A, Kennedy Space Center, Florida, USA",Unknown,2017,6,23,Friday,19,45,129,7,34
Falcon 9 Block 3 | Iridium-2,SpaceX,Falcon 9 Block 3,Launch Successful,2017-06-25 20:25:00+00:00,"SLC-4E, Vandenberg AFB, California, USA",Unknown,2017,6,25,Sunday,20,45,129,7,72
"Ariane 5 ECA | Hellas Sat 3-Inmarsat S EAN, GSAT-17",Arianespace,Ariane 5 ECA,Launch Successful,2017-06-28 21:15:00+00:00,"ELA-3, Guiana Space Centre, French Guiana, France",Unknown,2017,6,28,Wednesday,21,3,18,7,5
Long March 5 | Shijian-18,CASC,Long March 5,Launch Failure,2017-07-02 11:23:00+00:00,"LC-101, Wenchang Satellite Launch Center, China",Unknown,2017,7,2,Sunday,11,7,183,7,20
Falcon 9 Block 3 | Intelsat 35e,SpaceX,Falcon 9 Block 3,Launch Successful,2017-07-05 20:25:00+00:00,"LC-39A, Kennedy Space Center, Florida, USA",Unknown,2017,7,5,Wednesday,20,45,129,7,34
Soyuz 2.1a/Fregat | Kanopus-V IK & Rideshares,Roscosmos,Soyuz 2.1a/Fregat,Partial Failure,2017-07-14 06:36:00+00:00,"Site 31/6, Baikonur Cosmodrome, Kazakhstan",Unknown,2017,7,14,Friday,6,42,259,7,101
Soyuz FG | Soyuz MS-05 (51S),Roscosmos,Soyuz FG,Launch Successful,2017-07-28 15:41:00+00:00,"Site 1/5, Baikonur Cosmodrome, Kazakhstan",Unknown,2017,7,28,Friday,15,42,267,7,83
Vega | OPSAT 3000 & VEN†æS,Arianespace,Vega,Launch Successful,2017-08-02 01:58:00+00:00,"ELV-1 (SLV), Guiana Space Centre, French Guiana, France",Unknown,2017,8,2,Wednesday,1,3,328,7,8
Soyuz FG | Soyuz MS-06 (52S),Roscosmos,Soyuz FG,Launch Successful,2017-08-12 21:17:00+00:00,"Site 1/5, Baikonur Cosmodrome, Kazakhstan",Unknown,2017,8,12,Saturday,21,42,267,7,83
Falcon 9 Block 4 | CRS-12,SpaceX,Falcon 9 Block 4,Launch Successful,2017-08-14 16:31:00+00:00,"LC-39A, Kennedy Space Center, Florida, USA",Cargo,2017,8,14,Monday,16,45,130,0,34
Proton-M/Briz-M | Blagovest-11L,VKS RF,Proton-M/Briz-M,Launch Successful,2017-08-16 22:07:00+00:00,"Site 81/24, Baikonur Cosmodrome, Kazakhstan",Unknown,2017,8,16,Wednesday,22,51,231,7,114
Atlas V 401 | TDRS-M (TDRS-13),ULA,Atlas V 401,Launch Successful,2017-08-18 12:29:00+00:00,"SLC-41, Cape Canaveral AFS, Florida, USA",Unknown,2017,8,18,Friday,12,47,32,7,70
H-IIA 204 | QZS-3,MHI,H-IIA 204,Launch Successful,2017-08-19 05:29:00+00:00,"LA-Y1, Tanegashima Space Center, Japan",Unknown,2017,8,19,Saturday,5,32,147,7,17
Soyuz 2.1b/Fregat-M | GLONASS-M No.52S,VKS RF,Soyuz 2.1b/Fregat-M,Launch Successful,2017-08-22 00:02:00+00:00,"Site 43/4, Plesetsk Cosmodrome, Russia",Unknown,2017,8,22,Tuesday,0,51,264,7,109
Falcon 9 Block 3 | Formosat-5,SpaceX,Falcon 9 Block 3,Launch Successful,2017-08-24 18:51:00+00:00,"SLC-4E, Vandenberg AFB, California, USA",Unknown,2017,8,24,Thursday,18,45,129,7,72
Minotaur IV | ORS-5,Northrop,Minotaur IV,Launch Successful,2017-08-25 06:04:00+00:00,"SLC-46, Cape Canaveral AFS, Florida, USA",Unknown,2017,8,25,Friday,6,36,192,7,71
PSLV-XL | IRNSS-1H,ISRO,PSLV-XL,Launch Failure,2017-08-31 13:30:00+00:00,"First Launch Pad, Satish Dhawan Space Centre, India",Unknown,2017,8,31,Thursday,13,23,220,7,9
Falcon 9 Block 4 | OTV-5,SpaceX,Falcon 9 Block 4,Launch Successful,2017-09-07 14:00:00+00:00,"LC-39A, Kennedy Space Center, Florida, USA",Unknown,2017,9,7,Thursday,14,45,130,7,34
Proton-M/Briz-M | Amazonas 5,ILS,Proton-M/Briz-M,Launch Successful,2017-09-11 19:23:00+00:00,"Site 200/39, Baikonur Cosmodrome, Kazakhstan",Unknown,2017,9,11,Monday,19,19,231,7,99
Atlas V 541 | NROL-42,ULA,Atlas V 541,Launch Successful,2017-09-24 05:49:00+00:00,"SLC-3E, Vandenberg AFB, California, USA",Military,2017,9,24,Sunday,5,47,39,4,67
Proton-M/Briz-M | AsiaSat 9,VKS RF,Proton-M/Briz-M,Launch Successful,2017-09-28 18:52:00+00:00,"Site 200/39, Baikonur Cosmodrome, Kazakhstan",Unknown,2017,9,28,Thursday,18,51,231,7,99
"Long March 2C | Yaogan-30 A, B & C",CASC,Long March 2C,Launch Successful,2017-09-29 04:21:00+00:00,"LC-3, Xichang Satellite Launch Center, China",Unknown,2017,9,29,Friday,4,7,164,7,32
"Ariane 5 ECA | Intelsat 37e, BSAT-4a",Arianespace,Ariane 5 ECA,Launch Successful,2017-09-29 21:56:00+00:00,"ELA-3, Guiana Space Centre, French Guiana, France",Unknown,2017,9,29,Friday,21,3,18,7,5
Long March 2D | VRSS-2,CASC,Long March 2D,Launch Successful,2017-10-09 04:13:00+00:00,"Site 9401 (SLS-2), Jiuquan Satellite Launch Center, China",Unknown,2017,10,9,Monday,4,7,166,7,119
Falcon 9 Block 4 | Iridium-3,SpaceX,Falcon 9 Block 4,Launch Successful,2017-10-09 12:37:00+00:00,"SLC-4E, Vandenberg AFB, California, USA",Unknown,2017,10,9,Monday,12,45,130,7,72
H-IIA 202 | QZS-4,MHI,H-IIA 202,Launch Successful,2017-10-09 22:01:00+00:00,"LA-Y1, Tanegashima Space Center, Japan",Unknown,2017,10,9,Monday,22,32,144,7,17
Falcon 9 Block 3 | SES-11 / EchoStar 105,SpaceX,Falcon 9 Block 3,Launch Successful,2017-10-11 22:53:00+00:00,"LC-39A, Kennedy Space Center, Florida, USA",Communications,2017,10,11,Wednesday,22,45,129,1,34
Rokot/Briz KM | Sentinel-5P,Eurockot,Rokot/Briz KM,Launch Successful,2017-10-13 09:27:00+00:00,"Site 133/3, Plesetsk Cosmodrome, Russia",Earth Observation,2017,10,13,Friday,9,14,234,3,90
Soyuz 2.1a | Progress MS-07 (68P),Roscosmos,Soyuz 2.1a,Launch Successful,2017-10-14 08:46:00+00:00,"Site 31/6, Baikonur Cosmodrome, Kazakhstan",Unknown,2017,10,14,Saturday,8,42,258,7,101
Atlas V 421 | NROL-52,ULA,Atlas V 421,Launch Successful,2017-10-15 07:28:00+00:00,"SLC-41, Cape Canaveral AFS, Florida, USA",Military,2017,10,15,Sunday,7,47,34,4,70
Falcon 9 Block 4 | Koreasat 5A,SpaceX,Falcon 9 Block 4,Launch Successful,2017-10-30 19:34:00+00:00,"LC-39A, Kennedy Space Center, Florida, USA",Unknown,2017,10,30,Monday,19,45,130,7,34
Minotaur C (Taurus) | SkySat & Flock-3m,Northrop,Minotaur C (Taurus),Launch Successful,2017-10-31 21:37:00+00:00,"SLC-576E, Vandenberg AFB, California, USA",Unknown,2017,10,31,Tuesday,21,36,190,7,75
Long March 3B/YZ-1 | BeiDou-3 M1 & M2,CASC,Long March 3B/YZ-1,Launch Successful,2017-11-05 11:45:00+00:00,"LC-2, Xichang Satellite Launch Center, China",Unknown,2017,11,5,Sunday,11,7,176,7,29
Vega | Mohammed VI-A,Arianespace,Vega,Launch Successful,2017-11-08 01:42:00+00:00,"ELV-1 (SLV), Guiana Space Centre, French Guiana, France",Unknown,2017,11,8,Wednesday,1,3,328,7,8
Antares 230 | CRS OA-8E,Northrop,Antares 230,Launch Successful,2017-11-12 12:19:00+00:00,"LP-0A, Wallops Flight Facility, Virginia, USA",Cargo,2017,11,12,Sunday,12,36,6,0,43
Long March 4C | Fengyun 3D,CASC,Long March 4C,Launch Successful,2017-11-14 18:35:00+00:00,"LC-9, Taiyuan Satellite Launch Center, China",Unknown,2017,11,14,Tuesday,18,7,182,7,41
Delta II 7920-10C | JPSS-1,ULA,Delta II 7920-10C,Launch Successful,2017-11-18 09:47:00+00:00,"SLC-2W, Vandenberg AFB, California, USA",Unknown,2017,11,18,Saturday,9,47,98,7,63
"Long March 6 | Jilin-1 Video 04, 05 & 06",CASC,Long March 6,Launch Successful,2017-11-21 04:50:00+00:00,"LC-16, Taiyuan Satellite Launch Center, China",Unknown,2017,11,21,Tuesday,4,7,186,7,25
"Long March 2C | Yaogan-30 D, E, & F",CASC,Long March 2C,Launch Successful,2017-11-24 18:10:00+00:00,"LC-3, Xichang Satellite Launch Center, China",Unknown,2017,11,24,Friday,18,7,164,7,32
Soyuz 2.1b/Fregat-M | Meteor-M No.2-1 & Rideshares,Roscosmos,Soyuz 2.1b/Fregat-M,Launch Failure,2017-11-28 05:41:00+00:00,"Site 1S, Vostochny Cosmodrome, Russia",Unknown,2017,11,28,Tuesday,5,42,264,7,98
Soyuz 2.1b | Cosmos 2524,VKS RF,Soyuz 2.1b,Launch Successful,2017-12-02 10:43:00+00:00,"Site 43/4, Plesetsk Cosmodrome, Russia",Unknown,2017,12,2,Saturday,10,51,262,7,109
Long March 2D | LKW-1,CASC,Long March 2D,Launch Successful,2017-12-03 04:11:00+00:00,"Site 9401 (SLS-2), Jiuquan Satellite Launch Center, China",Unknown,2017,12,3,Sunday,4,7,166,7,119
Long March 3B/E | Alcomsat-1,CASC,Long March 3B/E,Launch Successful,2017-12-10 16:41:00+00:00,"LC-2, Xichang Satellite Launch Center, China",Unknown,2017,12,10,Sunday,16,7,175,7,29
Ariane 5 ES | Galileo FOC FM15-FM18,Arianespace,Ariane 5 ES,Launch Successful,2017-12-12 18:36:00+00:00,"ELA-3, Guiana Space Centre, French Guiana, France",Navigation,2017,12,12,Tuesday,18,3,19,5,5
Falcon 9 Block 3 | CRS-13,SpaceX,Falcon 9 Block 3,Launch Successful,2017-12-15 15:36:00+00:00,"SLC-40, Cape Canaveral AFS, Florida, USA",Cargo,2017,12,15,Friday,15,45,129,0,69
Soyuz FG | Soyuz MS-07 (53S),Roscosmos,Soyuz FG,Launch Successful,2017-12-17 07:21:00+00:00,"Site 1/5, Baikonur Cosmodrome, Kazakhstan",Unknown,2017,12,17,Sunday,7,42,267,7,83
H-IIA 202 | GCOM-C & SLATS,MHI,H-IIA 202,Launch Successful,2017-12-23 01:26:00+00:00,"LA-Y1, Tanegashima Space Center, Japan",Unknown,2017,12,23,Saturday,1,32,144,7,17
Falcon 9 Block 3 | Iridium-4,SpaceX,Falcon 9 Block 3,Launch Successful,2017-12-23 01:27:00+00:00,"SLC-4E, Vandenberg AFB, California, USA",Unknown,2017,12,23,Saturday,1,45,129,7,72
Long March 2D | LKW-2,CASC,Long March 2D,Launch Successful,2017-12-23 04:14:00+00:00,"Site 9401 (SLS-2), Jiuquan Satellite Launch Center, China",Unknown,2017,12,23,Saturday,4,7,166,7,119
"Long March 2C | Yaogan-30 G, H & I",CASC,Long March 2C,Launch Successful,2017-12-25 19:44:00+00:00,"LC-3, Xichang Satellite Launch Center, China",Unknown,2017,12,25,Monday,19,7,164,7,32
Zenit-3 SLBF | AngoSat-1,Land Launch,Zenit-3 SLBF,Launch Successful,2017-12-26 19:00:00+00:00,"Site 45/1, Baikonur Cosmodrome, Kazakhstan",Unknown,2017,12,26,Tuesday,19,29,339,7,110
Falcon 9 Block 4 | Zuma,SpaceX,Falcon 9 Block 4,Launch Successful,2018-01-08 01:00:00+00:00,"SLC-40, Cape Canaveral AFS, Florida, USA",Unknown,2018,1,8,Monday,1,45,130,7,69
Long March 2D | SuperView 03 & 04,CASC,Long March 2D,Launch Successful,2018-01-09 03:24:00+00:00,"LC-9, Taiyuan Satellite Launch Center, China",Unknown,2018,1,9,Tuesday,3,7,166,7,41
Long March 3B/YZ-1 | BeiDou-3 M7 & M8,CASC,Long March 3B/YZ-1,Launch Successful,2018-01-11 23:18:00+00:00,"LC-2, Xichang Satellite Launch Center, China",Unknown,2018,1,11,Thursday,23,7,176,7,29
PSLV-XL | Cartosat-2F & Rideshares,ISRO,PSLV-XL,Launch Successful,2018-01-12 03:58:00+00:00,"First Launch Pad, Satish Dhawan Space Centre, India",Unknown,2018,1,12,Friday,3,23,220,7,9
"Delta IV Medium+ (5,2) | NROL-47",ULA,"Delta IV Medium+ (5,2)",Launch Successful,2018-01-12 22:11:00+00:00,"SLC-6, Vandenberg AFB, California, USA",Military,2018,1,12,Friday,22,47,113,4,76
Long March 2D | LKW-3,CASC,Long March 2D,Launch Successful,2018-01-13 07:20:00+00:00,"Site 9401 (SLS-2), Jiuquan Satellite Launch Center, China",Unknown,2018,1,13,Saturday,7,7,166,7,119
Epsilon PBS | ASNARO 2,JAXA,Epsilon PBS,Launch Successful,2018-01-17 21:06:00+00:00,"Mu Pad, Uchinoura Space Center, Japan",Unknown,2018,1,17,Wednesday,21,24,125,7,48
"Long March 11 | Jilin-1 07, 08 & Others",CASC,Long March 11,Launch Successful,2018-01-19 04:12:00+00:00,"Site 95, Jiuquan Satellite Launch Center, China",Unknown,2018,1,19,Friday,4,7,161,7,120
Atlas V 411 | SBIRS GEO-4,ULA,Atlas V 411,Launch Successful,2018-01-20 00:48:00+00:00,"SLC-41, Cape Canaveral AFS, Florida, USA",Unknown,2018,1,20,Saturday,0,47,33,7,70
Electron/Curie | Still Testing,Rocket Lab,Electron/Curie,Launch Successful,2018-01-21 01:43:00+00:00,"Rocket Lab LC-1A, M?hia Peninsula, New Zealand",Unknown,2018,1,21,Sunday,1,41,120,7,56
"Long March 2C | Yaogan 30 J, K & L",CASC,Long March 2C,Launch Successful,2018-01-25 05:39:00+00:00,"LC-3, Xichang Satellite Launch Center, China",Unknown,2018,1,25,Thursday,5,7,164,7,32
Ariane 5 ECA | SES-14/GOLD & Al Yah-3,Arianespace,Ariane 5 ECA,Partial Failure,2018-01-25 22:20:00+00:00,"ELA-3, Guiana Space Centre, French Guiana, France",Communications,2018,1,25,Thursday,22,3,18,1,5
Falcon 9 Block 3 | GovSat-1 / SES-16,SpaceX,Falcon 9 Block 3,Launch Successful,2018-01-31 21:25:00+00:00,"SLC-40, Cape Canaveral AFS, Florida, USA",Communications,2018,1,31,Wednesday,21,45,129,1,69
Soyuz 2.1a/Fregat-M | Kanopus-V No. 3-4 & Rideshares,Roscosmos,Soyuz 2.1a/Fregat-M,Launch Successful,2018-02-01 02:07:00+00:00,"Site 1S, Vostochny Cosmodrome, Russia",Unknown,2018,2,1,Thursday,2,42,260,7,98
Long March 2D | CSES & Rideshares,CASC,Long March 2D,Launch Successful,2018-02-02 07:50:00+00:00,"Site 9401 (SLS-2), Jiuquan Satellite Launch Center, China",Communications,2018,2,2,Friday,7,7,166,1,119
SS-520 | Tricom-1R,JAXA,SS-520,Launch Successful,2018-02-03 05:03:00+00:00,"Uchinoura Space Center, Japan",Unknown,2018,2,3,Saturday,5,24,238,7,129
Falcon Heavy | Test Flight,SpaceX,Falcon Heavy,Launch Successful,2018-02-06 20:45:00+00:00,"LC-39A, Kennedy Space Center, Florida, USA",Unknown,2018,2,6,Tuesday,20,45,134,7,34
Long March 3B/YZ-1 | BeiDou-3 M3 & M4,CASC,Long March 3B/YZ-1,Launch Successful,2018-02-12 05:10:00+00:00,"LC-2, Xichang Satellite Launch Center, China",Unknown,2018,2,12,Monday,5,7,176,7,29
Soyuz 2.1a | Progress MS-08 (69P),Roscosmos,Soyuz 2.1a,Launch Successful,2018-02-13 08:13:00+00:00,"Site 31/6, Baikonur Cosmodrome, Kazakhstan",Unknown,2018,2,13,Tuesday,8,42,258,7,101
"Falcon 9 Block 3 | PAZ & Tintin A, Tintin B",SpaceX,Falcon 9 Block 3,Launch Successful,2018-02-22 14:17:00+00:00,"SLC-4E, Vandenberg AFB, California, USA",Unknown,2018,2,22,Thursday,14,45,129,7,72
H-IIA 202 | IGS-Optical 6,MHI,H-IIA 202,Launch Successful,2018-02-27 04:34:00+00:00,"LA-Y1, Tanegashima Space Center, Japan",Unknown,2018,2,27,Tuesday,4,32,144,7,17
Atlas V 541 | GOES-S (GOES-17),ULA,Atlas V 541,Launch Successful,2018-03-01 22:02:00+00:00,"SLC-41, Cape Canaveral AFS, Florida, USA",Unknown,2018,3,1,Thursday,22,47,39,7,70
Falcon 9 Block 4 | Hispasat 30W-6,SpaceX,Falcon 9 Block 4,Launch Successful,2018-03-06 05:33:00+00:00,"SLC-40, Cape Canaveral AFS, Florida, USA",Unknown,2018,3,6,Tuesday,5,45,130,7,69
Soyuz ST-B/Fregat-MT | O3b FM13-FM16,Arianespace,Soyuz ST-B/Fregat-MT,Launch Successful,2018-03-09 17:10:00+00:00,"ELS, Guiana Space Centre, French Guiana, France",Unknown,2018,3,9,Friday,17,3,274,7,7
Long March 2D | LKW-4,CASC,Long March 2D,Launch Successful,2018-03-17 07:10:00+00:00,"Site 9401 (SLS-2), Jiuquan Satellite Launch Center, China",Unknown,2018,3,17,Saturday,7,7,166,7,119
Soyuz FG | Soyuz MS-08 (54S),Roscosmos,Soyuz FG,Launch Successful,2018-03-21 17:44:00+00:00,"Site 1/5, Baikonur Cosmodrome, Kazakhstan",Unknown,2018,3,21,Wednesday,17,42,267,7,83
GSLV Mk II | GSAT-6A,ISRO,GSLV Mk II,Launch Successful,2018-03-29 11:26:00+00:00,"Second Launch Pad, Satish Dhawan Space Centre, India",Unknown,2018,3,29,Thursday,11,23,137,7,82
Soyuz 2.1v | Cosmos 2525,Roscosmos,Soyuz 2.1v,Launch Successful,2018-03-29 17:38:00+00:00,"Site 43/4, Plesetsk Cosmodrome, Russia",Unknown,2018,3,29,Thursday,17,42,265,7,109
Long March 3B/YZ-1 | BeiDou-3 M9 & M10,CASC,Long March 3B/YZ-1,Launch Successful,2018-03-29 17:50:00+00:00,"LC-2, Xichang Satellite Launch Center, China",Unknown,2018,3,29,Thursday,17,7,176,7,29
Falcon 9 Block 4 | Iridium-5,SpaceX,Falcon 9 Block 4,Launch Successful,2018-03-30 14:14:00+00:00,"SLC-4E, Vandenberg AFB, California, USA",Unknown,2018,3,30,Friday,14,45,130,7,72
Long March 4C | Gaofen-1 02-04,CASC,Long March 4C,Launch Successful,2018-03-31 03:22:00+00:00,"LC-9, Taiyuan Satellite Launch Center, China",Unknown,2018,3,31,Saturday,3,7,182,7,41
Falcon 9 Block 4 | CRS-14,SpaceX,Falcon 9 Block 4,Launch Successful,2018-04-02 20:30:00+00:00,"SLC-40, Cape Canaveral AFS, Florida, USA",Cargo,2018,4,2,Monday,20,45,130,0,69
Ariane 5 ECA | Superbird-B3/DSN-1 & HYLAS-4,Arianespace,Ariane 5 ECA,Launch Successful,2018-04-05 21:34:00+00:00,"ELA-3, Guiana Space Centre, French Guiana, France",Unknown,2018,4,5,Thursday,21,3,18,7,5
"Long March 4C | Yaogan 31 A, B, & C",CASC,Long March 4C,Launch Successful,2018-04-10 04:25:00+00:00,"Site 9401 (SLS-2), Jiuquan Satellite Launch Center, China",Unknown,2018,4,10,Tuesday,4,7,182,7,119
PSLV-XL | IRNSS-1I,ISRO,PSLV-XL,Launch Successful,2018-04-11 22:34:00+00:00,"First Launch Pad, Satish Dhawan Space Centre, India",Unknown,2018,4,11,Wednesday,22,23,220,7,9
Atlas V 551 | AFSPC-11,ULA,Atlas V 551,Launch Successful,2018-04-14 23:13:00+00:00,"SLC-41, Cape Canaveral AFS, Florida, USA",Unknown,2018,4,14,Saturday,23,47,40,7,70
Proton-M/Briz-M | Blagovest-12L,VKS RF,Proton-M/Briz-M,Launch Successful,2018-04-18 22:12:00+00:00,"Site 81/24, Baikonur Cosmodrome, Kazakhstan",Unknown,2018,4,18,Wednesday,22,51,231,7,114
Falcon 9 Block 4 | Transiting Exoplanet Survey Satellite (TESS),SpaceX,Falcon 9 Block 4,Launch Successful,2018-04-18 22:51:00+00:00,"SLC-40, Cape Canaveral AFS, Florida, USA",Unknown,2018,4,18,Wednesday,22,45,130,7,69
Rokot/Briz KM | Sentinel-3B,Eurockot,Rokot/Briz KM,Launch Successful,2018-04-25 17:57:00+00:00,"Site 133/3, Plesetsk Cosmodrome, Russia",Earth Observation,2018,4,25,Wednesday,17,14,234,3,90
Long March 11 | Zhuhai-1 2A to 2D,CASC,Long March 11,Launch Successful,2018-04-26 04:42:00+00:00,"Site 95, Jiuquan Satellite Launch Center, China",Unknown,2018,4,26,Thursday,4,7,161,7,120
New Shepard | NS-8,Blue Origin,New Shepard,Launch Successful,2018-04-29 17:06:00+00:00,"Blue Origin Launch Site, West Texas, Texas, USA",Unknown,2018,4,29,Sunday,17,5,214,7,0
Long March 3B/E | Apstar 6C,CASC,Long March 3B/E,Launch Successful,2018-05-03 16:05:00+00:00,"LC-2, Xichang Satellite Launch Center, China",Unknown,2018,5,3,Thursday,16,7,175,7,29
Atlas V 401 | InSight,ULA,Atlas V 401,Launch Successful,2018-05-05 11:05:00+00:00,"SLC-3E, Vandenberg AFB, California, USA",Unknown,2018,5,5,Saturday,11,47,32,7,67
Long March 4C | Gaofen 5,CASC,Long March 4C,Launch Successful,2018-05-08 18:28:00+00:00,"LC-9, Taiyuan Satellite Launch Center, China",Unknown,2018,5,8,Tuesday,18,7,182,7,41
Falcon 9 Block 5 | Bangabandhu-1,SpaceX,Falcon 9 Block 5,Launch Successful,2018-05-11 20:14:00+00:00,"LC-39A, Kennedy Space Center, Florida, USA",Unknown,2018,5,11,Friday,20,45,131,7,34
"Long March 4C | Queqiao, Longjiang 1 & 2",CASC,Long March 4C,Launch Successful,2018-05-20 21:28:00+00:00,"LC-3, Xichang Satellite Launch Center, China",Unknown,2018,5,20,Sunday,21,7,182,7,32
Antares 230 | CRS OA-9E,Northrop,Antares 230,Launch Successful,2018-05-21 04:44:00+00:00,"LP-0A, Wallops Flight Facility, Virginia, USA",Cargo,2018,5,21,Monday,4,36,6,0,43
Falcon 9 Block 4 | Iridium-6 & GRACE-FO,SpaceX,Falcon 9 Block 4,Launch Successful,2018-05-22 19:47:00+00:00,"SLC-4E, Vandenberg AFB, California, USA",Unknown,2018,5,22,Tuesday,19,45,130,7,72
Long March 2D | Gaofen 6 & Luojia 1,CASC,Long March 2D,Launch Successful,2018-06-02 04:13:00+00:00,"Site 9401 (SLS-2), Jiuquan Satellite Launch Center, China",Unknown,2018,6,2,Saturday,4,7,166,7,119
Falcon 9 Block 4 | SES-12,SpaceX,Falcon 9 Block 4,Launch Successful,2018-06-04 04:29:00+00:00,"SLC-40, Cape Canaveral AFS, Florida, USA",Communications,2018,6,4,Monday,4,45,130,1,69
Long March 3A | Fengyun 2H,CASC,Long March 3A,Launch Successful,2018-06-05 13:07:00+00:00,"LC-2, Xichang Satellite Launch Center, China",Unknown,2018,6,5,Tuesday,13,7,173,7,29
Soyuz FG | Soyuz MS-09 (55S),Roscosmos,Soyuz FG,Launch Successful,2018-06-06 11:12:00+00:00,"Site 1/5, Baikonur Cosmodrome, Kazakhstan",Unknown,2018,6,6,Wednesday,11,42,267,7,83
H-IIA 202 | IGS Radar-6,MHI,H-IIA 202,Launch Successful,2018-06-12 04:20:00+00:00,"LA-Y1, Tanegashima Space Center, Japan",Unknown,2018,6,12,Tuesday,4,32,144,7,17
Soyuz 2.1b/Fregat-M | GLONASS-M No.53S,VKS RF,Soyuz 2.1b/Fregat-M,Launch Successful,2018-06-16 21:30:00+00:00,"Site 43/4, Plesetsk Cosmodrome, Russia",Unknown,2018,6,16,Saturday,21,51,264,7,109
Long March 2C | XJSS A & B,CASC,Long March 2C,Launch Successful,2018-06-27 03:30:00+00:00,"LC-3, Xichang Satellite Launch Center, China",Unknown,2018,6,27,Wednesday,3,7,164,7,32
Falcon 9 Block 4 | CRS-15,SpaceX,Falcon 9 Block 4,Launch Successful,2018-06-29 09:42:00+00:00,"SLC-40, Cape Canaveral AFS, Florida, USA",Cargo,2018,6,29,Friday,9,45,130,0,69
Long March 2C | PRSS-1 & PakTES-1A,CASC,Long March 2C,Launch Successful,2018-07-09 03:56:00+00:00,"Site 9401 (SLS-2), Jiuquan Satellite Launch Center, China",Unknown,2018,7,9,Monday,3,7,164,7,119
Long March 3A | BeiDou-2 I7,CASC,Long March 3A,Launch Successful,2018-07-09 20:50:00+00:00,"LC-2, Xichang Satellite Launch Center, China",Unknown,2018,7,9,Monday,20,7,173,7,29
Soyuz 2.1a | Progress MS-09 (70P),Roscosmos,Soyuz 2.1a,Launch Successful,2018-07-09 21:51:00+00:00,"Site 31/6, Baikonur Cosmodrome, Kazakhstan",Unknown,2018,7,9,Monday,21,42,258,7,101
New Shepard | NS-9 (Inflight Escape Test),Blue Origin,New Shepard,Launch Successful,2018-07-18 15:11:00+00:00,"Blue Origin Launch Site, West Texas, Texas, USA",Unknown,2018,7,18,Wednesday,15,5,214,7,0
Falcon 9 Block 5 | Telstar 19V,SpaceX,Falcon 9 Block 5,Launch Successful,2018-07-22 05:50:00+00:00,"SLC-40, Cape Canaveral AFS, Florida, USA",Unknown,2018,7,22,Sunday,5,45,131,7,69
Ariane 5 ES | Galileo FOC FM19-FM22,Arianespace,Ariane 5 ES,Launch Successful,2018-07-25 11:25:00+00:00,"ELA-3, Guiana Space Centre, French Guiana, France",Navigation,2018,7,25,Wednesday,11,3,19,5,5
Falcon 9 Block 5 | Iridium-7,SpaceX,Falcon 9 Block 5,Launch Successful,2018-07-25 11:39:00+00:00,"SLC-4E, Vandenberg AFB, California, USA",Unknown,2018,7,25,Wednesday,11,45,131,7,72
Long March 3B/YZ-1 | BeiDou-3 M5 & M6,CASC,Long March 3B/YZ-1,Launch Successful,2018-07-29 01:48:00+00:00,"LC-3, Xichang Satellite Launch Center, China",Unknown,2018,7,29,Sunday,1,7,176,7,32
Long March 4B | Gaofen 11,CASC,Long March 4B,Launch Successful,2018-07-31 03:00:00+00:00,"LC-9, Taiyuan Satellite Launch Center, China",Unknown,2018,7,31,Tuesday,3,7,181,7,41
Falcon 9 Block 5 | Merah Putih (Telkom-4),SpaceX,Falcon 9 Block 5,Launch Successful,2018-08-07 05:18:00+00:00,"SLC-40, Cape Canaveral AFS, Florida, USA",Unknown,2018,8,7,Tuesday,5,45,131,7,69
Delta IV Heavy | Parker Solar Probe,ULA,Delta IV Heavy,Launch Successful,2018-08-12 07:31:00+00:00,"SLC-37B, Cape Canaveral AFS, Florida, USA",Unknown,2018,8,12,Sunday,7,47,110,7,66
Vega | ADM-Aeolus,Arianespace,Vega,Launch Successful,2018-08-22 21:20:00+00:00,"ELV-1 (SLV), Guiana Space Centre, French Guiana, France",Unknown,2018,8,22,Wednesday,21,3,328,7,8
Long March 3B/YZ-1 | BeiDou-3 M11 & M12,CASC,Long March 3B/YZ-1,Launch Successful,2018-08-24 23:52:00+00:00,"LC-3, Xichang Satellite Launch Center, China",Unknown,2018,8,24,Friday,23,7,176,7,32
SARGE | Launch 1,Exos,SARGE,Partial Failure,2018-08-25 18:15:00+00:00,"Vertical Launch Area, Spaceport America, New Mexico",Unknown,2018,8,25,Saturday,18,16,235,7,131
Long March 2C | Haiyang 1C (HY-1C),CASC,Long March 2C,Launch Successful,2018-09-07 03:15:00+00:00,"Taiyuan Satellite Launch Center, China",Unknown,2018,9,7,Friday,3,7,164,7,128
Falcon 9 Block 5 | Telstar 18V / APStar 5C,SpaceX,Falcon 9 Block 5,Launch Successful,2018-09-10 04:45:00+00:00,"SLC-40, Cape Canaveral AFS, Florida, USA",Unknown,2018,9,10,Monday,4,45,131,7,69
Delta II 7420-10C | ICESat-2,ULA,Delta II 7420-10C,Launch Successful,2018-09-15 13:02:00+00:00,"SLC-2W, Vandenberg AFB, California, USA",Unknown,2018,9,15,Saturday,13,47,93,7,63
PSLV-CA | SSTL-1 & NovaSAR-S,ISRO,PSLV-CA,Launch Successful,2018-09-16 16:38:00+00:00,"First Launch Pad, Satish Dhawan Space Centre, India",Unknown,2018,9,16,Sunday,16,23,216,7,9
Long March 3B/YZ-1 | BeiDou-3 M13 & M14,CASC,Long March 3B/YZ-1,Launch Successful,2018-09-19 14:07:00+00:00,"LC-2, Xichang Satellite Launch Center, China",Unknown,2018,9,19,Wednesday,14,7,176,7,29
H-IIB | HTV-7,MHI,H-IIB,Launch Successful,2018-09-22 17:52:00+00:00,"LA-Y2, Tanegashima Space Center, Japan",Unknown,2018,9,22,Saturday,17,32,148,7,18
Ariane 5 ECA | Horizons-3e & Azerspace 2/Intelsat 38,Arianespace,Ariane 5 ECA,Launch Successful,2018-09-25 22:38:00+00:00,"ELA-3, Guiana Space Centre, French Guiana, France",Unknown,2018,9,25,Tuesday,22,3,18,7,5
Kuaizhou 1A | CentiSpace-1 S1,ExPace,Kuaizhou 1A,Launch Successful,2018-09-29 04:13:00+00:00,"Site 95, Jiuquan Satellite Launch Center, China",Unknown,2018,9,29,Saturday,4,15,157,7,120
Falcon 9 Block 5 | SAOCOM 1A,SpaceX,Falcon 9 Block 5,Launch Successful,2018-10-08 02:21:00+00:00,"SLC-4E, Vandenberg AFB, California, USA",Unknown,2018,10,8,Monday,2,45,131,7,72
Long March 2C | Yaogan-32 Group 01,CASC,Long March 2C,Launch Successful,2018-10-09 02:43:00+00:00,"Site 9401 (SLS-2), Jiuquan Satellite Launch Center, China",Unknown,2018,10,9,Tuesday,2,7,164,7,119
Soyuz FG | Soyuz MS-10 (56S),Roscosmos,Soyuz FG,Launch Failure,2018-10-11 08:40:00+00:00,"Site 1/5, Baikonur Cosmodrome, Kazakhstan",Unknown,2018,10,11,Thursday,8,42,267,7,83
Long March 3B/YZ-1 | BeiDou-3 M15 & M16,CASC,Long March 3B/YZ-1,Launch Successful,2018-10-15 04:23:00+00:00,"LC-3, Xichang Satellite Launch Center, China",Unknown,2018,10,15,Monday,4,7,176,7,32
Atlas V 551 | AEHF-4,ULA,Atlas V 551,Launch Successful,2018-10-17 04:15:00+00:00,"SLC-41, Cape Canaveral AFS, Florida, USA",Unknown,2018,10,17,Wednesday,4,47,40,7,70
Ariane 5 ECA | BepiColombo,Arianespace,Ariane 5 ECA,Launch Successful,2018-10-20 01:45:00+00:00,"ELA-3, Guiana Space Centre, French Guiana, France",Unknown,2018,10,20,Saturday,1,3,18,7,5
Long March 4B | Haiyang-2B,CASC,Long March 4B,Launch Successful,2018-10-24 22:57:00+00:00,"LC-9, Taiyuan Satellite Launch Center, China",Unknown,2018,10,24,Wednesday,22,7,181,7,41
Soyuz 2.1b | Lotus-S No.4,Roscosmos,Soyuz 2.1b,Launch Successful,2018-10-25 00:15:00+00:00,"Site 43/4, Plesetsk Cosmodrome, Russia",Unknown,2018,10,25,Thursday,0,42,262,7,109
ZhuQue-1 | CCTV Future-1,Landspace,ZhuQue-1,Launch Failure,2018-10-27 08:00:00+00:00,"Site 95, Jiuquan Satellite Launch Center, China",Unknown,2018,10,27,Saturday,8,30,340,7,120
"Long March 2C | CFOSAT, Zhaojin-1, Hongyan-1, & Others",CASC,Long March 2C,Launch Successful,2018-10-29 00:47:00+00:00,"Site 9401 (SLS-2), Jiuquan Satellite Launch Center, China",Unknown,2018,10,29,Monday,0,7,164,7,119
"H-IIA 202 | Ibuki 2, KhalifaSat & Others",MHI,H-IIA 202,Launch Successful,2018-10-29 04:08:00+00:00,"LA-Y1, Tanegashima Space Center, Japan",Unknown,2018,10,29,Monday,4,32,144,7,17
Long March 3B/E | Beidou-3 G1,CASC,Long March 3B/E,Launch Successful,2018-11-01 15:57:00+00:00,"LC-2, Xichang Satellite Launch Center, China",Unknown,2018,11,1,Thursday,15,7,175,7,29
Soyuz 2.1b/Fregat | GLONASS-M No.54S,VKS RF,Soyuz 2.1b/Fregat,Launch Successful,2018-11-03 20:17:00+00:00,"Site 43/4, Plesetsk Cosmodrome, Russia",Unknown,2018,11,3,Saturday,20,51,263,7,109
Soyuz ST-B/Fregat-M | MetOp C,Arianespace,Soyuz ST-B/Fregat-M,Launch Successful,2018-11-07 00:47:00+00:00,"ELS, Guiana Space Centre, French Guiana, France",Unknown,2018,11,7,Wednesday,0,3,273,7,7
Electron/Curie | It's Business Time,Rocket Lab,Electron/Curie,Launch Successful,2018-11-11 03:50:00+00:00,"Rocket Lab LC-1A, M?hia Peninsula, New Zealand",Unknown,2018,11,11,Sunday,3,41,120,7,56
GSLV Mk III | GSAT 29,ISRO,GSLV Mk III,Launch Successful,2018-11-14 11:38:00+00:00,"Second Launch Pad, Satish Dhawan Space Centre, India",Unknown,2018,11,14,Wednesday,11,23,138,7,82
Falcon 9 Block 5 | Es'hail 2,SpaceX,Falcon 9 Block 5,Launch Successful,2018-11-15 20:46:00+00:00,"LC-39A, Kennedy Space Center, Florida, USA",Unknown,2018,11,15,Thursday,20,45,131,7,34
Soyuz FG | Progress MS-10 (71P),Roscosmos,Soyuz FG,Launch Successful,2018-11-16 18:14:00+00:00,"Site 31/6, Baikonur Cosmodrome, Kazakhstan",Unknown,2018,11,16,Friday,18,42,267,7,101
Antares 230 | CRS NG-10,Northrop,Antares 230,Launch Successful,2018-11-17 09:01:00+00:00,"LP-0A, Wallops Flight Facility, Virginia, USA",Cargo,2018,11,17,Saturday,9,36,6,0,43
Long March 3B/YZ-1 | BeiDou-3 M17 & M18,CASC,Long March 3B/YZ-1,Launch Successful,2018-11-18 18:07:00+00:00,"LC-3, Xichang Satellite Launch Center, China",Unknown,2018,11,18,Sunday,18,7,176,7,32
"Long March 2D | Shiyan-6, Jiading-1 (OKW-01), & Others",CASC,Long March 2D,Launch Successful,2018-11-19 23:40:00+00:00,"Site 9401 (SLS-2), Jiuquan Satellite Launch Center, China",Unknown,2018,11,19,Monday,23,7,166,7,119
Vega | Mohammed VI-B,Arianespace,Vega,Launch Successful,2018-11-21 01:42:00+00:00,"ELV-1 (SLV), Guiana Space Centre, French Guiana, France",Unknown,2018,11,21,Wednesday,1,3,328,7,8
PSLV-CA | HySIS,ISRO,PSLV-CA,Launch Successful,2018-11-29 04:27:00+00:00,"First Launch Pad, Satish Dhawan Space Centre, India",Unknown,2018,11,29,Thursday,4,23,216,7,9
Rokot/Briz KM | Cosmos 2530 to 2532,VKS RF,Rokot/Briz KM,Launch Successful,2018-11-30 02:27:00+00:00,"Site 133/3, Plesetsk Cosmodrome, Russia",Unknown,2018,11,30,Friday,2,51,234,7,90
Soyuz FG | Soyuz MS-11 (57S),Roscosmos,Soyuz FG,Launch Successful,2018-12-03 11:31:00+00:00,"Site 1/5, Baikonur Cosmodrome, Kazakhstan",Unknown,2018,12,3,Monday,11,42,267,7,83
Falcon 9 Block 5 | Spaceflight SSO-A,SpaceX,Falcon 9 Block 5,Launch Successful,2018-12-03 18:34:00+00:00,"SLC-4E, Vandenberg AFB, California, USA",Unknown,2018,12,3,Monday,18,45,131,7,72
Ariane 5 ECA | GSAT-11 & GEO-KOMPSAT 2A,Arianespace,Ariane 5 ECA,Launch Successful,2018-12-04 20:37:00+00:00,"ELA-3, Guiana Space Centre, French Guiana, France",Unknown,2018,12,4,Tuesday,20,3,18,7,5
Falcon 9 Block 5 | CRS-16,SpaceX,Falcon 9 Block 5,Launch Successful,2018-12-05 18:16:00+00:00,"SLC-40, Cape Canaveral AFS, Florida, USA",Cargo,2018,12,5,Wednesday,18,45,131,0,69
"Long March 2D | SaudiSAT 5A, & 5B and Others",CASC,Long March 2D,Launch Successful,2018-12-07 04:12:00+00:00,"Site 9401 (SLS-2), Jiuquan Satellite Launch Center, China",Unknown,2018,12,7,Friday,4,7,166,7,119
Long March 3B/E | Chang'e-4,CASC,Long March 3B/E,Launch Successful,2018-12-07 18:23:00+00:00,"LC-2, Xichang Satellite Launch Center, China",Unknown,2018,12,7,Friday,18,7,175,7,29
Electron/Curie | This one's for Pickering,Rocket Lab,Electron/Curie,Launch Successful,2018-12-16 06:33:00+00:00,"Rocket Lab LC-1A, M?hia Peninsula, New Zealand",Unknown,2018,12,16,Sunday,6,41,120,7,56
GSLV Mk II | GSAT-7A,ISRO,GSLV Mk II,Launch Successful,2018-12-19 10:40:00+00:00,"Second Launch Pad, Satish Dhawan Space Centre, India",Unknown,2018,12,19,Wednesday,10,23,137,7,82
Soyuz ST-A/Fregat-M | CSO 1,Arianespace,Soyuz ST-A/Fregat-M,Launch Successful,2018-12-19 16:37:00+00:00,"ELS, Guiana Space Centre, French Guiana, France",Unknown,2018,12,19,Wednesday,16,3,272,7,7
Proton-M/Briz-M | Blagovest No.13L,VKS RF,Proton-M/Briz-M,Launch Successful,2018-12-21 00:20:00+00:00,"Site 200/39, Baikonur Cosmodrome, Kazakhstan",Unknown,2018,12,21,Friday,0,51,231,7,99
Long March 11 | Hongyun-1,CASC,Long March 11,Launch Successful,2018-12-21 23:51:00+00:00,"Site 95, Jiuquan Satellite Launch Center, China",Unknown,2018,12,21,Friday,23,7,161,7,120
Falcon 9 Block 5 | GPS III SV01,SpaceX,Falcon 9 Block 5,Launch Successful,2018-12-23 13:51:00+00:00,"SLC-40, Cape Canaveral AFS, Florida, USA",Navigation,2018,12,23,Sunday,13,45,131,5,69
Long March 3C/E | TJS-3,CASC,Long March 3C/E,Launch Successful,2018-12-24 16:53:00+00:00,"LC-3, Xichang Satellite Launch Center, China",Unknown,2018,12,24,Monday,16,7,178,7,32
Soyuz 2.1a/Fregat | Kanopus-V No. 5-6 & Rideshares,Roscosmos,Soyuz 2.1a/Fregat,Launch Successful,2018-12-27 02:07:00+00:00,"Site 1S, Vostochny Cosmodrome, Russia",Unknown,2018,12,27,Thursday,2,42,259,7,98
Long March 2D/YZ-3 | Hongyan-1,CASC,Long March 2D/YZ-3,Launch Successful,2018-12-29 08:02:00+00:00,"Site 9401 (SLS-2), Jiuquan Satellite Launch Center, China",Unknown,2018,12,29,Saturday,8,7,167,7,119
Long March 3B/E | Zhongxing-2D (Chinasat-2D),CASC,Long March 3B/E,Launch Successful,2019-01-10 17:11:00+00:00,"LC-2, Xichang Satellite Launch Center, China",Unknown,2019,1,10,Thursday,17,7,175,7,29
Falcon 9 Block 5 | Iridium-8,SpaceX,Falcon 9 Block 5,Launch Successful,2019-01-11 15:31:00+00:00,"SLC-4E, Vandenberg AFB, California, USA",Unknown,2019,1,11,Friday,15,45,131,7,72
Simorgh | Payam-e Amirkabir,ISA,Simorgh,Launch Failure,2019-01-15 00:30:00+00:00,"Imam Khomeini Spaceport, Semnan Space Center, Iran",Unknown,2019,1,15,Tuesday,0,21,256,7,10
Epsilon PBS | Innovative Satellite Technology Demonstration-1,JAXA,Epsilon PBS,Launch Successful,2019-01-18 00:50:00+00:00,"Mu Pad, Uchinoura Space Center, Japan",Unknown,2019,1,18,Friday,0,24,125,7,48
Delta IV Heavy | NROL-71,ULA,Delta IV Heavy,Launch Successful,2019-01-19 19:10:00+00:00,"SLC-6, Vandenberg AFB, California, USA",Military,2019,1,19,Saturday,19,47,110,4,76
Long March 11 | Jilin-1 Hyperspectral & Others,CASC,Long March 11,Launch Successful,2019-01-21 05:42:00+00:00,"Site 95, Jiuquan Satellite Launch Center, China",Unknown,2019,1,21,Monday,5,7,161,7,120
New Shepard | NS-10,Blue Origin,New Shepard,Launch Successful,2019-01-23 15:05:00+00:00,"Blue Origin Launch Site, West Texas, Texas, USA",Unknown,2019,1,23,Wednesday,15,5,214,7,0
PSLV-DL | Microsat-R,ISRO,PSLV-DL,Launch Successful,2019-01-24 18:07:00+00:00,"First Launch Pad, Satish Dhawan Space Centre, India",Unknown,2019,1,24,Thursday,18,23,217,7,9
Ariane 5 ECA | GSAT-31 & Hellas-Sat-4,Arianespace,Ariane 5 ECA,Launch Successful,2019-02-05 21:01:00+00:00,"ELA-3, Guiana Space Centre, French Guiana, France",Unknown,2019,2,5,Tuesday,21,3,18,7,5
Soyuz 2.1b/Fregat-M | EgyptSat-A,VKS RF,Soyuz 2.1b/Fregat-M,Launch Successful,2019-02-21 16:47:00+00:00,"Site 31/6, Baikonur Cosmodrome, Kazakhstan",Unknown,2019,2,21,Thursday,16,51,264,7,101
Falcon 9 Block 5 | Nusantara Satu & Beresheet,SpaceX,Falcon 9 Block 5,Launch Successful,2019-02-22 01:45:00+00:00,"SLC-40, Cape Canaveral AFS, Florida, USA",Unknown,2019,2,22,Friday,1,45,131,7,69
Soyuz ST-B/Fregat-M | OneWeb #1,Arianespace,Soyuz ST-B/Fregat-M,Launch Successful,2019-02-27 21:37:00+00:00,"ELS, Guiana Space Centre, French Guiana, France",Communications,2019,2,27,Wednesday,21,3,273,1,7
Falcon 9 Block 5 | SpaceX Demo-1,SpaceX,Falcon 9 Block 5,Launch Successful,2019-03-02 07:49:00+00:00,"LC-39A, Kennedy Space Center, Florida, USA",Unknown,2019,3,2,Saturday,7,45,131,7,34
SARGE | Launch 2,Exos,SARGE,Partial Failure,2019-03-02 17:45:00+00:00,"Vertical Launch Area, Spaceport America, New Mexico",Unknown,2019,3,2,Saturday,17,16,235,7,131
Long March 3B/E | Zhongxing-6C,CASC,Long March 3B/E,Launch Successful,2019-03-09 16:28:00+00:00,"LC-3, Xichang Satellite Launch Center, China",Unknown,2019,3,9,Saturday,16,7,175,7,32
Soyuz FG | Soyuz MS-12 (58S),Roscosmos,Soyuz FG,Launch Successful,2019-03-14 19:14:00+00:00,"Site 1/5, Baikonur Cosmodrome, Kazakhstan",Unknown,2019,3,14,Thursday,19,42,267,7,83
"Delta IV Medium+ (5,4) | WGS-10",ULA,"Delta IV Medium+ (5,4)",Launch Successful,2019-03-16 00:26:00+00:00,"SLC-37B, Cape Canaveral AFS, Florida, USA",Unknown,2019,3,16,Saturday,0,47,114,7,66
Vega | PRISMA,Arianespace,Vega,Launch Successful,2019-03-22 01:50:00+00:00,"ELV-1 (SLV), Guiana Space Centre, French Guiana, France",Unknown,2019,3,22,Friday,1,3,328,7,8
OS-M1 | Lingque-1B,OneSpace,OS-M1,Launch Failure,2019-03-27 09:39:00+00:00,"Site 95, Jiuquan Satellite Launch Center, China",Unknown,2019,3,27,Wednesday,9,38,215,7,120
Electron/Curie | Two Thumbs Up,Rocket Lab,Electron/Curie,Launch Successful,2019-03-28 23:27:00+00:00,"Rocket Lab LC-1A, M?hia Peninsula, New Zealand",Unknown,2019,3,28,Thursday,23,41,120,7,56
Long March 3B/E | Tianlian-2,CASC,Long March 3B/E,Launch Successful,2019-03-31 15:51:00+00:00,"LC-2, Xichang Satellite Launch Center, China",Unknown,2019,3,31,Sunday,15,7,175,7,29
PSLV-QL | EMISAT & Rideshares,ISRO,PSLV-QL,Launch Successful,2019-04-01 03:57:00+00:00,"Second Launch Pad, Satish Dhawan Space Centre, India",Unknown,2019,4,1,Monday,3,23,219,7,82
Soyuz 2.1a | Progress MS-11 (72P),Roscosmos,Soyuz 2.1a,Launch Successful,2019-04-04 11:01:00+00:00,"Site 31/6, Baikonur Cosmodrome, Kazakhstan",Unknown,2019,4,4,Thursday,11,42,258,7,101
Soyuz ST-B/Fregat-MT | O3b FM17-FM20,Arianespace,Soyuz ST-B/Fregat-MT,Launch Successful,2019-04-04 17:04:00+00:00,"ELS, Guiana Space Centre, French Guiana, France",Unknown,2019,4,4,Thursday,17,3,274,7,7
Falcon Heavy | ArabSat 6A,SpaceX,Falcon Heavy,Launch Successful,2019-04-11 22:35:00+00:00,"LC-39A, Kennedy Space Center, Florida, USA",Unknown,2019,4,11,Thursday,22,45,134,7,34
Antares 230 | CRS NG-11,Northrop,Antares 230,Launch Successful,2019-04-17 20:46:00+00:00,"LP-0A, Wallops Flight Facility, Virginia, USA",Cargo,2019,4,17,Wednesday,20,36,6,0,43
Long March 3B/E | Beidou-3 IGSO-1,CASC,Long March 3B/E,Launch Successful,2019-04-20 14:30:00+00:00,"LC-3, Xichang Satellite Launch Center, China",Unknown,2019,4,20,Saturday,14,7,175,7,32
Long March 4B | Tianhui-2 Group 01,CASC,Long March 4B,Launch Successful,2019-04-29 22:52:00+00:00,"Taiyuan Satellite Launch Center, China",Unknown,2019,4,29,Monday,22,7,181,7,128
New Shepard | NS-11,Blue Origin,New Shepard,Launch Successful,2019-05-02 13:35:00+00:00,"Blue Origin Launch Site, West Texas, Texas, USA",Unknown,2019,5,2,Thursday,13,5,214,7,0
Falcon 9 Block 5 | CRS-17,SpaceX,Falcon 9 Block 5,Launch Successful,2019-05-04 06:48:00+00:00,"SLC-40, Cape Canaveral AFS, Florida, USA",Cargo,2019,5,4,Saturday,6,45,131,0,69
Electron/Curie | That's a Funny Looking Cactus,Rocket Lab,Electron/Curie,Launch Successful,2019-05-05 06:00:00+00:00,"Rocket Lab LC-1A, M?hia Peninsula, New Zealand",Unknown,2019,5,5,Sunday,6,41,120,7,56
Long March 3C/E | Beidou-2 G8,CASC,Long March 3C/E,Launch Successful,2019-05-17 15:48:00+00:00,"LC-2, Xichang Satellite Launch Center, China",Unknown,2019,5,17,Friday,15,7,178,7,29
PSLV-CA | RISAT-2B,ISRO,PSLV-CA,Launch Successful,2019-05-22 00:00:00+00:00,"First Launch Pad, Satish Dhawan Space Centre, India",Unknown,2019,5,22,Wednesday,0,23,216,7,9
Long March 4C | Yaogan Weixing-33,CASC,Long March 4C,Launch Failure,2019-05-22 22:55:00+00:00,"LC-9, Taiyuan Satellite Launch Center, China",Unknown,2019,5,22,Wednesday,22,7,182,7,41
Falcon 9 Block 5 | Starlink V0.9,SpaceX,Falcon 9 Block 5,Launch Successful,2019-05-24 02:30:00+00:00,"SLC-40, Cape Canaveral AFS, Florida, USA",Communications,2019,5,24,Friday,2,45,131,1,69
Soyuz 2.1b/Fregat-M | Cosmos 2534,Roscosmos,Soyuz 2.1b/Fregat-M,Launch Successful,2019-05-27 06:23:00+00:00,"Site 43/4, Plesetsk Cosmodrome, Russia",Unknown,2019,5,27,Monday,6,42,264,7,109
Proton-M/Briz-M | Yamal-601,Roscosmos,Proton-M/Briz-M,Launch Successful,2019-05-30 17:42:00+00:00,"Site 200/39, Baikonur Cosmodrome, Kazakhstan",Unknown,2019,5,30,Thursday,17,42,231,7,99
Long March 11H | Jilin-1 & Others,CASC,Long March 11H,Launch Successful,2019-06-05 04:06:00+00:00,"Tai Rui Barge, Yellow Sea",Unknown,2019,6,5,Wednesday,4,7,162,7,127
Falcon 9 Block 5 | RADARSAT Constellation,SpaceX,Falcon 9 Block 5,Launch Successful,2019-06-12 14:17:00+00:00,"SLC-4E, Vandenberg AFB, California, USA",Unknown,2019,6,12,Wednesday,14,45,131,7,72
Ariane 5 ECA | Eutelsat 7C &  AT&T T-16,Arianespace,Ariane 5 ECA,Launch Successful,2019-06-20 21:43:00+00:00,"ELA-3, Guiana Space Centre, French Guiana, France",Unknown,2019,6,20,Thursday,21,3,18,7,5
Long March 3B/E | Beidou-3 IGSO-2,CASC,Long March 3B/E,Launch Successful,2019-06-24 18:09:00+00:00,"LC-3, Xichang Satellite Launch Center, China",Unknown,2019,6,24,Monday,18,7,175,7,32
Falcon Heavy | STP-2,SpaceX,Falcon Heavy,Launch Successful,2019-06-25 06:30:00+00:00,"LC-39A, Kennedy Space Center, Florida, USA",Unknown,2019,6,25,Tuesday,6,45,134,7,34
Electron/Curie | Make it Rain,Rocket Lab,Electron/Curie,Launch Successful,2019-06-29 04:30:00+00:00,"Rocket Lab LC-1A, M?hia Peninsula, New Zealand",Unknown,2019,6,29,Saturday,4,41,120,7,56
SARGE | Launch 3,Exos,SARGE,Partial Failure,2019-06-29 18:00:00+00:00,"Vertical Launch Area, Spaceport America, New Mexico",Unknown,2019,6,29,Saturday,18,16,235,7,131
"Soyuz 2.1b/Fregat-M | Meteor-M No.2-2, Landmapper-BC 5 & 6, and Others",Roscosmos,Soyuz 2.1b/Fregat-M,Launch Successful,2019-07-05 05:41:00+00:00,"Site 1S, Vostochny Cosmodrome, Russia",Unknown,2019,7,5,Friday,5,42,264,7,98
Soyuz 2.1v/Volga | Cosmos 2535 to 2538,VKS RF,Soyuz 2.1v/Volga,Launch Successful,2019-07-10 17:14:00+00:00,"Site 43/4, Plesetsk Cosmodrome, Russia",Unknown,2019,7,10,Wednesday,17,51,266,7,109
Vega | Falcon Eye 1,Arianespace,Vega,Launch Failure,2019-07-11 01:53:00+00:00,"ELV-1 (SLV), Guiana Space Centre, French Guiana, France",Unknown,2019,7,11,Thursday,1,3,328,7,8
Proton-M/DM-3 | Spektr-RG,Roscosmos,Proton-M/DM-3,Launch Successful,2019-07-13 12:31:00+00:00,"Site 81/24, Baikonur Cosmodrome, Kazakhstan",Unknown,2019,7,13,Saturday,12,42,232,7,114
Soyuz FG | Soyuz MS-13 (59S),Roscosmos,Soyuz FG,Launch Successful,2019-07-20 16:28:00+00:00,"Site 1/5, Baikonur Cosmodrome, Kazakhstan",Unknown,2019,7,20,Saturday,16,42,267,7,83
GSLV Mk III | Chandrayaan-2 lunar mission,ISRO,GSLV Mk III,Launch Successful,2019-07-22 09:13:00+00:00,"Second Launch Pad, Satish Dhawan Space Centre, India",Unknown,2019,7,22,Monday,9,23,138,7,82
Hyperbola-1 | CAS-7B & Others,i-Space,Hyperbola-1,Launch Successful,2019-07-25 05:00:00+00:00,"Site 95, Jiuquan Satellite Launch Center, China",Unknown,2019,7,25,Thursday,5,54,150,7,120
Falcon 9 Block 5 | CRS-18,SpaceX,Falcon 9 Block 5,Launch Successful,2019-07-25 22:01:00+00:00,"SLC-40, Cape Canaveral AFS, Florida, USA",Cargo,2019,7,25,Thursday,22,45,131,0,69
Long March 2C | Yaogan-30-05,CASC,Long March 2C,Launch Successful,2019-07-26 03:57:00+00:00,"LC-3, Xichang Satellite Launch Center, China",Unknown,2019,7,26,Friday,3,7,164,7,32
Soyuz 2.1a/Fregat-M | Meridian-M n†­18L,VKS RF,Soyuz 2.1a/Fregat-M,Launch Successful,2019-07-30 05:56:00+00:00,"Site 43/4, Plesetsk Cosmodrome, Russia",Unknown,2019,7,30,Tuesday,5,51,260,7,109
Soyuz 2.1a | Progress MS-12,Roscosmos,Soyuz 2.1a,Launch Successful,2019-07-31 12:10:00+00:00,"Site 31/6, Baikonur Cosmodrome, Kazakhstan",Unknown,2019,7,31,Wednesday,12,42,258,7,101
Proton-M/Briz-M | Cosmos 2539,Roscosmos,Proton-M/Briz-M,Launch Successful,2019-08-05 21:56:00+00:00,"Site 81/24, Baikonur Cosmodrome, Kazakhstan",Unknown,2019,8,5,Monday,21,42,231,7,114
Ariane 5 ECA | EDRS-C/HYLAS 3 & Intelsat 39,Arianespace,Ariane 5 ECA,Launch Successful,2019-08-06 19:30:00+00:00,"ELA-3, Guiana Space Centre, French Guiana, France",Unknown,2019,8,6,Tuesday,19,3,18,7,5
Falcon 9 Block 5 | AMOS-17,SpaceX,Falcon 9 Block 5,Launch Successful,2019-08-06 23:23:00+00:00,"SLC-40, Cape Canaveral AFS, Florida, USA",Unknown,2019,8,6,Tuesday,23,45,131,7,69
Atlas V 551 | AEHF 5,ULA,Atlas V 551,Launch Successful,2019-08-08 10:13:00+00:00,"SLC-41, Cape Canaveral AFS, Florida, USA",Unknown,2019,8,8,Thursday,10,47,40,7,70
Jielong-1 | Tianqi-4 & Others,CASC,Jielong-1,Launch Successful,2019-08-17 04:11:00+00:00,"Site 95, Jiuquan Satellite Launch Center, China",Unknown,2019,8,17,Saturday,4,7,151,7,120
Long March 3B/E | ChinaSat 18,CASC,Long March 3B/E,Launch Successful,2019-08-19 12:03:00+00:00,"LC-2, Xichang Satellite Launch Center, China",Unknown,2019,8,19,Monday,12,7,175,7,29
"Electron/Curie | Look Ma, No Hands!",Rocket Lab,Electron/Curie,Launch Successful,2019-08-19 12:12:00+00:00,"Rocket Lab LC-1A, M?hia Peninsula, New Zealand",Unknown,2019,8,19,Monday,12,41,120,7,56
Soyuz 2.1a | Soyuz MS-14 (60S),Roscosmos,Soyuz 2.1a,Launch Successful,2019-08-22 03:38:00+00:00,"Site 31/6, Baikonur Cosmodrome, Kazakhstan",Unknown,2019,8,22,Thursday,3,42,258,7,101
"Delta IV Medium+ (4,2) | GPS III SV02",ULA,"Delta IV Medium+ (4,2)",Launch Successful,2019-08-22 13:06:00+00:00,"SLC-37B, Cape Canaveral AFS, Florida, USA",Navigation,2019,8,22,Thursday,13,47,112,5,66
Rokot/Briz KM | Cosmos 2540,VKS RF,Rokot/Briz KM,Launch Successful,2019-08-30 14:00:00+00:00,"Site 133/3, Plesetsk Cosmodrome, Russia",Unknown,2019,8,30,Friday,14,51,234,7,90
Kuaizhou 1A | KX-09 & Others,ExPace,Kuaizhou 1A,Launch Successful,2019-08-30 23:41:00+00:00,"Site 95, Jiuquan Satellite Launch Center, China",Unknown,2019,8,30,Friday,23,15,157,7,120
"Long March 4B | Ziyuan-2D, BNU-1 & Taurus-1",CASC,Long March 4B,Launch Successful,2019-09-12 03:26:00+00:00,"LC-9, Taiyuan Satellite Launch Center, China",Unknown,2019,9,12,Thursday,3,7,181,7,41
Long March 11 | Zhuhai-1 Group 03,CASC,Long March 11,Launch Successful,2019-09-19 06:42:00+00:00,"Site 95, Jiuquan Satellite Launch Center, China",Unknown,2019,9,19,Thursday,6,7,161,7,120
Long March 3B/YZ-1 | BeiDou-3 M23 & M24,CASC,Long March 3B/YZ-1,Launch Successful,2019-09-22 21:10:00+00:00,"LC-2, Xichang Satellite Launch Center, China",Unknown,2019,9,22,Sunday,21,7,176,7,29
H-IIB | HTV-8,MHI,H-IIB,Launch Successful,2019-09-24 16:05:00+00:00,"LA-Y2, Tanegashima Space Center, Japan",Unknown,2019,9,24,Tuesday,16,32,148,7,18
Long March 2D | Yunhai-1-02,CASC,Long March 2D,Launch Successful,2019-09-25 00:54:00+00:00,"Site 9401 (SLS-2), Jiuquan Satellite Launch Center, China",Unknown,2019,9,25,Wednesday,0,7,166,7,119
Soyuz FG | Soyuz MS-15 (61S),Roscosmos,Soyuz FG,Launch Successful,2019-09-25 13:57:00+00:00,"Site 1/5, Baikonur Cosmodrome, Kazakhstan",Unknown,2019,9,25,Wednesday,13,42,267,7,83
Soyuz 2.1b/Fregat | Cosmos 2541,VKS RF,Soyuz 2.1b/Fregat,Launch Successful,2019-09-26 07:46:00+00:00,"Site 43/4, Plesetsk Cosmodrome, Russia",Unknown,2019,9,26,Thursday,7,51,263,7,109
Long March 4C | Gaofen 10 (Replacement),CASC,Long March 4C,Launch Successful,2019-10-04 18:51:00+00:00,"LC-9, Taiyuan Satellite Launch Center, China",Unknown,2019,10,4,Friday,18,7,182,7,41
Proton-M/Briz-M | Eutelsat 5 West B & MEV-1,ILS,Proton-M/Briz-M,Launch Successful,2019-10-09 10:17:00+00:00,"Site 200/39, Baikonur Cosmodrome, Kazakhstan",Unknown,2019,10,9,Wednesday,10,19,231,7,99
Pegasus XL | ICON,Northrop,Pegasus XL,Launch Successful,2019-10-11 01:59:00+00:00,"Stargazer, Cape Canaveral AFS, Florida, USA",Unknown,2019,10,11,Friday,1,36,222,7,122
Electron/Curie | As The Crow Flies,Rocket Lab,Electron/Curie,Launch Successful,2019-10-17 01:22:00+00:00,"Rocket Lab LC-1A, M?hia Peninsula, New Zealand",Unknown,2019,10,17,Thursday,1,41,120,7,56
Long March 3B/E | TJSW-4,CASC,Long March 3B/E,Launch Successful,2019-10-17 15:21:00+00:00,"LC-3, Xichang Satellite Launch Center, China",Unknown,2019,10,17,Thursday,15,7,175,7,32
SARGE | Launch 4,Exos,SARGE,Launch Failure,2019-10-26 17:40:00+00:00,"Vertical Launch Area, Spaceport America, New Mexico",Unknown,2019,10,26,Saturday,17,16,235,7,131
Antares 230+ | CRS NG-12,Northrop,Antares 230+,Launch Successful,2019-11-02 13:59:00+00:00,"LP-0A, Wallops Flight Facility, Virginia, USA",Cargo,2019,11,2,Saturday,13,36,7,0,43
Long March 4B | Gaofen-7,CASC,Long March 4B,Launch Successful,2019-11-03 03:22:00+00:00,"LC-9, Taiyuan Satellite Launch Center, China",Unknown,2019,11,3,Sunday,3,7,181,7,41
Long March 3B/E | Beidou-3 IGSO-3,CASC,Long March 3B/E,Launch Successful,2019-11-04 17:43:00+00:00,"LC-2, Xichang Satellite Launch Center, China",Unknown,2019,11,4,Monday,17,7,175,7,29
Falcon 9 Block 5 | Starlink V1 L1,SpaceX,Falcon 9 Block 5,Launch Successful,2019-11-11 14:56:00+00:00,"SLC-40, Cape Canaveral AFS, Florida, USA",Communications,2019,11,11,Monday,14,45,131,1,69
Kuaizhou 1A | Jilin 1-02A,ExPace,Kuaizhou 1A,Launch Successful,2019-11-13 03:40:00+00:00,"Site 95, Jiuquan Satellite Launch Center, China",Unknown,2019,11,13,Wednesday,3,15,157,7,120
Long March 6 | Ningxia-1 (x5),CASC,Long March 6,Launch Successful,2019-11-13 06:35:00+00:00,"LC-16, Taiyuan Satellite Launch Center, China",Unknown,2019,11,13,Wednesday,6,7,186,7,25
"Kuaizhou 1A | KL-Alpha A, KL-Alpha B",ExPace,Kuaizhou 1A,Launch Successful,2019-11-17 10:00:00+00:00,"Site 95, Jiuquan Satellite Launch Center, China",Unknown,2019,11,17,Sunday,10,15,157,7,120
Long March 3B/YZ-1 | BeiDou-3 M21 & M22,CASC,Long March 3B/YZ-1,Launch Successful,2019-11-23 00:55:00+00:00,"LC-3, Xichang Satellite Launch Center, China",Unknown,2019,11,23,Saturday,0,7,176,7,32
Soyuz 2.1v/Volga | Cosmos 2542 & 2543,VKS RF,Soyuz 2.1v/Volga,Launch Successful,2019-11-25 17:52:00+00:00,"Site 43/4, Plesetsk Cosmodrome, Russia",Unknown,2019,11,25,Monday,17,51,266,7,109
Ariane 5 ECA | Inmarsat 5 F5 & TIBA-1,Arianespace,Ariane 5 ECA,Launch Successful,2019-11-26 21:23:00+00:00,"ELA-3, Guiana Space Centre, French Guiana, France",Unknown,2019,11,26,Tuesday,21,3,18,7,5
PSLV-XL | Cartosat-3 & Rideshares,ISRO,PSLV-XL,Launch Successful,2019-11-27 03:58:00+00:00,"Second Launch Pad, Satish Dhawan Space Centre, India",Unknown,2019,11,27,Wednesday,3,23,220,7,82
Long March 4C | Gaofen-12,CASC,Long March 4C,Launch Successful,2019-11-27 23:52:00+00:00,"LC-9, Taiyuan Satellite Launch Center, China",Unknown,2019,11,27,Wednesday,23,7,182,7,41
Falcon 9 Block 5 | CRS-19,SpaceX,Falcon 9 Block 5,Launch Successful,2019-12-05 17:29:00+00:00,"SLC-40, Cape Canaveral AFS, Florida, USA",Cargo,2019,12,5,Thursday,17,45,131,0,69
Electron/Curie | Running Out Of Fingers,Rocket Lab,Electron/Curie,Launch Successful,2019-12-06 08:18:00+00:00,"Rocket Lab LC-1A, M?hia Peninsula, New Zealand",Unknown,2019,12,6,Friday,8,41,120,7,56
Soyuz 2.1a | Progress MS-13 (74P),Roscosmos,Soyuz 2.1a,Launch Successful,2019-12-06 09:34:00+00:00,"Site 31/6, Baikonur Cosmodrome, Kazakhstan",Unknown,2019,12,6,Friday,9,42,258,7,101
Kuaizhou 1A | Jilin-1 Gaofen-02B,ExPace,Kuaizhou 1A,Launch Successful,2019-12-07 02:55:00+00:00,"Taiyuan Satellite Launch Center, China",Unknown,2019,12,7,Saturday,2,15,157,7,128
Kuaizhou 1A | HEAD-2A/B / SpaceTY 16/17 / Tianqi 4A/B,ExPace,Kuaizhou 1A,Launch Successful,2019-12-07 08:52:00+00:00,"Site 9401 (SLS-2), Jiuquan Satellite Launch Center, China",Unknown,2019,12,7,Saturday,8,15,157,7,119
Soyuz 2.1b/Fregat | Cosmos 2544,VKS RF,Soyuz 2.1b/Fregat,Launch Successful,2019-12-11 08:54:00+00:00,"Site 43/3, Plesetsk Cosmodrome, Russia",Unknown,2019,12,11,Wednesday,8,51,263,7,108
PSLV-QL | RISAT 2BR1,ISRO,PSLV-QL,Launch Successful,2019-12-11 09:55:00+00:00,"First Launch Pad, Satish Dhawan Space Centre, India",Unknown,2019,12,11,Wednesday,9,23,219,7,9
New Shepard | NS-12,Blue Origin,New Shepard,Launch Successful,2019-12-11 17:55:00+00:00,"Blue Origin Launch Site, West Texas, Texas, USA",Unknown,2019,12,11,Wednesday,17,5,214,7,0
Long March 3B/YZ-1 | BeiDou-3 M19 & M20,CASC,Long March 3B/YZ-1,Launch Successful,2019-12-16 07:22:00+00:00,"LC-3, Xichang Satellite Launch Center, China",Unknown,2019,12,16,Monday,7,7,176,7,32
Falcon 9 Block 5 | JCSAT-18 / Kacific-1,SpaceX,Falcon 9 Block 5,Launch Successful,2019-12-17 00:10:00+00:00,"SLC-40, Cape Canaveral AFS, Florida, USA",Unknown,2019,12,17,Tuesday,0,45,131,7,69
"Soyuz ST-A/Fregat-M | CSG-1, CHEOPS & Others",Arianespace,Soyuz ST-A/Fregat-M,Launch Successful,2019-12-18 08:54:00+00:00,"ELS, Guiana Space Centre, French Guiana, France",Unknown,2019,12,18,Wednesday,8,3,272,7,7
"Long March 4B | CBERS-4A, ETRSS-1 & Others",CASC,Long March 4B,Launch Successful,2019-12-20 03:22:00+00:00,"LC-9, Taiyuan Satellite Launch Center, China",Unknown,2019,12,20,Friday,3,7,181,7,41
Atlas V N22 | Starliner OFT,ULA,Atlas V N22,Launch Successful,2019-12-20 11:36:00+00:00,"SLC-41, Cape Canaveral AFS, Florida, USA",Unknown,2019,12,20,Friday,11,47,41,7,70
Proton-M/DM-3 | Elektro-L n†­3,Roscosmos,Proton-M/DM-3,Launch Successful,2019-12-24 12:03:00+00:00,"Site 81/24, Baikonur Cosmodrome, Kazakhstan",Unknown,2019,12,24,Tuesday,12,42,232,7,114
"Rokot/Briz KM | Gonets-M ???24, 25, 26 [block-15] & Blits-M1",VKS RF,Rokot/Briz KM,Launch Successful,2019-12-26 23:11:00+00:00,"Site 133/3, Plesetsk Cosmodrome, Russia",Unknown,2019,12,26,Thursday,23,51,234,7,90
Long March 5 | Shijian-20,CASC,Long March 5,Launch Successful,2019-12-27 12:45:00+00:00,"LC-101, Wenchang Satellite Launch Center, China",Unknown,2019,12,27,Friday,12,7,183,7,20
Falcon 9 Block 5 | Starlink V1 L2,SpaceX,Falcon 9 Block 5,Launch Successful,2020-01-07 02:19:00+00:00,"SLC-40, Cape Canaveral AFS, Florida, USA",Communications,2020,1,7,Tuesday,2,45,131,1,69
Long March 3B/E | TJSW-5,CASC,Long March 3B/E,Launch Successful,2020-01-07 15:20:00+00:00,"LC-2, Xichang Satellite Launch Center, China",Unknown,2020,1,7,Tuesday,15,7,175,7,29
Long March 2D | Jilin-1 Wideband 01 & ??uSat-7/8,CASC,Long March 2D,Launch Successful,2020-01-15 02:53:00+00:00,"LC-9, Taiyuan Satellite Launch Center, China",Unknown,2020,1,15,Wednesday,2,7,166,7,41
Kuaizhou 1A | Yinhe-1,ExPace,Kuaizhou 1A,Launch Successful,2020-01-16 03:02:00+00:00,"Site 95, Jiuquan Satellite Launch Center, China",Unknown,2020,1,16,Thursday,3,15,157,7,120
Ariane 5 ECA | Eutelsat Konnect BB4A & GSAT-30,Arianespace,Ariane 5 ECA,Launch Successful,2020-01-16 21:05:00+00:00,"ELA-3, Guiana Space Centre, French Guiana, France",Unknown,2020,1,16,Thursday,21,3,18,7,5
Falcon 9 Block 5 | Crew Dragon Inflight Abort Test,SpaceX,Falcon 9 Block 5,Launch Successful,2020-01-19 15:30:00+00:00,"LC-39A, Kennedy Space Center, Florida, USA",Crewed,2020,1,19,Sunday,15,45,131,2,34
Falcon 9 Block 5 | Starlink V1 L3,SpaceX,Falcon 9 Block 5,Launch Successful,2020-01-29 14:06:00+00:00,"SLC-40, Cape Canaveral AFS, Florida, USA",Communications,2020,1,29,Wednesday,14,45,131,1,69
Electron/Curie | Birds of a Feather / NROL-151,Rocket Lab,Electron/Curie,Launch Successful,2020-01-31 02:56:00+00:00,"Rocket Lab LC-1A, M?hia Peninsula, New Zealand",Military,2020,1,31,Friday,2,41,120,4,56
Soyuz 2.1b/Fregat | OneWeb #2,Arianespace,Soyuz 2.1b/Fregat,Launch Successful,2020-02-06 21:42:00+00:00,"Site 31/6, Baikonur Cosmodrome, Kazakhstan",Communications,2020,2,6,Thursday,21,3,263,1,101
H-IIA 202 | IGS-Optical 7,MHI,H-IIA 202,Launch Successful,2020-02-09 01:34:00+00:00,"LA-Y1, Tanegashima Space Center, Japan",Unknown,2020,2,9,Sunday,1,32,144,7,17
Simorgh | Zafar 1,ISA,Simorgh,Launch Failure,2020-02-09 15:48:00+00:00,"Imam Khomeini Spaceport, Semnan Space Center, Iran",Unknown,2020,2,9,Sunday,15,21,256,7,10
Atlas V 411 | Solar Orbiter,ULA,Atlas V 411,Launch Successful,2020-02-10 04:03:00+00:00,"SLC-41, Cape Canaveral AFS, Florida, USA",Unknown,2020,2,10,Monday,4,47,33,7,70
Antares 230+ | CRS NG-13,Northrop,Antares 230+,Launch Successful,2020-02-15 20:21:00+00:00,"LP-0A, Wallops Flight Facility, Virginia, USA",Cargo,2020,2,15,Saturday,20,36,7,0,43
Falcon 9 Block 5 | Starlink V1 L4,SpaceX,Falcon 9 Block 5,Launch Successful,2020-02-17 15:05:00+00:00,"SLC-40, Cape Canaveral AFS, Florida, USA",Communications,2020,2,17,Monday,15,45,131,1,69
Ariane 5 ECA | JCSAT-17 & GEO-KOMPSAT 2B,Arianespace,Ariane 5 ECA,Launch Successful,2020-02-18 22:18:00+00:00,"ELA-3, Guiana Space Centre, French Guiana, France",Unknown,2020,2,18,Tuesday,22,3,18,7,5
Long March 2D | XJS-C to F,CASC,Long March 2D,Launch Successful,2020-02-19 21:07:00+00:00,"LC-3, Xichang Satellite Launch Center, China",Unknown,2020,2,19,Wednesday,21,7,166,7,32
Soyuz 2.1a/Fregat-M | Meridian-M n†­19L,VKS RF,Soyuz 2.1a/Fregat-M,Launch Successful,2020-02-20 08:24:00+00:00,"Site 43/3, Plesetsk Cosmodrome, Russia",Unknown,2020,2,20,Thursday,8,51,260,7,108
Falcon 9 Block 5 | CRS-20,SpaceX,Falcon 9 Block 5,Launch Successful,2020-03-07 04:50:00+00:00,"SLC-40, Cape Canaveral AFS, Florida, USA",Cargo,2020,3,7,Saturday,4,45,131,0,69
Long March 3B/E | Beidou-3 G2,CASC,Long March 3B/E,Launch Successful,2020-03-09 11:55:00+00:00,"LC-2, Xichang Satellite Launch Center, China",Unknown,2020,3,9,Monday,11,7,175,7,29
Long March 7A | XJY-6,CASC,Long March 7A,Launch Failure,2020-03-16 13:34:00+00:00,"LC-201, Wenchang Satellite Launch Center, China",Unknown,2020,3,16,Monday,13,7,188,7,30
Soyuz 2.1b/Fregat-M | Cosmos 2545,VKS RF,Soyuz 2.1b/Fregat-M,Launch Successful,2020-03-16 18:28:00+00:00,"Site 43/4, Plesetsk Cosmodrome, Russia",Unknown,2020,3,16,Monday,18,51,264,7,109
Falcon 9 Block 5 | Starlink V1 L5,SpaceX,Falcon 9 Block 5,Launch Successful,2020-03-18 12:16:00+00:00,"LC-39A, Kennedy Space Center, Florida, USA",Communications,2020,3,18,Wednesday,12,45,131,1,34
Soyuz 2.1b/Fregat | OneWeb #3,Arianespace,Soyuz 2.1b/Fregat,Launch Successful,2020-03-21 17:06:00+00:00,"Site 31/6, Baikonur Cosmodrome, Kazakhstan",Communications,2020,3,21,Saturday,17,3,263,1,101
Long March 2C | Yaogan-30-06,CASC,Long March 2C,Launch Successful,2020-03-24 03:43:00+00:00,"LC-3, Xichang Satellite Launch Center, China",Unknown,2020,3,24,Tuesday,3,7,164,7,32
Atlas V 551 | AEHF 6,ULA,Atlas V 551,Launch Successful,2020-03-26 20:18:00+00:00,"SLC-41, Cape Canaveral AFS, Florida, USA",Unknown,2020,3,26,Thursday,20,47,40,7,70
Soyuz 2.1a | Soyuz MS-16,Roscosmos,Soyuz 2.1a,Launch Successful,2020-04-09 08:05:00+00:00,"Site 31/6, Baikonur Cosmodrome, Kazakhstan",Unknown,2020,4,9,Thursday,8,42,258,7,101
Long March 3B/E | Nusantara Dua,CASC,Long March 3B/E,Launch Failure,2020-04-09 11:46:00+00:00,"LC-2, Xichang Satellite Launch Center, China",Unknown,2020,4,9,Thursday,11,7,175,7,29
Qased | Noor 1,IRGC,Qased,Launch Successful,2020-04-22 03:59:00+00:00,"Launch Plateform, Shahrud Missile Test Site",Unknown,2020,4,22,Wednesday,3,20,233,7,46
Falcon 9 Block 5 | Starlink V1 L6,SpaceX,Falcon 9 Block 5,Launch Successful,2020-04-22 19:30:00+00:00,"LC-39A, Kennedy Space Center, Florida, USA",Communications,2020,4,22,Wednesday,19,45,131,1,34
Soyuz 2.1a | Progress MS-14,Roscosmos,Soyuz 2.1a,Launch Successful,2020-04-25 01:51:00+00:00,"Site 31/6, Baikonur Cosmodrome, Kazakhstan",Unknown,2020,4,25,Saturday,1,42,258,7,101
Long March 5B | Test Flight (New Crew Capsule),CASC,Long March 5B,Launch Successful,2020-05-05 10:00:00+00:00,"LC-101, Wenchang Satellite Launch Center, China",Crewed,2020,5,5,Tuesday,10,7,185,2,20
Kuaizhou 1A | Xingyun-2 01 (Wuhan) & 02,ExPace,Kuaizhou 1A,Launch Successful,2020-05-12 01:16:00+00:00,"Site 95, Jiuquan Satellite Launch Center, China",Unknown,2020,5,12,Tuesday,1,15,157,7,120
Atlas V 501 | OTV-6 (USSF-7),ULA,Atlas V 501,Launch Successful,2020-05-17 13:14:00+00:00,"SLC-41, Cape Canaveral AFS, Florida, USA",Unknown,2020,5,17,Sunday,13,47,36,7,70
H-IIB | HTV-9,MHI,H-IIB,Launch Successful,2020-05-20 17:31:00+00:00,"LA-Y2, Tanegashima Space Center, Japan",Unknown,2020,5,20,Wednesday,17,32,148,7,18
Soyuz 2.1b/Fregat-M | Cosmos 2546,VKS RF,Soyuz 2.1b/Fregat-M,Launch Successful,2020-05-22 07:31:00+00:00,"Site 43/4, Plesetsk Cosmodrome, Russia",Unknown,2020,5,22,Friday,7,51,264,7,109
LauncherOne | Demo Flight,Virgin Orbit,LauncherOne,Launch Failure,2020-05-25 19:50:00+00:00,"Cosmic Girl, Mojave Air and Space Port, California, USA",Unknown,2020,5,25,Monday,19,52,159,7,2
Long March 11 | XJS-G and XJS-H,CASC,Long March 11,Launch Successful,2020-05-29 20:13:00+00:00,"Xichang Satellite Launch Center, China",Unknown,2020,5,29,Friday,20,7,161,7,132
Falcon 9 Block 5 | SpaceX Demo-2,SpaceX,Falcon 9 Block 5,Launch Successful,2020-05-30 19:22:00+00:00,"LC-39A, Kennedy Space Center, Florida, USA",Unknown,2020,5,30,Saturday,19,45,131,7,34
Long March 2D | Gaofen-9-02 & HEAD-4,CASC,Long March 2D,Launch Successful,2020-05-31 08:53:00+00:00,"Site 9401 (SLS-2), Jiuquan Satellite Launch Center, China",Unknown,2020,5,31,Sunday,8,7,166,7,119
Falcon 9 Block 5 | Starlink V1 L7,SpaceX,Falcon 9 Block 5,Launch Successful,2020-06-04 01:25:00+00:00,"SLC-40, Cape Canaveral AFS, Florida, USA",Communications,2020,6,4,Thursday,1,45,131,1,69
Long March 2C | Haiyang-1D,CASC,Long March 2C,Launch Successful,2020-06-10 18:31:00+00:00,"LC-9, Taiyuan Satellite Launch Center, China",Unknown,2020,6,10,Wednesday,18,7,164,7,41
Electron/Curie | Don't stop me now!,Rocket Lab,Electron/Curie,Launch Successful,2020-06-13 05:12:00+00:00,"Rocket Lab LC-1A, M?hia Peninsula, New Zealand",Unknown,2020,6,13,Saturday,5,41,120,7,56
Falcon 9 Block 5 | Starlink V1 L8 & SkySat 16 to 18,SpaceX,Falcon 9 Block 5,Launch Successful,2020-06-13 09:21:00+00:00,"SLC-40, Cape Canaveral AFS, Florida, USA",Communications,2020,6,13,Saturday,9,45,131,1,69
"Long March 2D | Gaofen-9 03, Pixing III A & HEAD-5",CASC,Long March 2D,Launch Successful,2020-06-17 07:19:00+00:00,"Site 9401 (SLS-2), Jiuquan Satellite Launch Center, China",Unknown,2020,6,17,Wednesday,7,7,166,7,119
Long March 3B/E | Beidou-3 G3,CASC,Long March 3B/E,Launch Successful,2020-06-23 01:43:00+00:00,"LC-2, Xichang Satellite Launch Center, China",Unknown,2020,6,23,Tuesday,1,7,175,7,29
Falcon 9 Block 5 | GPS III SV03,SpaceX,Falcon 9 Block 5,Launch Successful,2020-06-30 20:10:00+00:00,"SLC-40, Cape Canaveral AFS, Florida, USA",Navigation,2020,6,30,Tuesday,20,45,131,5,69
Long March 4B | Gaofen Duomo & BY-02,CASC,Long March 4B,Launch Successful,2020-07-03 03:10:00+00:00,"LC-9, Taiyuan Satellite Launch Center, China",Unknown,2020,7,3,Friday,3,7,181,7,41
Electron/Curie | Pics Or It Didn??¦t Happen,Rocket Lab,Electron/Curie,Launch Failure,2020-07-04 21:19:00+00:00,"Rocket Lab LC-1A, M?hia Peninsula, New Zealand",Unknown,2020,7,4,Saturday,21,41,120,7,56
Long March 2D | Shiyan-6 02,CASC,Long March 2D,Launch Successful,2020-07-04 23:44:00+00:00,"Site 9401 (SLS-2), Jiuquan Satellite Launch Center, China",Unknown,2020,7,4,Saturday,23,7,166,7,119
Shavit-2 | Ofek-16,IAI,Shavit-2,Launch Successful,2020-07-06 01:00:00+00:00,"Pad 1, Palmachim Airbase, Israel",Unknown,2020,7,6,Monday,1,18,254,7,52
Long March 3B/E | Apstar-6D,CASC,Long March 3B/E,Launch Successful,2020-07-09 12:11:00+00:00,"LC-3, Xichang Satellite Launch Center, China",Unknown,2020,7,9,Thursday,12,7,175,7,32
"Kuaizhou 11 | Jilin-1 02E, CentiSpace-1 S2",ExPace,Kuaizhou 11,Launch Failure,2020-07-10 04:17:00+00:00,"Site 95, Jiuquan Satellite Launch Center, China",Unknown,2020,7,10,Friday,4,15,156,7,120
Minotaur IV | NROL-129,Northrop,Minotaur IV,Launch Successful,2020-07-15 13:46:00+00:00,"LP-0B, Wallops Flight Facility, Virginia, USA",Military,2020,7,15,Wednesday,13,36,192,4,44
H-IIA 202 | Hope Mars Mission,JAXA,H-IIA 202,Launch Successful,2020-07-19 21:58:00+00:00,"LA-Y1, Tanegashima Space Center, Japan",Unknown,2020,7,19,Sunday,21,24,144,7,17
Falcon 9 Block 5 | ANASIS-II,SpaceX,Falcon 9 Block 5,Launch Successful,2020-07-20 21:30:00+00:00,"SLC-40, Cape Canaveral AFS, Florida, USA",Unknown,2020,7,20,Monday,21,45,131,7,69
Long March 5 | Tianwen-1,CASC,Long March 5,Launch Successful,2020-07-23 04:41:00+00:00,"LC-101, Wenchang Satellite Launch Center, China",Unknown,2020,7,23,Thursday,4,7,183,7,20
Soyuz 2.1a | Progress MS-15,Roscosmos,Soyuz 2.1a,Launch Successful,2020-07-23 14:26:00+00:00,"Site 31/6, Baikonur Cosmodrome, Kazakhstan",Unknown,2020,7,23,Thursday,14,42,258,7,101
"Long March 4B | Ziyuan-3 03, Apocalypse-10 & NJU-HKU 1",CASC,Long March 4B,Launch Successful,2020-07-25 03:13:00+00:00,"LC-9, Taiyuan Satellite Launch Center, China",Unknown,2020,7,25,Saturday,3,7,181,7,41
Atlas V 541 | Perseverance,ULA,Atlas V 541,Launch Successful,2020-07-30 11:50:00+00:00,"SLC-41, Cape Canaveral AFS, Florida, USA",Unknown,2020,7,30,Thursday,11,47,39,7,70
Proton-M/Briz-M | Ekspress-80 & Ekspress-103,Roscosmos,Proton-M/Briz-M,Launch Successful,2020-07-30 21:25:00+00:00,"Site 200/39, Baikonur Cosmodrome, Kazakhstan",Unknown,2020,7,30,Thursday,21,42,231,7,99
Starship Prototype | 150 Meter Hop,SpaceX,Starship Prototype,Launch Successful,2020-08-04 23:57:00+00:00,"Pad A, Boca Chica, Texas, USA",Unknown,2020,8,4,Tuesday,23,45,283,7,55
Long March 2D | Gaofen-9 04 & Q-SAT,CASC,Long March 2D,Launch Successful,2020-08-06 04:01:00+00:00,"Site 9401 (SLS-2), Jiuquan Satellite Launch Center, China",Unknown,2020,8,6,Thursday,4,7,166,7,119
Falcon 9 Block 5 | Starlink V1 L9 & BlackSky,SpaceX,Falcon 9 Block 5,Launch Successful,2020-08-07 05:12:00+00:00,"LC-39A, Kennedy Space Center, Florida, USA",Communications,2020,8,7,Friday,5,45,131,1,34
